{"data":{"cpc_offset":0,"filter":{"list":[{"fcid":"10057922","sort":"pop","style":null,"title":"\u6d41\u884c","type":"sort"},{"fcid":"10057922","sort":"sell","style":null,"title":"\u70ed\u9500","type":"sort"},{"fcid":"10057922","sort":"new","style":null,"title":"\u4e0a\u65b0","type":"sort"}],"title":"\u7f8e\u4e3d\u8bf4wap\u9996\u9875"},"isEnd":false,"list":[{"acm":"3.ms.0_4_1m93p4u.0.13386-69004.s026vr4QNwSkg.t_-sd_117-lc_16","cfav":0,"clientUrl":"http://item.meilishuo.com/h5/detail/1m93p4u?acm=3.ms.0_4_1m93p4u.0.13386-69004.s026vr4QNwSkg.t_-sd_117-lc_16","cparam":null,"iid":"1m93p4u","itemMarks":"-1","itemType":5,"leftbottom_taglist":[],"lefttop_taglist":[],"link":"http://item.meilishuo.com/h5/detail/1m93p4u?acm=3.ms.0_4_1m93p4u.0.13386-69004.s026vr4QNwSkg.t_-sd_117-lc_16","orgPrice":"\uffe5140.00","popularStar":0,"price":"98.00","props":["\u656c\u9152\u670d\u65b0\u5a182018\u65b0\u6b3e\u6625\u79cb\u5b63\u7ed3\u5a5a\u793c\u670d\u7ea2\u8272\u9c7c\u5c3e\u5305\u81c0\u8fde\u8863\u88d9\u56de\u95e8\u665a\u793c\u670d"],"ptpC":"_mb_mls_10057922_wap-index_noab-noab","sale":0,"shopId":107897,"show":{"h":416,"img":"http://s11.mogucdn.com/mlcdn/c45406/180927_5l59l9i252b2icj9lic1i4l6g2fae_640x960.jpg_320x999.jpg","w":320},"showLarge":{"h":840,"img":"http://s11.mogucdn.com/mlcdn/c45406/180927_5l59l9i252b2icj9lic1i4l6g2fae_640x960.jpg_560x999.jpg","w":560},"title":"\u656c\u9152\u670d\u65b0\u5a182018\u65b0\u6b3e\u6625\u79cb\u5b63\u7ed3\u5a5a\u793c\u670d\u7ea2\u8272\u9c7c\u5c3e\u5305\u81c0\u8fde\u8863\u88d9\u56de\u95e8\u665a\u793c\u670d","titleTags":null,"type":2},{"acm":"3.ms.0_4_1m93p1c.0.13386-69004.s026vr4QNwSkg.t_-sd_117-lc_16","cfav":0,"clientUrl":"http://item.meilishuo.com/h5/detail/1m93p1c?acm=3.ms.0_4_1m93p1c.0.13386-69004.s026vr4QNwSkg.t_-sd_117-lc_16","cparam":null,"iid":"1m93p1c","itemMarks":"-1","itemType":5,"leftbottom_taglist":[],"lefttop_taglist":[],"link":"http://item.meilishuo.com/h5/detail/1m93p1c?acm=3.ms.0_4_1m93p1c.0.13386-69004.s026vr4QNwSkg.t_-sd_117-lc_16","orgPrice":"\uffe598.58","popularStar":0,"price":"69.00","props":["2018\u79cb\u5b63\u65b0\u6b3e\u97e9\u7248\u5973\u5957\u88c5\u53cc\u9762\u5462\u5916\u5957\u9ad8\u8170\u534a\u8eab\u77ed\u88d9\u88e4\u5b50\u4e09\u4ef6\u5957"],"ptpC":"_mb_mls_10057922_wap-index_noab-noab","sale":0,"shopId":21949984,"show":{"h":416,"img":"http://s11.mogucdn.com/mlcdn/c45406/180927_1ili2a8l27gjijhi22f3dc24d139j_640x900.jpg_320x999.jpg","w":320},"showLarge":{"h":788,"img":"http://s3.mogucdn.com/mlcdn/c45406/180927_1ili2a8l27gjijhi22f3dc24d139j_640x900.jpg_560x999.jpg","w":560},"title":"2018\u79cb\u5b63\u65b0\u6b3e\u97e9\u7248\u5973\u5957\u88c5\u53cc\u9762\u5462\u5916\u5957\u9ad8\u8170\u534a\u8eab\u77ed\u88d9\u88e4\u5b50\u4e09\u4ef6\u5957","titleTags":null,"type":2},{"acm":"3.ms.2_1_1m901la.0.70871-69004.s026vr4QNwSkg.sd_117-c_2_32_443337876_0_1_0-t_-c1_10057922_nil_nil_0_0_38_0-lc_32","cfav":"1","clientUrl":"http://item.meilishuo.com/h5/detail/1m901la?acm=3.ms.2_1_1m901la.0.70871-69004.s026vr4QNwSkg.sd_117-c_2_32_443337876_0_1_0-t_-c1_10057922_nil_nil_0_0_38_0-lc_32&cparam=MTUzODA1MTA2Nl8xZW53amZrX2EzZThmMDg4ZTM4YTBlNTc4NTk0M2I1MjFmMGVmNTAzXzMyXzBfNDQzMzM3ODc2XzBfMF8xXzBfOTgxXzBfMA==","cparam":"MTUzODA1MTA2Nl8xZW53amZrX2EzZThmMDg4ZTM4YTBlNTc4NTk0M2I1MjFmMGVmNTAzXzMyXzBfNDQzMzM3ODc2XzBfMF8xXzBfOTgxXzBfMA==","iid":"1m901la","itemMarks":"1525","itemType":7,"leftbottom_taglist":["http://s2.mogucdn.com/p2/170307/1_53je1gbj88bjheidae4al1le4h94i_60x28.png"],"lefttop_taglist":[],"link":"http://item.meilishuo.com/h5/detail/1m901la?acm=3.ms.2_1_1m901la.0.70871-69004.s026vr4QNwSkg.sd_117-c_2_32_443337876_0_1_0-t_-c1_10057922_nil_nil_0_0_38_0-lc_32&cparam=MTUzODA1MTA2Nl8xZW53amZrX2EzZThmMDg4ZTM4YTBlNTc4NTk0M2I1MjFmMGVmNTAzXzMyXzBfNDQzMzM3ODc2XzBfMF8xXzBfOTgxXzBfMA==","orgPrice":"\uffe549.00","popularStar":null,"price":"49.00","props":["\u52a0\u7ed2\u52a0\u539a\u88e4\u5b50\u5973\u79cb\u51ac2018\u65b0\u6b3e\u5b66\u751f\u97e9\u7248\u5bbd\u677e\u663e\u7626\u4f11\u95f2\u54c8\u4f26\u8fd0\u52a8\u536b\u88e4\u79cb"],"ptpC":"_mb_mls_10057922_wap-index_noab-noab","sale":"1","shopId":"1302414647","show":{"h":416,"img":"http://s11.mogucdn.com/mlcdn/55cf19/180925_6bdiibf87e046d836dcjie5l40fk1_641x641.jpg_320x999.jpg","w":320},"showLarge":{"h":560,"img":"http://s11.mogucdn.com/mlcdn/55cf19/180925_6bdiibf87e046d836dcjie5l40fk1_641x641.jpg_560x999.jpg","w":560},"title":"\u52a0\u7ed2\u52a0\u539a\u88e4\u5b50\u5973\u79cb\u51ac2018\u65b0\u6b3e\u5b66\u751f\u97e9\u7248\u5bbd\u677e\u663e\u7626\u4f11\u95f2\u54c8\u4f26\u8fd0\u52a8\u536b\u88e4\u79cb","titleTags":null,"type":2},{"acm":"3.ms.2_1_1m8xdiw.0.70871-69004.s026vr4QNwSkg.sd_117-c_2_32_442803489_2041239_2_0-t_-c1_10057922_nil_nil_0_2041239_30_0-lc_32","cfav":"3","clientUrl":"http://item.meilishuo.com/h5/detail/1m8xdiw?acm=3.ms.2_1_1m8xdiw.0.70871-69004.s026vr4QNwSkg.sd_117-c_2_32_442803489_2041239_2_0-t_-c1_10057922_nil_nil_0_2041239_30_0-lc_32&cparam=MTUzODA1MTA2Nl8xZW45bXJlX2MzNmFmYzhkYWMyYTgwY2ExNDVkYjY2NWM3ZDI5NzQ1XzMyXzFfNDQyODAzNDg5XzBfMjA0MTIzOV8yXzBfMjE4XzBfMA==","cparam":"MTUzODA1MTA2Nl8xZW45bXJlX2MzNmFmYzhkYWMyYTgwY2ExNDVkYjY2NWM3ZDI5NzQ1XzMyXzFfNDQyODAzNDg5XzBfMjA0MTIzOV8yXzBfMjE4XzBfMA==","iid":"1m8xdiw","itemMarks":"-1","itemType":7,"leftbottom_taglist":["http://s2.mogucdn.com/p2/170307/1_5k6k8eiffl43633479294a49f8gci_60x28.png"],"lefttop_taglist":[],"link":"http://item.meilishuo.com/h5/detail/1m8xdiw?acm=3.ms.2_1_1m8xdiw.0.70871-69004.s026vr4QNwSkg.sd_117-c_2_32_442803489_2041239_2_0-t_-c1_10057922_nil_nil_0_2041239_30_0-lc_32&cparam=MTUzODA1MTA2Nl8xZW45bXJlX2MzNmFmYzhkYWMyYTgwY2ExNDVkYjY2NWM3ZDI5NzQ1XzMyXzFfNDQyODAzNDg5XzBfMjA0MTIzOV8yXzBfMjE4XzBfMA==","orgPrice":"\uffe546.86","popularStar":null,"price":"46.86","props":["2018\u6625\u79cb\u65b0\u6b3e\u97e9\u7248\u80d6mm\u52a0\u80a5\u52a0\u5927\u7801200\u65a4\u523a\u7ee3\u5b57\u6bcd\u6253\u5e95\u886b\u5bbd\u677e\u663e\u7626\u957f\u8896t\u6064\u4e0a\u8863"],"ptpC":"_mb_mls_10057922_wap-index_noab-noab","sale":"0","shopId":"1302415013","show":{"h":416,"img":"http://s3.mogucdn.com/mlcdn/17f85e/180923_7b30c16he2lfdidb6e826kih8eaki_640x960.jpg_320x999.jpg","w":320},"showLarge":{"h":840,"img":"http://s11.mogucdn.com/mlcdn/17f85e/180923_7b30c16he2lfdidb6e826kih8eaki_640x960.jpg_560x999.jpg","w":560},"title":"2018\u6625\u79cb\u65b0\u6b3e\u97e9\u7248\u80d6mm\u52a0\u80a5\u52a0\u5927\u7801200\u65a4\u523a\u7ee3\u5b57\u6bcd\u6253\u5e95\u886b\u5bbd\u677e\u663e\u7626\u957f\u8896t\u6064\u4e0a\u8863","titleTags":null,"type":2},{"acm":"3.ms.0_4_1m93oze.0.13386-69004.s026vr4QNwSkg.t_-sd_117-lc_16","cfav":0,"clientUrl":"http://item.meilishuo.com/h5/detail/1m93oze?acm=3.ms.0_4_1m93oze.0.13386-69004.s026vr4QNwSkg.t_-sd_117-lc_16","cparam":null,"iid":"1m93oze","itemMarks":"1525","itemType":5,"leftbottom_taglist":[],"lefttop_taglist":[],"link":"http://item.meilishuo.com/h5/detail/1m93oze?acm=3.ms.0_4_1m93oze.0.13386-69004.s026vr4QNwSkg.t_-sd_117-lc_16","orgPrice":"\uffe585.00","popularStar":0,"price":"85.00","props":["chic\u897f\u88c5\u9886\u96ea\u7eba\u886c\u886b\u59732018\u79cb\u5b63\u65b0\u6b3e\u97e9\u7248\u5bbd\u677e\u957f\u8896OL\u886c\u8863\u7eaf\u8272\u6253\u5e95\u886b\u4e0a\u8863"],"ptpC":"_mb_mls_10057922_wap-index_noab-noab","sale":0,"shopId":21078961,"show":{"h":416,"img":"http://s11.mogucdn.com/mlcdn/c45406/180927_1d2hjj34e70ag88hkb7d5ej01ac87_640x960.jpg_320x999.jpg","w":320},"showLarge":{"h":840,"img":"http://s11.mogucdn.com/mlcdn/c45406/180927_1d2hjj34e70ag88hkb7d5ej01ac87_640x960.jpg_560x999.jpg","w":560},"title":"chic\u897f\u88c5\u9886\u96ea\u7eba\u886c\u886b\u59732018\u79cb\u5b63\u65b0\u6b3e\u97e9\u7248\u5bbd\u677e\u957f\u8896OL\u886c\u8863\u7eaf\u8272\u6253\u5e95\u886b\u4e0a\u8863","titleTags":null,"type":2},{"acm":"3.ms.0_4_1m93oq0.0.13386-69004.s026vr4QNwSkg.t_-sd_117-lc_16","cfav":0,"clientUrl":"http://item.meilishuo.com/h5/detail/1m93oq0?acm=3.ms.0_4_1m93oq0.0.13386-69004.s026vr4QNwSkg.t_-sd_117-lc_16","cparam":null,"iid":"1m93oq0","itemMarks":"1525","itemType":5,"leftbottom_taglist":[],"lefttop_taglist":[],"link":"http://item.meilishuo.com/h5/detail/1m93oq0?acm=3.ms.0_4_1m93oq0.0.13386-69004.s026vr4QNwSkg.t_-sd_117-lc_16","orgPrice":"\uffe5112.86","popularStar":0,"price":"112.86","props":["\u94b1\u592b\u4ebaCHINSTUDIO\u96ea\u68a8\u5b9a\u5236\u7f51\u7ea2\u540c\u6b3e2018\u65b0\u6b3e\u67d4\u7f8e\u82f1\u4f26\u98ce\u683c\u5b50\u5462\u6599\u897f\u88c5+\u534a\u88d9\u4e24\u4ef6\u5957\u88c5"],"ptpC":"_mb_mls_10057922_wap-index_noab-noab","sale":0,"shopId":1302406095,"show":{"h":416,"img":"http://s3.mogucdn.com/mlcdn/c45406/180927_86i346kf7iglgea1496g13901b81k_640x960.jpg_320x999.jpg","w":320},"showLarge":{"h":840,"img":"http://s11.mogucdn.com/mlcdn/c45406/180927_86i346kf7iglgea1496g13901b81k_640x960.jpg_560x999.jpg","w":560},"title":"\u94b1\u592b\u4ebaCHINSTUDIO\u96ea\u68a8\u5b9a\u5236\u7f51\u7ea2\u540c\u6b3e2018\u65b0\u6b3e\u67d4\u7f8e\u82f1\u4f26\u98ce\u683c\u5b50\u5462\u6599\u897f\u88c5+\u534a\u88d9\u4e24\u4ef6\u5957\u88c5","titleTags":null,"type":2},{"acm":"3.ms.2_1_1m8x624.0.70871-69004.s026vr4QNwSkg.sd_117-c_2_32_442704162_466665003_3_0-t_-c1_10057922_nil_nil_1_466665003_30_0-lc_32","cfav":"5","clientUrl":"http://item.meilishuo.com/h5/detail/1m8x624?acm=3.ms.2_1_1m8x624.0.70871-69004.s026vr4QNwSkg.sd_117-c_2_32_442704162_466665003_3_0-t_-c1_10057922_nil_nil_1_466665003_30_0-lc_32&cparam=MTUzODA1MTA2Nl8xZW41ZGg4XzllM2FiMDcyOWNlM2NhYjZiZjUzYzQ1OWYzMzdiZjQzXzMyXzJfNDQyNzA0MTYyXzBfMF8zXzBfNTM4XzBfMA==","cparam":"MTUzODA1MTA2Nl8xZW41ZGg4XzllM2FiMDcyOWNlM2NhYjZiZjUzYzQ1OWYzMzdiZjQzXzMyXzJfNDQyNzA0MTYyXzBfMF8zXzBfNTM4XzBfMA==","iid":"1m8x624","itemMarks":"1525","itemType":7,"leftbottom_taglist":[],"lefttop_taglist":[],"link":"http://item.meilishuo.com/h5/detail/1m8x624?acm=3.ms.2_1_1m8x624.0.70871-69004.s026vr4QNwSkg.sd_117-c_2_32_442704162_466665003_3_0-t_-c1_10057922_nil_nil_1_466665003_30_0-lc_32&cparam=MTUzODA1MTA2Nl8xZW41ZGg4XzllM2FiMDcyOWNlM2NhYjZiZjUzYzQ1OWYzMzdiZjQzXzMyXzJfNDQyNzA0MTYyXzBfMF8zXzBfNTM4XzBfMA==","orgPrice":"\uffe5129.00","popularStar":null,"price":"129.00","props":["\u5e26\u5e3d\u8fd0\u52a8\u670d2018\u79cb\u51ac\u65b0\u6b3e\u97e9\u7248\u65f6\u5c1a\u52a0\u539a\u523a\u7ee3\u91d1\u4e1d\u7ed2\u5973\u58eb\u5bbd\u677e\u4f11\u95f2\u8fde\u5e3d\u8fd0\u52a8\u670d\u536b\u8863\u4e24\u4ef6\u5957\u6f6e"],"ptpC":"_mb_mls_10057922_wap-index_noab-noab","sale":"0","shopId":"1302408692","show":{"h":416,"img":"http://s11.mogucdn.com/mlcdn/55cf19/180923_2412gbkgfhk9dihc1d3aabb64hh1i_640x960.jpg_320x999.jpg","w":320},"showLarge":{"h":840,"img":"http://s3.mogucdn.com/mlcdn/55cf19/180923_2412gbkgfhk9dihc1d3aabb64hh1i_640x960.jpg_560x999.jpg","w":560},"title":"\u5e26\u5e3d\u8fd0\u52a8\u670d2018\u79cb\u51ac\u65b0\u6b3e\u97e9\u7248\u65f6\u5c1a\u52a0\u539a\u523a\u7ee3\u91d1\u4e1d\u7ed2\u5973\u58eb\u5bbd\u677e\u4f11\u95f2\u8fde\u5e3d\u8fd0\u52a8\u670d\u536b\u8863\u4e24\u4ef6\u5957\u6f6e","titleTags":null,"type":2},{"acm":"3.ms.2_1_1m8vlly.0.70871-69004.s026vr4QNwSkg.sd_117-c_2_32_442859555_466493621_4_0-t_-c1_10057922_nil_nil_1_466493621_40_0-lc_32","cfav":"13","clientUrl":"http://item.meilishuo.com/h5/detail/1m8vlly?acm=3.ms.2_1_1m8vlly.0.70871-69004.s026vr4QNwSkg.sd_117-c_2_32_442859555_466493621_4_0-t_-c1_10057922_nil_nil_1_466493621_40_0-lc_32&cparam=MTUzODA1MTA2Nl8xZW5jMWE2X2NhZWNlMDMyMDdmMzBhMGQ3MTIyOWEzMmJhZGY4N2ZlXzMyXzNfNDQyODU5NTU1XzBfMF80XzBfODY1XzBfMA==","cparam":"MTUzODA1MTA2Nl8xZW5jMWE2X2NhZWNlMDMyMDdmMzBhMGQ3MTIyOWEzMmJhZGY4N2ZlXzMyXzNfNDQyODU5NTU1XzBfMF80XzBfODY1XzBfMA==","iid":"1m8vlly","itemMarks":"1525","itemType":7,"leftbottom_taglist":[],"lefttop_taglist":[],"link":"http://item.meilishuo.com/h5/detail/1m8vlly?acm=3.ms.2_1_1m8vlly.0.70871-69004.s026vr4QNwSkg.sd_117-c_2_32_442859555_466493621_4_0-t_-c1_10057922_nil_nil_1_466493621_40_0-lc_32&cparam=MTUzODA1MTA2Nl8xZW5jMWE2X2NhZWNlMDMyMDdmMzBhMGQ3MTIyOWEzMmJhZGY4N2ZlXzMyXzNfNDQyODU5NTU1XzBfMF80XzBfODY1XzBfMA==","orgPrice":"\uffe5225.72","popularStar":null,"price":"158.00","props":["2018\u79cb\u65b0\u6b3e\u98de\u9e70\u70eb\u91d1\u5370\u82b1\u5b57\u6bcd\u7eaf\u68c9\u6f6e\u724c\u60c5\u4fa3\u5c0f\u811a\u88e4\u7537\u5973\u540c\u6b3e"],"ptpC":"_mb_mls_10057922_wap-index_noab-noab","sale":"12","shopId":"1302414958","show":{"h":416,"img":"http://s11.mogucdn.com/mlcdn/c45406/180922_05jafg8g5k7flkj35icg400b0l4k7_800x1200.jpg_320x999.jpg","w":320},"showLarge":{"h":840,"img":"http://s3.mogucdn.com/mlcdn/c45406/180922_05jafg8g5k7flkj35icg400b0l4k7_800x1200.jpg_560x999.jpg","w":560},"title":"2018\u79cb\u65b0\u6b3e\u98de\u9e70\u70eb\u91d1\u5370\u82b1\u5b57\u6bcd\u7eaf\u68c9\u6f6e\u724c\u60c5\u4fa3\u5c0f\u811a\u88e4\u7537\u5973\u540c\u6b3e","titleTags":null,"type":2},{"acm":"3.ms.2_1_1m8ky96.0.70871-69004.s026vr4QNwSkg.sd_117-c_2_32_442327723_0_5_0-t_-c1_10057922_nil_nil_0_0_30_0-lc_32","cfav":"85","clientUrl":"http://item.meilishuo.com/h5/detail/1m8ky96?acm=3.ms.2_1_1m8ky96.0.70871-69004.s026vr4QNwSkg.sd_117-c_2_32_442327723_0_5_0-t_-c1_10057922_nil_nil_0_0_30_0-lc_32&cparam=MTUzODA1MTA2Nl8xZW1wOGp5X2EwMTQ5YmQyMmFjNjk0NmZlMWQ1NzQ4NDFkM2I0MDUzXzMyXzRfNDQyMzI3NzIzXzBfMF81XzBfNjMwXzBfMA==","cparam":"MTUzODA1MTA2Nl8xZW1wOGp5X2EwMTQ5YmQyMmFjNjk0NmZlMWQ1NzQ4NDFkM2I0MDUzXzMyXzRfNDQyMzI3NzIzXzBfMF81XzBfNjMwXzBfMA==","iid":"1m8ky96","itemMarks":"1525","itemType":7,"leftbottom_taglist":[],"lefttop_taglist":[],"link":"http://item.meilishuo.com/h5/detail/1m8ky96?acm=3.ms.2_1_1m8ky96.0.70871-69004.s026vr4QNwSkg.sd_117-c_2_32_442327723_0_5_0-t_-c1_10057922_nil_nil_0_0_30_0-lc_32&cparam=MTUzODA1MTA2Nl8xZW1wOGp5X2EwMTQ5YmQyMmFjNjk0NmZlMWQ1NzQ4NDFkM2I0MDUzXzMyXzRfNDQyMzI3NzIzXzBfMF81XzBfNjMwXzBfMA==","orgPrice":"\uffe549.00","popularStar":null,"price":"49.00","props":["\u3010\u4e24\u4ef679\u5143\u3011\u534a\u9ad8\u9886\u6253\u5e95\u886b\u59732018\u65b0\u6b3e\u79cb\u51ac\u767d\u8272\u52a0\u7ed2\u52a0\u539a\u7d27\u8eab\u957f\u8896t\u6064\u97e9\u7248ins\u8d85\u706b\u7684\u4e0a\u8863"],"ptpC":"_mb_mls_10057922_wap-index_noab-noab","sale":"126","shopId":"1302423961","show":{"h":416,"img":"http://s11.mogucdn.com/mlcdn/c45406/180915_6d523b1i35c6873a212396j3c1652_800x800.jpg_320x999.jpg","w":320},"showLarge":{"h":560,"img":"http://s11.mogucdn.com/mlcdn/c45406/180915_6d523b1i35c6873a212396j3c1652_800x800.jpg_560x999.jpg","w":560},"title":"\u3010\u4e24\u4ef679\u5143\u3011\u534a\u9ad8\u9886\u6253\u5e95\u886b\u59732018\u65b0\u6b3e\u79cb\u51ac\u767d\u8272\u52a0\u7ed2\u52a0\u539a\u7d27\u8eab\u957f\u8896t\u6064\u97e9\u7248ins\u8d85\u706b\u7684\u4e0a\u8863","titleTags":null,"type":2},{"acm":"3.ms.2_1_1m7oiw6.0.70871-69004.s026vr4QNwSkg.sd_117-c_2_32_439765350_0_6_0-t_-c1_10057922_nil_nil_0_0_30_0-lc_32","cfav":"134","clientUrl":"http://item.meilishuo.com/h5/detail/1m7oiw6?acm=3.ms.2_1_1m7oiw6.0.70871-69004.s026vr4QNwSkg.sd_117-c_2_32_439765350_0_6_0-t_-c1_10057922_nil_nil_0_0_30_0-lc_32&cparam=MTUzODA1MTA2Nl8xZWpuZTl3XzFmNGI0NjZlMmQ5ZDIwOWRjYTFiOGQyYjE4NTMxMTI5XzMyXzVfNDM5NzY1MzUwXzBfMF82XzBfNTQ4XzBfMA==","cparam":"MTUzODA1MTA2Nl8xZWpuZTl3XzFmNGI0NjZlMmQ5ZDIwOWRjYTFiOGQyYjE4NTMxMTI5XzMyXzVfNDM5NzY1MzUwXzBfMF82XzBfNTQ4XzBfMA==","iid":"1m7oiw6","itemMarks":"1525","itemType":7,"leftbottom_taglist":[],"lefttop_taglist":[],"link":"http://item.meilishuo.com/h5/detail/1m7oiw6?acm=3.ms.2_1_1m7oiw6.0.70871-69004.s026vr4QNwSkg.sd_117-c_2_32_439765350_0_6_0-t_-c1_10057922_nil_nil_0_0_30_0-lc_32&cparam=MTUzODA1MTA2Nl8xZWpuZTl3XzFmNGI0NjZlMmQ5ZDIwOWRjYTFiOGQyYjE4NTMxMTI5XzMyXzVfNDM5NzY1MzUwXzBfMF82XzBfNTQ4XzBfMA==","orgPrice":"\uffe569.90","popularStar":null,"price":"69.90","props":["\u88e4\u5b50\u5973\u9614\u817f\u88e4\u6625\u79cb2018\u65b0\u6b3e\u6bdb\u5462\u88e4\u4e5d\u5206\u88e4\u6e2f\u5473\u6f6e\u5973\u88e4\u7529\u817f\u88e4\u5973\u58eb\u88e4\u5b50"],"ptpC":"_mb_mls_10057922_wap-index_noab-noab","sale":"48","shopId":"21905564","show":{"h":416,"img":"http://s3.mogucdn.com/mlcdn/c45406/180826_5708i53lg6ifcgd7402ieg99ab77b_640x640.jpg_320x999.jpg","w":320},"showLarge":{"h":560,"img":"http://s11.mogucdn.com/mlcdn/c45406/180826_5708i53lg6ifcgd7402ieg99ab77b_640x640.jpg_560x999.jpg","w":560},"title":"\u88e4\u5b50\u5973\u9614\u817f\u88e4\u6625\u79cb2018\u65b0\u6b3e\u6bdb\u5462\u88e4\u4e5d\u5206\u88e4\u6e2f\u5473\u6f6e\u5973\u88e4\u7529\u817f\u88e4\u5973\u58eb\u88e4\u5b50","titleTags":null,"type":2},{"acm":"3.ms.0_4_1m93otu.0.13386-69004.s026vr4QNwSkg.t_-sd_117-lc_16","cfav":0,"clientUrl":"http://item.meilishuo.com/h5/detail/1m93otu?acm=3.ms.0_4_1m93otu.0.13386-69004.s026vr4QNwSkg.t_-sd_117-lc_16","cparam":null,"iid":"1m93otu","itemMarks":"-1","itemType":5,"leftbottom_taglist":[],"lefttop_taglist":[],"link":"http://item.meilishuo.com/h5/detail/1m93otu?acm=3.ms.0_4_1m93otu.0.13386-69004.s026vr4QNwSkg.t_-sd_117-lc_16","orgPrice":"\uffe598.58","popularStar":0,"price":"69.00","props":["2018\u79cb\u88c5\u5973\u65b0\u6b3e\u97e9\u7248\u65f6\u5c1a\u5957\u88c5\u4f11\u95f2\u767e\u642d\u9ad8\u8170\u538b\u8936\u76f4\u7b52\u4e5d\u5206\u897f\u88e4\u67d4\u8f6f\u5bbd\u677e\u6697\u6263\u8fde\u5e3d\u536b\u8863\u5916\u5957\u5973\u4e24\u4ef6\u5957"],"ptpC":"_mb_mls_10057922_wap-index_noab-noab","sale":0,"shopId":109683,"show":{"h":416,"img":"http://s3.mogucdn.com/mlcdn/c45406/180927_8e5b40a26d7clkhii38lg61ba5dae_640x960.jpg_320x999.jpg","w":320},"showLarge":{"h":840,"img":"http://s3.mogucdn.com/mlcdn/c45406/180927_8e5b40a26d7clkhii38lg61ba5dae_640x960.jpg_560x999.jpg","w":560},"title":"2018\u79cb\u88c5\u5973\u65b0\u6b3e\u97e9\u7248\u65f6\u5c1a\u5957\u88c5\u4f11\u95f2\u767e\u642d\u9ad8\u8170\u538b\u8936\u76f4\u7b52\u4e5d\u5206\u897f\u88e4\u67d4\u8f6f\u5bbd\u677e\u6697\u6263\u8fde\u5e3d\u536b\u8863\u5916\u5957\u5973\u4e24\u4ef6\u5957","titleTags":null,"type":2},{"acm":"3.ms.0_4_1m93o6q.0.13386-69004.s026vr4QNwSkg.t_-sd_117-lc_16","cfav":0,"clientUrl":"http://item.meilishuo.com/h5/detail/1m93o6q?acm=3.ms.0_4_1m93o6q.0.13386-69004.s026vr4QNwSkg.t_-sd_117-lc_16","cparam":null,"iid":"1m93o6q","itemMarks":"1525","itemType":5,"leftbottom_taglist":[],"lefttop_taglist":[],"link":"http://item.meilishuo.com/h5/detail/1m93o6q?acm=3.ms.0_4_1m93o6q.0.13386-69004.s026vr4QNwSkg.t_-sd_117-lc_16","orgPrice":"\uffe5128.00","popularStar":0,"price":"89.60","props":["2018\u79cb\u5b63\u65b0\u6b3e\u97e9\u7248\u9ad8\u8170\u5bbd\u677e\u663e\u7626\u4f11\u95f2\u82b1\u82de\u88e4\u5973\u5b66\u751f\u534a\u677e\u7d27\u8170\u9614\u817f\u4e5d\u5206\u88e4\u767e\u642d\u76f4\u7b52\u88e4\u5973"],"ptpC":"_mb_mls_10057922_wap-index_noab-noab","sale":0,"shopId":20470810,"show":{"h":416,"img":"http://s3.mogucdn.com/mlcdn/c45406/180927_748b82859e8ldfag218dkg2i4al24_640x960.jpg_320x999.jpg","w":320},"showLarge":{"h":840,"img":"http://s3.mogucdn.com/mlcdn/c45406/180927_748b82859e8ldfag218dkg2i4al24_640x960.jpg_560x999.jpg","w":560},"title":"2018\u79cb\u5b63\u65b0\u6b3e\u97e9\u7248\u9ad8\u8170\u5bbd\u677e\u663e\u7626\u4f11\u95f2\u82b1\u82de\u88e4\u5973\u5b66\u751f\u534a\u677e\u7d27\u8170\u9614\u817f\u4e5d\u5206\u88e4\u767e\u642d\u76f4\u7b52\u88e4\u5973","titleTags":null,"type":2},{"acm":"3.ms.2_1_1m7kotq.0.70871-69004.s026vr4QNwSkg.sd_117-c_2_32_443917449_1287231050_7_0-t_-c1_10057922_nil_nil_2_1287231050_30_0-lc_32","cfav":"87","clientUrl":"http://item.meilishuo.com/h5/detail/1m7kotq?acm=3.ms.2_1_1m7kotq.0.70871-69004.s026vr4QNwSkg.sd_117-c_2_32_443917449_1287231050_7_0-t_-c1_10057922_nil_nil_2_1287231050_30_0-lc_32&cparam=MTUzODA1MTA2Nl8xZW9sZHUyX2NkMzk1NDVjMDRiNjExZTljOTkyMGM5MTg2YTcxYjk0XzMyXzZfNDQzOTE3NDQ5XzBfMF83XzBfMTdfMF8w","cparam":"MTUzODA1MTA2Nl8xZW9sZHUyX2NkMzk1NDVjMDRiNjExZTljOTkyMGM5MTg2YTcxYjk0XzMyXzZfNDQzOTE3NDQ5XzBfMF83XzBfMTdfMF8w","iid":"1m7kotq","itemMarks":"-1","itemType":7,"leftbottom_taglist":[],"lefttop_taglist":[],"link":"http://item.meilishuo.com/h5/detail/1m7kotq?acm=3.ms.2_1_1m7kotq.0.70871-69004.s026vr4QNwSkg.sd_117-c_2_32_443917449_1287231050_7_0-t_-c1_10057922_nil_nil_2_1287231050_30_0-lc_32&cparam=MTUzODA1MTA2Nl8xZW9sZHUyX2NkMzk1NDVjMDRiNjExZTljOTkyMGM5MTg2YTcxYjk0XzMyXzZfNDQzOTE3NDQ5XzBfMF83XzBfMTdfMF8w","orgPrice":"\uffe540.00","popularStar":null,"price":"40.00","props":["2018\u6625\u79cb\u5b63\u6e2f\u5473\u521d\u79cb\u65b0\u6b3e\u539f\u5bbfBF\u98ce\u65f6\u5c1a\u5370\u82b1\u957f\u8896\u8584\u6b3eT\u6064\u5973\u88c5\u97e9\u7248\u5bbd\u677e\u5b66\u751f\u6253\u5e95\u886b\u4f11\u95f2\u4e0a\u8863\u6f6e"],"ptpC":"_mb_mls_10057922_wap-index_noab-noab","sale":"63","shopId":"1302404510","show":{"h":416,"img":"http://s11.mogucdn.com/mlcdn/55cf19/180823_37d8bljigae1ab954d8idiie1gbb5_640x960.jpg_320x999.jpg","w":320},"showLarge":{"h":840,"img":"http://s11.mogucdn.com/mlcdn/55cf19/180823_37d8bljigae1ab954d8idiie1gbb5_640x960.jpg_560x999.jpg","w":560},"title":"2018\u6625\u79cb\u5b63\u6e2f\u5473\u521d\u79cb\u65b0\u6b3e\u539f\u5bbfBF\u98ce\u65f6\u5c1a\u5370\u82b1\u957f\u8896\u8584\u6b3eT\u6064\u5973\u88c5\u97e9\u7248\u5bbd\u677e\u5b66\u751f\u6253\u5e95\u886b\u4f11\u95f2\u4e0a\u8863\u6f6e","titleTags":null,"type":2},{"acm":"3.ms.2_1_1m7kote.0.70871-69004.s026vr4QNwSkg.sd_117-c_2_32_443917446_460484122_8_0-t_-c1_10057922_nil_nil_1_460484122_30_0-lc_32","cfav":"320","clientUrl":"http://item.meilishuo.com/h5/detail/1m7kote?acm=3.ms.2_1_1m7kote.0.70871-69004.s026vr4QNwSkg.sd_117-c_2_32_443917446_460484122_8_0-t_-c1_10057922_nil_nil_1_460484122_30_0-lc_32&cparam=MTUzODA1MTA2Nl8xZW9sZHR3XzNmNWVjZGVkZWI3YmYyZjI1NDAwOGEyYTc4N2E3MGI0XzMyXzdfNDQzOTE3NDQ2XzBfMF84XzBfMTdfMF8w","cparam":"MTUzODA1MTA2Nl8xZW9sZHR3XzNmNWVjZGVkZWI3YmYyZjI1NDAwOGEyYTc4N2E3MGI0XzMyXzdfNDQzOTE3NDQ2XzBfMF84XzBfMTdfMF8w","iid":"1m7kote","itemMarks":"-1","itemType":7,"leftbottom_taglist":[],"lefttop_taglist":[],"link":"http://item.meilishuo.com/h5/detail/1m7kote?acm=3.ms.2_1_1m7kote.0.70871-69004.s026vr4QNwSkg.sd_117-c_2_32_443917446_460484122_8_0-t_-c1_10057922_nil_nil_1_460484122_30_0-lc_32&cparam=MTUzODA1MTA2Nl8xZW9sZHR3XzNmNWVjZGVkZWI3YmYyZjI1NDAwOGEyYTc4N2E3MGI0XzMyXzdfNDQzOTE3NDQ2XzBfMF84XzBfMTdfMF8w","orgPrice":"\uffe540.00","popularStar":null,"price":"40.00","props":["\u6625\u79cb2018ins\u8d85\u706b\u7684\u65b0\u6b3e\u97e9\u7248\u7b80\u7ea6\u767e\u642d\u5bbd\u677e\u5b57\u6bcd\u5370\u82b1\u957f\u8896T\u6064\u5b66\u751f\u4f11\u95f2\u4f53\u6064\u663e\u7626\u4e0a\u8863\u6f6e"],"ptpC":"_mb_mls_10057922_wap-index_noab-noab","sale":"120","shopId":"1302404510","show":{"h":416,"img":"http://s3.mogucdn.com/mlcdn/55cf19/180823_4a2d46il93iefc3a4lh1lif21k895_640x960.jpg_320x999.jpg","w":320},"showLarge":{"h":840,"img":"http://s3.mogucdn.com/mlcdn/55cf19/180823_4a2d46il93iefc3a4lh1lif21k895_640x960.jpg_560x999.jpg","w":560},"title":"\u6625\u79cb2018ins\u8d85\u706b\u7684\u65b0\u6b3e\u97e9\u7248\u7b80\u7ea6\u767e\u642d\u5bbd\u677e\u5b57\u6bcd\u5370\u82b1\u957f\u8896T\u6064\u5b66\u751f\u4f11\u95f2\u4f53\u6064\u663e\u7626\u4e0a\u8863\u6f6e","titleTags":null,"type":2},{"acm":"3.ms.0_4_1m93njg.0.13386-69004.s026vr4QNwSkg.t_-sd_117-lc_16","cfav":0,"clientUrl":"http://item.meilishuo.com/h5/detail/1m93njg?acm=3.ms.0_4_1m93njg.0.13386-69004.s026vr4QNwSkg.t_-sd_117-lc_16","cparam":null,"iid":"1m93njg","itemMarks":"-1","itemType":5,"leftbottom_taglist":[],"lefttop_taglist":[],"link":"http://item.meilishuo.com/h5/detail/1m93njg?acm=3.ms.0_4_1m93njg.0.13386-69004.s026vr4QNwSkg.t_-sd_117-lc_16","orgPrice":"\uffe598.58","popularStar":0,"price":"69.00","props":["2018\u6625\u79cb\u5973\u65f6\u5c1a\u5957\u88c5\u65b0\u6b3e\u97e9\u7248\u5047\u4e24\u4ef6\u52a0\u7ed2\u536b\u8863\u5916\u5957\u5973\u4fee\u8eab\u663e\u7626\u6253\u5e95\u88e4\u5c0f\u811a\u94c5\u7b14\u88e4\u5973\u4e24\u4ef6\u5957\u6f6e"],"ptpC":"_mb_mls_10057922_wap-index_noab-noab","sale":0,"shopId":109683,"show":{"h":416,"img":"http://s3.mogucdn.com/mlcdn/c45406/180927_29jf2f6e96i0lfk4gl2jgb0kc6746_640x960.jpg_320x999.jpg","w":320},"showLarge":{"h":840,"img":"http://s11.mogucdn.com/mlcdn/c45406/180927_29jf2f6e96i0lfk4gl2jgb0kc6746_640x960.jpg_560x999.jpg","w":560},"title":"2018\u6625\u79cb\u5973\u65f6\u5c1a\u5957\u88c5\u65b0\u6b3e\u97e9\u7248\u5047\u4e24\u4ef6\u52a0\u7ed2\u536b\u8863\u5916\u5957\u5973\u4fee\u8eab\u663e\u7626\u6253\u5e95\u88e4\u5c0f\u811a\u94c5\u7b14\u88e4\u5973\u4e24\u4ef6\u5957\u6f6e","titleTags":null,"type":2},{"acm":"3.ms.0_4_1m93n76.0.13386-69004.s026vr4QNwSkg.t_-sd_117-lc_16","cfav":0,"clientUrl":"http://item.meilishuo.com/h5/detail/1m93n76?acm=3.ms.0_4_1m93n76.0.13386-69004.s026vr4QNwSkg.t_-sd_117-lc_16","cparam":null,"iid":"1m93n76","itemMarks":"-1","itemType":5,"leftbottom_taglist":[],"lefttop_taglist":[],"link":"http://item.meilishuo.com/h5/detail/1m93n76?acm=3.ms.0_4_1m93n76.0.13386-69004.s026vr4QNwSkg.t_-sd_117-lc_16","orgPrice":"\uffe598.55","popularStar":0,"price":"68.98","props":["\u4e2d\u957f\u6b3e\u683c\u5b50\u9632\u6652\u8584\u5bbd\u677e\u6e2f\u98ce\u957f\u8896\u886c\u88632018\u65b0\u6b3e\u65f6\u5c1a\u79cb\u5b63\u97e9\u7248chic\u5f00\u886b"],"ptpC":"_mb_mls_10057922_wap-index_noab-noab","sale":0,"shopId":1302445433,"show":{"h":416,"img":"http://s3.mogucdn.com/mlcdn/c45406/180927_7209005h74iaa4ae70h2b1e16ji3d_640x960.jpg_320x999.jpg","w":320},"showLarge":{"h":840,"img":"http://s3.mogucdn.com/mlcdn/c45406/180927_7209005h74iaa4ae70h2b1e16ji3d_640x960.jpg_560x999.jpg","w":560},"title":"\u4e2d\u957f\u6b3e\u683c\u5b50\u9632\u6652\u8584\u5bbd\u677e\u6e2f\u98ce\u957f\u8896\u886c\u88632018\u65b0\u6b3e\u65f6\u5c1a\u79cb\u5b63\u97e9\u7248chic\u5f00\u886b","titleTags":null,"type":2},{"acm":"3.ms.2_1_1m7kolu.0.70871-69004.s026vr4QNwSkg.sd_117-c_2_32_443917448_460483686_9_0-t_-c1_10057922_nil_nil_1_460483686_30_0-lc_32","cfav":"70","clientUrl":"http://item.meilishuo.com/h5/detail/1m7kolu?acm=3.ms.2_1_1m7kolu.0.70871-69004.s026vr4QNwSkg.sd_117-c_2_32_443917448_460483686_9_0-t_-c1_10057922_nil_nil_1_460483686_30_0-lc_32&cparam=MTUzODA1MTA2Nl8xZW9sZHUwX2NmY2UyMGE1NTgyMzgzZmQ1NWRkZTg4MmVlYmQ2OWVkXzMyXzhfNDQzOTE3NDQ4XzBfMF85XzBfMTdfMF8w","cparam":"MTUzODA1MTA2Nl8xZW9sZHUwX2NmY2UyMGE1NTgyMzgzZmQ1NWRkZTg4MmVlYmQ2OWVkXzMyXzhfNDQzOTE3NDQ4XzBfMF85XzBfMTdfMF8w","iid":"1m7kolu","itemMarks":"-1","itemType":7,"leftbottom_taglist":[],"lefttop_taglist":[],"link":"http://item.meilishuo.com/h5/detail/1m7kolu?acm=3.ms.2_1_1m7kolu.0.70871-69004.s026vr4QNwSkg.sd_117-c_2_32_443917448_460483686_9_0-t_-c1_10057922_nil_nil_1_460483686_30_0-lc_32&cparam=MTUzODA1MTA2Nl8xZW9sZHUwX2NmY2UyMGE1NTgyMzgzZmQ1NWRkZTg4MmVlYmQ2OWVkXzMyXzhfNDQzOTE3NDQ4XzBfMF85XzBfMTdfMF8w","orgPrice":"\uffe540.00","popularStar":null,"price":"40.00","props":["2018\u957f\u8896t\u6064\u6625\u79cb\u5b63\u65b0\u6b3e\u97e9\u7248\u602a\u5473\u5c11\u5973\u5b66\u751f\u5bbd\u677e\u663e\u7626\u563b\u54c8ins\u8d85\u706b\u5973\u751f\u9177\u9177\u7684\u4e0a\u8863\u670d\u6f6e"],"ptpC":"_mb_mls_10057922_wap-index_noab-noab","sale":"18","shopId":"1302404510","show":{"h":416,"img":"http://s11.mogucdn.com/mlcdn/55cf19/180823_3hfk99b1f8gchefe8b64ia2gcji0l_640x960.jpg_320x999.jpg","w":320},"showLarge":{"h":840,"img":"http://s3.mogucdn.com/mlcdn/55cf19/180823_3hfk99b1f8gchefe8b64ia2gcji0l_640x960.jpg_560x999.jpg","w":560},"title":"2018\u957f\u8896t\u6064\u6625\u79cb\u5b63\u65b0\u6b3e\u97e9\u7248\u602a\u5473\u5c11\u5973\u5b66\u751f\u5bbd\u677e\u663e\u7626\u563b\u54c8ins\u8d85\u706b\u5973\u751f\u9177\u9177\u7684\u4e0a\u8863\u670d\u6f6e","titleTags":null,"type":2},{"acm":"3.ms.2_1_1m7kooo.0.70871-69004.s026vr4QNwSkg.sd_117-c_2_32_443917447_1287230656_10_0-t_-c1_10057922_nil_nil_2_1287230656_30_0-lc_32","cfav":"94","clientUrl":"http://item.meilishuo.com/h5/detail/1m7kooo?acm=3.ms.2_1_1m7kooo.0.70871-69004.s026vr4QNwSkg.sd_117-c_2_32_443917447_1287230656_10_0-t_-c1_10057922_nil_nil_2_1287230656_30_0-lc_32&cparam=MTUzODA1MTA2Nl8xZW9sZHR5XzJkZDQxNTgyZWIwZGY2ZTBhM2RjM2FlNzg1YjBiNTUwXzMyXzlfNDQzOTE3NDQ3XzBfMF8xMF8wXzE3XzBfMA==","cparam":"MTUzODA1MTA2Nl8xZW9sZHR5XzJkZDQxNTgyZWIwZGY2ZTBhM2RjM2FlNzg1YjBiNTUwXzMyXzlfNDQzOTE3NDQ3XzBfMF8xMF8wXzE3XzBfMA==","iid":"1m7kooo","itemMarks":"-1","itemType":7,"leftbottom_taglist":[],"lefttop_taglist":[],"link":"http://item.meilishuo.com/h5/detail/1m7kooo?acm=3.ms.2_1_1m7kooo.0.70871-69004.s026vr4QNwSkg.sd_117-c_2_32_443917447_1287230656_10_0-t_-c1_10057922_nil_nil_2_1287230656_30_0-lc_32&cparam=MTUzODA1MTA2Nl8xZW9sZHR5XzJkZDQxNTgyZWIwZGY2ZTBhM2RjM2FlNzg1YjBiNTUwXzMyXzlfNDQzOTE3NDQ3XzBfMF8xMF8wXzE3XzBfMA==","orgPrice":"\uffe540.00","popularStar":null,"price":"40.00","props":["2018\u65b0\u6b3e\u79cb\u88c5\u5973\u88c5\u4e0a\u8863\u670d\u539f\u5bbf\u98ce\u767e\u642d\u65f6\u5c1a\u80d6\u59b9\u59b9\u59d0\u59b9\u88c5\u4f53\u6064\u886b\u97e9\u7248\u5973\u5b66\u751f\u95fa\u871c\u88c5\u5927\u7801\u7b80\u7ea6\u5370\u82b1t\u6064"],"ptpC":"_mb_mls_10057922_wap-index_noab-noab","sale":"59","shopId":"1302404510","show":{"h":416,"img":"http://s3.mogucdn.com/mlcdn/55cf19/180823_6heb71e8ah758dc7llcf55lk47iac_640x960.jpg_320x999.jpg","w":320},"showLarge":{"h":840,"img":"http://s11.mogucdn.com/mlcdn/55cf19/180823_6heb71e8ah758dc7llcf55lk47iac_640x960.jpg_560x999.jpg","w":560},"title":"2018\u65b0\u6b3e\u79cb\u88c5\u5973\u88c5\u4e0a\u8863\u670d\u539f\u5bbf\u98ce\u767e\u642d\u65f6\u5c1a\u80d6\u59b9\u59b9\u59d0\u59b9\u88c5\u4f53\u6064\u886b\u97e9\u7248\u5973\u5b66\u751f\u95fa\u871c\u88c5\u5927\u7801\u7b80\u7ea6\u5370\u82b1t\u6064","titleTags":null,"type":2},{"acm":"3.ms.2_1_1m7fees.0.70871-69004.s026vr4QNwSkg.sd_117-c_2_32_428165472_2027707_11_0-t_-c1_10057922_nil_nil_0_2027707_39_0-lc_32","cfav":"318","clientUrl":"http://item.meilishuo.com/h5/detail/1m7fees?acm=3.ms.2_1_1m7fees.0.70871-69004.s026vr4QNwSkg.sd_117-c_2_32_428165472_2027707_11_0-t_-c1_10057922_nil_nil_0_2027707_39_0-lc_32&cparam=MTUzODA1MTA2Nl8xZTV1NTg4X2E3YzQ2OTMzMTcyYTk4YThhNmUxYjU0ZGE4Y2Q0YmJmXzMyXzEwXzQyODE2NTQ3Ml8wXzIwMjc3MDdfMTFfMF8xODBfMF8w","cparam":"MTUzODA1MTA2Nl8xZTV1NTg4X2E3YzQ2OTMzMTcyYTk4YThhNmUxYjU0ZGE4Y2Q0YmJmXzMyXzEwXzQyODE2NTQ3Ml8wXzIwMjc3MDdfMTFfMF8xODBfMF8w","iid":"1m7fees","itemMarks":"-1","itemType":7,"leftbottom_taglist":[],"lefttop_taglist":[],"link":"http://item.meilishuo.com/h5/detail/1m7fees?acm=3.ms.2_1_1m7fees.0.70871-69004.s026vr4QNwSkg.sd_117-c_2_32_428165472_2027707_11_0-t_-c1_10057922_nil_nil_0_2027707_39_0-lc_32&cparam=MTUzODA1MTA2Nl8xZTV1NTg4X2E3YzQ2OTMzMTcyYTk4YThhNmUxYjU0ZGE4Y2Q0YmJmXzMyXzEwXzQyODE2NTQ3Ml8wXzIwMjc3MDdfMTFfMF8xODBfMF8w","orgPrice":"\uffe5189.00","popularStar":null,"price":"132.00","props":["2018\u65b0\u54c1\u5973\u4e09\u4ef6\u5957\u4f11\u95f2\u8fd0\u52a8\u5957\u88c5\u5927\u7801\u957f\u8896\u65f6\u5c1a\u6f6e\u65b0\u6b3e\u79cb\u5b63\u536b\u8863\u4e09\u4ef6\u5957\u8fde\u5e3d\u8fd0\u52a8\u670d\u9488\u7ec7\u649e\u8272\u5957\u88c5"],"ptpC":"_mb_mls_10057922_wap-index_noab-noab","sale":"218","shopId":"20542751","show":{"h":416,"img":"http://s3.mogucdn.com/mlcdn/17f85e/180819_2e7186b979b54ldcffee9lg20fe90_640x960.jpg_320x999.jpg","w":320},"showLarge":{"h":840,"img":"http://s3.mogucdn.com/mlcdn/17f85e/180819_2e7186b979b54ldcffee9lg20fe90_640x960.jpg_560x999.jpg","w":560},"title":"2018\u65b0\u54c1\u5973\u4e09\u4ef6\u5957\u4f11\u95f2\u8fd0\u52a8\u5957\u88c5\u5927\u7801\u957f\u8896\u65f6\u5c1a\u6f6e\u65b0\u6b3e\u79cb\u5b63\u536b\u8863\u4e09\u4ef6\u5957\u8fde\u5e3d\u8fd0\u52a8\u670d\u9488\u7ec7\u649e\u8272\u5957\u88c5","titleTags":null,"type":2},{"acm":"3.ms.2_1_1m7dvsq.0.70871-69004.s026vr4QNwSkg.sd_117-c_2_32_438963142_459649297_12_0-t_-c1_10057922_nil_nil_1_459649297_30_0-lc_32","cfav":"126","clientUrl":"http://item.meilishuo.com/h5/detail/1m7dvsq?acm=3.ms.2_1_1m7dvsq.0.70871-69004.s026vr4QNwSkg.sd_117-c_2_32_438963142_459649297_12_0-t_-c1_10057922_nil_nil_1_459649297_30_0-lc_32&cparam=MTUzODA1MTA2Nl8xZWlwMGFzX2QwZTc5ODU3NThmMGQ5NTc3ZTdhYzliOWI2NDYxMzIxXzMyXzExXzQzODk2MzE0Ml8wXzBfMTJfMF8yNTNfMF8w","cparam":"MTUzODA1MTA2Nl8xZWlwMGFzX2QwZTc5ODU3NThmMGQ5NTc3ZTdhYzliOWI2NDYxMzIxXzMyXzExXzQzODk2MzE0Ml8wXzBfMTJfMF8yNTNfMF8w","iid":"1m7dvsq","itemMarks":"1525 352 351","itemType":7,"leftbottom_taglist":[],"lefttop_taglist":[],"link":"http://item.meilishuo.com/h5/detail/1m7dvsq?acm=3.ms.2_1_1m7dvsq.0.70871-69004.s026vr4QNwSkg.sd_117-c_2_32_438963142_459649297_12_0-t_-c1_10057922_nil_nil_1_459649297_30_0-lc_32&cparam=MTUzODA1MTA2Nl8xZWlwMGFzX2QwZTc5ODU3NThmMGQ5NTc3ZTdhYzliOWI2NDYxMzIxXzMyXzExXzQzODk2MzE0Ml8wXzBfMTJfMF8yNTNfMF8w","orgPrice":"\uffe555.72","popularStar":null,"price":"39.00","props":["2018\u6625\u79cb\u51ac\u767d\u8272\u4f53\u6064\u5973\u957f\u8896\u5bbd\u677et\u6064\u5973\u6253\u5e95\u886b\u97e9\u7248\u65b0\u6b3e\u5706\u9886\u7eaf\u68c9\u767e\u642d\u4e0a\u8863"],"ptpC":"_mb_mls_10057922_wap-index_noab-noab","sale":"80","shopId":"22051955","show":{"h":416,"img":"http://s3.mogucdn.com/mlcdn/c45406/180818_8fid15g78c3i80854aa6j855hbbcj_640x960.jpg_320x999.jpg","w":320},"showLarge":{"h":840,"img":"http://s3.mogucdn.com/mlcdn/c45406/180818_8fid15g78c3i80854aa6j855hbbcj_640x960.jpg_560x999.jpg","w":560},"title":"2018\u6625\u79cb\u51ac\u767d\u8272\u4f53\u6064\u5973\u957f\u8896\u5bbd\u677et\u6064\u5973\u6253\u5e95\u886b\u97e9\u7248\u65b0\u6b3e\u5706\u9886\u7eaf\u68c9\u767e\u642d\u4e0a\u8863","titleTags":null,"type":2},{"acm":"3.ms.0_4_1m93ndc.0.13386-69004.s026vr4QNwSkg.t_-sd_117-lc_16","cfav":1,"clientUrl":"http://item.meilishuo.com/h5/detail/1m93ndc?acm=3.ms.0_4_1m93ndc.0.13386-69004.s026vr4QNwSkg.t_-sd_117-lc_16","cparam":null,"iid":"1m93ndc","itemMarks":"-1","itemType":5,"leftbottom_taglist":[],"lefttop_taglist":[],"link":"http://item.meilishuo.com/h5/detail/1m93ndc?acm=3.ms.0_4_1m93ndc.0.13386-69004.s026vr4QNwSkg.t_-sd_117-lc_16","orgPrice":"\uffe5112.86","popularStar":0,"price":"79.00","props":["2018\u79cb\u5b63\u65b0\u6b3e\u97e9\u7248\u590d\u53e4\u538b\u8936\u96ea\u7eba\u957f\u8896\u521d\u604b\u8fde\u8863\u88d9\u5957\u88c5\u5b66\u9662\u98ce\u5bbd\u677ev\u9886\u6bdb\u8863\u80cc\u5fc3\u9a6c\u7532\u5973\u4e24\u4ef6\u5957"],"ptpC":"_mb_mls_10057922_wap-index_noab-noab","sale":0,"shopId":21949984,"show":{"h":416,"img":"http://s3.mogucdn.com/mlcdn/c45406/180927_07hig25jkkb8if6ai0975gj7dfgla_640x900.jpg_320x999.jpg","w":320},"showLarge":{"h":788,"img":"http://s3.mogucdn.com/mlcdn/c45406/180927_07hig25jkkb8if6ai0975gj7dfgla_640x900.jpg_560x999.jpg","w":560},"title":"2018\u79cb\u5b63\u65b0\u6b3e\u97e9\u7248\u590d\u53e4\u538b\u8936\u96ea\u7eba\u957f\u8896\u521d\u604b\u8fde\u8863\u88d9\u5957\u88c5\u5b66\u9662\u98ce\u5bbd\u677ev\u9886\u6bdb\u8863\u80cc\u5fc3\u9a6c\u7532\u5973\u4e24\u4ef6\u5957","titleTags":null,"type":2},{"acm":"3.ms.0_4_1m93n0w.0.13386-69004.s026vr4QNwSkg.t_-sd_117-lc_16","cfav":0,"clientUrl":"http://item.meilishuo.com/h5/detail/1m93n0w?acm=3.ms.0_4_1m93n0w.0.13386-69004.s026vr4QNwSkg.t_-sd_117-lc_16","cparam":null,"iid":"1m93n0w","itemMarks":"-1","itemType":5,"leftbottom_taglist":[],"lefttop_taglist":[],"link":"http://item.meilishuo.com/h5/detail/1m93n0w?acm=3.ms.0_4_1m93n0w.0.13386-69004.s026vr4QNwSkg.t_-sd_117-lc_16","orgPrice":"\uffe5128.43","popularStar":0,"price":"128.43","props":["2018\u79cb\u5b63\u65b0\u6b3e\u97e9\u7248\u4e2d\u957f\u6b3echic\u5bbd\u677e\u8fde\u5e3d\u536b\u8863\u88d9\u5973\u9ad8\u8170\u663e\u7626\u6c14\u8d28\u8fc7\u819d\u957f\u8896\u5957\u5934\u8fde\u8863\u88d9"],"ptpC":"_mb_mls_10057922_wap-index_noab-noab","sale":0,"shopId":102691,"show":{"h":416,"img":"http://s3.mogucdn.com/mlcdn/c45406/180927_5g61a0balb97921b4j0l0al0c7012_640x960.jpg_320x999.jpg","w":320},"showLarge":{"h":840,"img":"http://s3.mogucdn.com/mlcdn/c45406/180927_5g61a0balb97921b4j0l0al0c7012_640x960.jpg_560x999.jpg","w":560},"title":"2018\u79cb\u5b63\u65b0\u6b3e\u97e9\u7248\u4e2d\u957f\u6b3echic\u5bbd\u677e\u8fde\u5e3d\u536b\u8863\u88d9\u5973\u9ad8\u8170\u663e\u7626\u6c14\u8d28\u8fc7\u819d\u957f\u8896\u5957\u5934\u8fde\u8863\u88d9","titleTags":null,"type":2},{"acm":"3.ms.2_1_1m7bpya.0.70871-69004.s026vr4QNwSkg.sd_117-c_2_32_427089623_1284714262_13_0-t_-c1_10057922_nil_nil_2_1284714262_30_0-lc_32","cfav":"183","clientUrl":"http://item.meilishuo.com/h5/detail/1m7bpya?acm=3.ms.2_1_1m7bpya.0.70871-69004.s026vr4QNwSkg.sd_117-c_2_32_427089623_1284714262_13_0-t_-c1_10057922_nil_nil_2_1284714262_30_0-lc_32&cparam=MTUzODA1MTA2Nl8xZTRrMHl1X2EzZjRhYjlmZmUzZmE3YmU1OTU1ZTc4NmY0MGU3YzUyXzMyXzEyXzQyNzA4OTYyM18wXzBfMTNfMF8xODBfMF8w","cparam":"MTUzODA1MTA2Nl8xZTRrMHl1X2EzZjRhYjlmZmUzZmE3YmU1OTU1ZTc4NmY0MGU3YzUyXzMyXzEyXzQyNzA4OTYyM18wXzBfMTNfMF8xODBfMF8w","iid":"1m7bpya","itemMarks":"1655 1318","itemType":7,"leftbottom_taglist":[],"lefttop_taglist":[],"link":"http://item.meilishuo.com/h5/detail/1m7bpya?acm=3.ms.2_1_1m7bpya.0.70871-69004.s026vr4QNwSkg.sd_117-c_2_32_427089623_1284714262_13_0-t_-c1_10057922_nil_nil_2_1284714262_30_0-lc_32&cparam=MTUzODA1MTA2Nl8xZTRrMHl1X2EzZjRhYjlmZmUzZmE3YmU1OTU1ZTc4NmY0MGU3YzUyXzMyXzEyXzQyNzA4OTYyM18wXzBfMTNfMF8xODBfMF8w","orgPrice":"\uffe5169.00","popularStar":null,"price":"118.00","props":["2018\u79cb\u88c5\u65b0\u54c1\u5973\u58eb\u8fd0\u52a8\u5957\u88c5\u7acb\u9886\u4f11\u95f2\u957f\u8896\u957f\u88e4\u8fd0\u52a8\u5957\u88c5\u65b0\u6b3e\u97e9\u65f6\u5c1a\u5927\u7801\u5973\u88c5\u4e24\u4ef6\u5957"],"ptpC":"_mb_mls_10057922_wap-index_noab-noab","sale":"86","shopId":"20542751","show":{"h":416,"img":"http://s11.mogucdn.com/mlcdn/c45406/180816_7ecl9a0fe90j0kh30kff8c5j2jli4_640x960.jpg_320x999.jpg","w":320},"showLarge":{"h":840,"img":"http://s11.mogucdn.com/mlcdn/c45406/180816_7ecl9a0fe90j0kh30kff8c5j2jli4_640x960.jpg_560x999.jpg","w":560},"title":"2018\u79cb\u88c5\u65b0\u54c1\u5973\u58eb\u8fd0\u52a8\u5957\u88c5\u7acb\u9886\u4f11\u95f2\u957f\u8896\u957f\u88e4\u8fd0\u52a8\u5957\u88c5\u65b0\u6b3e\u97e9\u65f6\u5c1a\u5927\u7801\u5973\u88c5\u4e24\u4ef6\u5957","titleTags":null,"type":2},{"acm":"3.ms.2_1_1m72u06.0.70871-69004.s026vr4QNwSkg.sd_117-c_2_32_424663558_2024171_14_0-t_-c1_10057922_nil_nil_0_2024171_31_0-lc_32","cfav":"139","clientUrl":"http://item.meilishuo.com/h5/detail/1m72u06?acm=3.ms.2_1_1m72u06.0.70871-69004.s026vr4QNwSkg.sd_117-c_2_32_424663558_2024171_14_0-t_-c1_10057922_nil_nil_0_2024171_31_0-lc_32&cparam=MTUzODA1MTA2Nl8xZTFvMTFnXzY4OTgyOTkwYTdjNWE4ZWMwNjM5NzYyNThhNjhhZWFjXzMyXzEzXzQyNDY2MzU1OF8wXzIwMjQxNzFfMTRfMF8xODBfMF8w","cparam":"MTUzODA1MTA2Nl8xZTFvMTFnXzY4OTgyOTkwYTdjNWE4ZWMwNjM5NzYyNThhNjhhZWFjXzMyXzEzXzQyNDY2MzU1OF8wXzIwMjQxNzFfMTRfMF8xODBfMF8w","iid":"1m72u06","itemMarks":"-1","itemType":7,"leftbottom_taglist":[],"lefttop_taglist":[],"link":"http://item.meilishuo.com/h5/detail/1m72u06?acm=3.ms.2_1_1m72u06.0.70871-69004.s026vr4QNwSkg.sd_117-c_2_32_424663558_2024171_14_0-t_-c1_10057922_nil_nil_0_2024171_31_0-lc_32&cparam=MTUzODA1MTA2Nl8xZTFvMTFnXzY4OTgyOTkwYTdjNWE4ZWMwNjM5NzYyNThhNjhhZWFjXzMyXzEzXzQyNDY2MzU1OF8wXzIwMjQxNzFfMTRfMF8xODBfMF8w","orgPrice":"\uffe5198.00","popularStar":null,"price":"138.00","props":["2018\u65b0\u54c1\u5973\u58eb\u4e09\u4ef6\u5957\u4f11\u95f2\u8fd0\u52a8\u5957\u88c5\u5973\u5927\u7801\u957f\u8896\u65f6\u5c1a\u6f6e\u65b0\u6b3e\u79cb\u5b63\u536b\u8863\u4e09\u4ef6\u5957\u5927\u7801\u663e\u7626\u8fd0\u52a8\u670d\u9488\u7ec7\u5957\u88c5"],"ptpC":"_mb_mls_10057922_wap-index_noab-noab","sale":"97","shopId":"20542751","show":{"h":416,"img":"http://s3.mogucdn.com/mlcdn/17f85e/180809_5j80h89h596d1f2fi40hk9jh8c30e_640x960.jpg_320x999.jpg","w":320},"showLarge":{"h":840,"img":"http://s3.mogucdn.com/mlcdn/17f85e/180809_5j80h89h596d1f2fi40hk9jh8c30e_640x960.jpg_560x999.jpg","w":560},"title":"2018\u65b0\u54c1\u5973\u58eb\u4e09\u4ef6\u5957\u4f11\u95f2\u8fd0\u52a8\u5957\u88c5\u5973\u5927\u7801\u957f\u8896\u65f6\u5c1a\u6f6e\u65b0\u6b3e\u79cb\u5b63\u536b\u8863\u4e09\u4ef6\u5957\u5927\u7801\u663e\u7626\u8fd0\u52a8\u670d\u9488\u7ec7\u5957\u88c5","titleTags":null,"type":2},{"acm":"3.ms.0_4_1m93mo0.0.13386-69004.s026vr4QNwSkg.t_-sd_117-lc_16","cfav":0,"clientUrl":"http://item.meilishuo.com/h5/detail/1m93mo0?acm=3.ms.0_4_1m93mo0.0.13386-69004.s026vr4QNwSkg.t_-sd_117-lc_16","cparam":null,"iid":"1m93mo0","itemMarks":"-1","itemType":5,"leftbottom_taglist":[],"lefttop_taglist":[],"link":"http://item.meilishuo.com/h5/detail/1m93mo0?acm=3.ms.0_4_1m93mo0.0.13386-69004.s026vr4QNwSkg.t_-sd_117-lc_16","orgPrice":"\uffe5155.72","popularStar":0,"price":"109.00","props":["2018\u79cb\u51ac\u88c5\u97e9\u7248\u65b0\u6b3e\u7eaf\u8272\u6c14\u8d28\u51cf\u9f84\u7cfb\u5e26\u9886\u5b66\u751f\u957f\u8896\u5bbd\u677e\u663e\u7626\u767e\u642d\u4e2d\u957f\u6b3e\u5f00\u53c9\u8fde\u8863\u88d9\u5973"],"ptpC":"_mb_mls_10057922_wap-index_noab-noab","sale":0,"shopId":1302420841,"show":{"h":416,"img":"http://s3.mogucdn.com/mlcdn/c45406/180927_155hh1c7d3c7jfd29cf62hl64idke_640x960.jpg_320x999.jpg","w":320},"showLarge":{"h":840,"img":"http://s11.mogucdn.com/mlcdn/c45406/180927_155hh1c7d3c7jfd29cf62hl64idke_640x960.jpg_560x999.jpg","w":560},"title":"2018\u79cb\u51ac\u88c5\u97e9\u7248\u65b0\u6b3e\u7eaf\u8272\u6c14\u8d28\u51cf\u9f84\u7cfb\u5e26\u9886\u5b66\u751f\u957f\u8896\u5bbd\u677e\u663e\u7626\u767e\u642d\u4e2d\u957f\u6b3e\u5f00\u53c9\u8fde\u8863\u88d9\u5973","titleTags":null,"type":2},{"acm":"3.ms.0_4_1m93mmu.0.13386-69004.s026vr4QNwSkg.t_-sd_117-lc_16","cfav":0,"clientUrl":"http://item.meilishuo.com/h5/detail/1m93mmu?acm=3.ms.0_4_1m93mmu.0.13386-69004.s026vr4QNwSkg.t_-sd_117-lc_16","cparam":null,"iid":"1m93mmu","itemMarks":"1525","itemType":5,"leftbottom_taglist":[],"lefttop_taglist":[],"link":"http://item.meilishuo.com/h5/detail/1m93mmu?acm=3.ms.0_4_1m93mmu.0.13386-69004.s026vr4QNwSkg.t_-sd_117-lc_16","orgPrice":"\uffe571.25","popularStar":0,"price":"71.25","props":["\u97e9\u7248\u5973\u88c5\u5fc3\u673aV\u9886\u6f0f\u9501\u9aa8\u767d\u886c\u886b\u5973\u5bbd\u677e\u8759\u8760\u8896\u886c\u88632018\u79cb\u88c5\u65b0\u6b3e\u4e0a\u8863"],"ptpC":"_mb_mls_10057922_wap-index_noab-noab","sale":0,"shopId":21393566,"show":{"h":416,"img":"http://s11.mogucdn.com/mlcdn/c45406/180927_0l4448a5f7l7hcbb7dg8l82kl7af2_640x960.jpg_320x999.jpg","w":320},"showLarge":{"h":840,"img":"http://s11.mogucdn.com/mlcdn/c45406/180927_0l4448a5f7l7hcbb7dg8l82kl7af2_640x960.jpg_560x999.jpg","w":560},"title":"\u97e9\u7248\u5973\u88c5\u5fc3\u673aV\u9886\u6f0f\u9501\u9aa8\u767d\u886c\u886b\u5973\u5bbd\u677e\u8759\u8760\u8896\u886c\u88632018\u79cb\u88c5\u65b0\u6b3e\u4e0a\u8863","titleTags":null,"type":2},{"acm":"3.ms.2_1_1m72f6m.0.70871-69004.s026vr4QNwSkg.sd_117-c_2_32_438772165_458168242_15_0-t_-c1_10057922_nil_nil_1_458168242_30_0-lc_32","cfav":"42","clientUrl":"http://item.meilishuo.com/h5/detail/1m72f6m?acm=3.ms.2_1_1m72f6m.0.70871-69004.s026vr4QNwSkg.sd_117-c_2_32_438772165_458168242_15_0-t_-c1_10057922_nil_nil_1_458168242_30_0-lc_32&cparam=MTUzODA1MTA2Nl8xZWlndGt5X2ZhNTQxZmRlMWYzNWQyYzc3NDdmMTU0MjFmMzRjZTBhXzMyXzE0XzQzODc3MjE2NV8wXzBfMTVfMF8xODVfMF8w","cparam":"MTUzODA1MTA2Nl8xZWlndGt5X2ZhNTQxZmRlMWYzNWQyYzc3NDdmMTU0MjFmMzRjZTBhXzMyXzE0XzQzODc3MjE2NV8wXzBfMTVfMF8xODVfMF8w","iid":"1m72f6m","itemMarks":"1525","itemType":7,"leftbottom_taglist":[],"lefttop_taglist":[],"link":"http://item.meilishuo.com/h5/detail/1m72f6m?acm=3.ms.2_1_1m72f6m.0.70871-69004.s026vr4QNwSkg.sd_117-c_2_32_438772165_458168242_15_0-t_-c1_10057922_nil_nil_1_458168242_30_0-lc_32&cparam=MTUzODA1MTA2Nl8xZWlndGt5X2ZhNTQxZmRlMWYzNWQyYzc3NDdmMTU0MjFmMzRjZTBhXzMyXzE0XzQzODc3MjE2NV8wXzBfMTVfMF8xODVfMF8w","orgPrice":"\uffe557.00","popularStar":null,"price":"39.90","props":["2018\u65b0\u6b3e\u79cb\u88c5\u767d\u8272\u957f\u8896t\u6064\u5973\u5bbd\u677e\u97e9\u7248\u5b66\u751f\u4f53\u6064\u767e\u642d\u957f\u8896\u4e0a\u8863\u670d"],"ptpC":"_mb_mls_10057922_wap-index_noab-noab","sale":"32","shopId":"20646861","show":{"h":416,"img":"http://s11.mogucdn.com/mlcdn/55cf19/180809_84ae1lkjf1i4a9003llck204abk41_640x960.jpg_320x999.jpg","w":320},"showLarge":{"h":840,"img":"http://s3.mogucdn.com/mlcdn/55cf19/180809_84ae1lkjf1i4a9003llck204abk41_640x960.jpg_560x999.jpg","w":560},"title":"2018\u65b0\u6b3e\u79cb\u88c5\u767d\u8272\u957f\u8896t\u6064\u5973\u5bbd\u677e\u97e9\u7248\u5b66\u751f\u4f53\u6064\u767e\u642d\u957f\u8896\u4e0a\u8863\u670d","titleTags":null,"type":2},{"acm":"3.ms.2_1_1m4xiic.0.70871-69004.s026vr4QNwSkg.sd_117-c_2_32_429458579_2037563_16_0-t_-c1_10057922_nil_nil_0_2037563_30_0-lc_32","cfav":"2489","clientUrl":"http://item.meilishuo.com/h5/detail/1m4xiic?acm=3.ms.2_1_1m4xiic.0.70871-69004.s026vr4QNwSkg.sd_117-c_2_32_429458579_2037563_16_0-t_-c1_10057922_nil_nil_0_2037563_30_0-lc_32&cparam=MTUzODA1MTA2Nl8xZTdka3JpXzNjODUzYTRjNzg5ODA2OGVmNGYyNGJiNzU4Y2I4MmFlXzMyXzE1XzQyOTQ1ODU3OV8wXzIwMzc1NjNfMTZfMF84MjlfMF8w","cparam":"MTUzODA1MTA2Nl8xZTdka3JpXzNjODUzYTRjNzg5ODA2OGVmNGYyNGJiNzU4Y2I4MmFlXzMyXzE1XzQyOTQ1ODU3OV8wXzIwMzc1NjNfMTZfMF84MjlfMF8w","iid":"1m4xiic","itemMarks":"1525 352 1990 82 61 351","itemType":7,"leftbottom_taglist":[],"lefttop_taglist":[],"link":"http://item.meilishuo.com/h5/detail/1m4xiic?acm=3.ms.2_1_1m4xiic.0.70871-69004.s026vr4QNwSkg.sd_117-c_2_32_429458579_2037563_16_0-t_-c1_10057922_nil_nil_0_2037563_30_0-lc_32&cparam=MTUzODA1MTA2Nl8xZTdka3JpXzNjODUzYTRjNzg5ODA2OGVmNGYyNGJiNzU4Y2I4MmFlXzMyXzE1XzQyOTQ1ODU3OV8wXzIwMzc1NjNfMTZfMF84MjlfMF8w","orgPrice":"\uffe569.00","popularStar":null,"price":"38.50","props":["\u3010\u4ef2\u964c\u7f8e\u30112018\u6625\u79cb\u5b63\u65b0\u6b3e\u539f\u5bbf\u98ce\u957f\u8896T\u6064\u5973bf\u6f6e\u5b66\u751f\u97e9\u7248\u62fc\u63a5\u767d\u8272\u590d\u53e4\u6e2f\u5473\u5bbd\u677e\u767e\u642d\u4e0a\u8863\u6253\u5e95"],"ptpC":"_mb_mls_10057922_wap-index_noab-noab","sale":"1577","shopId":"20261545","show":{"h":416,"img":"http://s11.mogucdn.com/mlcdn/17f85e/180914_6c0c8i05ff9ig0b3h4c1e40jd422d_640x960.jpg_320x999.jpg","w":320},"showLarge":{"h":840,"img":"http://s3.mogucdn.com/mlcdn/17f85e/180914_6c0c8i05ff9ig0b3h4c1e40jd422d_640x960.jpg_560x999.jpg","w":560},"title":"\u3010\u4ef2\u964c\u7f8e\u30112018\u6625\u79cb\u5b63\u65b0\u6b3e\u539f\u5bbf\u98ce\u957f\u8896T\u6064\u5973bf\u6f6e\u5b66\u751f\u97e9\u7248\u62fc\u63a5\u767d\u8272\u590d\u53e4\u6e2f\u5473\u5bbd\u677e\u767e\u642d\u4e0a\u8863\u6253\u5e95","titleTags":null,"type":2},{"acm":"3.ms.2_1_1m4tdhy.0.70871-69004.s026vr4QNwSkg.sd_117-c_2_32_415780334_1257105158_17_0-t_-c1_10057922_nil_nil_2_1257105158_42_0-lc_32","cfav":"1561","clientUrl":"http://item.meilishuo.com/h5/detail/1m4tdhy?acm=3.ms.2_1_1m4tdhy.0.70871-69004.s026vr4QNwSkg.sd_117-c_2_32_415780334_1257105158_17_0-t_-c1_10057922_nil_nil_2_1257105158_42_0-lc_32&cparam=MTUzODA1MTA2Nl8xZHIzOGQwX2JhNTUxODYxMjU5ZDU5OGMwYWVlNTU1Zjk0YzAyMzQ4XzMyXzE2XzQxNTc4MDMzNF8wXzBfMTdfMF83NDRfMF8w","cparam":"MTUzODA1MTA2Nl8xZHIzOGQwX2JhNTUxODYxMjU5ZDU5OGMwYWVlNTU1Zjk0YzAyMzQ4XzMyXzE2XzQxNTc4MDMzNF8wXzBfMTdfMF83NDRfMF8w","iid":"1m4tdhy","itemMarks":"1525","itemType":7,"leftbottom_taglist":[],"lefttop_taglist":[],"link":"http://item.meilishuo.com/h5/detail/1m4tdhy?acm=3.ms.2_1_1m4tdhy.0.70871-69004.s026vr4QNwSkg.sd_117-c_2_32_415780334_1257105158_17_0-t_-c1_10057922_nil_nil_2_1257105158_42_0-lc_32&cparam=MTUzODA1MTA2Nl8xZHIzOGQwX2JhNTUxODYxMjU5ZDU5OGMwYWVlNTU1Zjk0YzAyMzQ4XzMyXzE2XzQxNTc4MDMzNF8wXzBfMTdfMF83NDRfMF8w","orgPrice":"\uffe554.00","popularStar":null,"price":"37.00","props":["\u6768\u5e42\u660e\u661f\u540c\u6b3e2018\u65b0\u6b3e\u767d\u8272ins\u8d85\u706b\u77ed\u8896t\u6064\u5973\u5b57\u6bcd\u5bbd\u677e\u7eaf\u68c9\u767e\u642d\u4e0a\u8863"],"ptpC":"_mb_mls_10057922_wap-index_noab-noab","sale":"1557","shopId":"1302442895","show":{"h":416,"img":"http://s11.mogucdn.com/mlcdn/c45406/180624_4afhg8gg9743k8h5lab2jifficd3e_640x960.png_320x999.jpg","w":320},"showLarge":{"h":840,"img":"http://s3.mogucdn.com/mlcdn/c45406/180624_4afhg8gg9743k8h5lab2jifficd3e_640x960.png_560x999.jpg","w":560},"title":"\u6768\u5e42\u660e\u661f\u540c\u6b3e2018\u65b0\u6b3e\u767d\u8272ins\u8d85\u706b\u77ed\u8896t\u6064\u5973\u5b57\u6bcd\u5bbd\u677e\u7eaf\u68c9\u767e\u642d\u4e0a\u8863","titleTags":null,"type":2},{"acm":"3.ms.2_1_1m4s06m.0.70871-69004.s026vr4QNwSkg.sd_117-c_2_32_403400708_448293013_18_0-t_-c1_10057922_nil_nil_1_448293013_30_0-lc_32","cfav":"3891","clientUrl":"http://item.meilishuo.com/h5/detail/1m4s06m?acm=3.ms.2_1_1m4s06m.0.70871-69004.s026vr4QNwSkg.sd_117-c_2_32_403400708_448293013_18_0-t_-c1_10057922_nil_nil_1_448293013_30_0-lc_32&cparam=MTUzODA1MTA2Nl8xZGNjazAwX2Q2MjI2OTVlNDRlZWRmNzEyMTYxMDkzYzM3YzZiOWFiXzMyXzE3XzQwMzQwMDcwOF8wXzBfMThfMF83ODZfMF8w","cparam":"MTUzODA1MTA2Nl8xZGNjazAwX2Q2MjI2OTVlNDRlZWRmNzEyMTYxMDkzYzM3YzZiOWFiXzMyXzE3XzQwMzQwMDcwOF8wXzBfMThfMF83ODZfMF8w","iid":"1m4s06m","itemMarks":"1525 82","itemType":7,"leftbottom_taglist":[],"lefttop_taglist":[],"link":"http://item.meilishuo.com/h5/detail/1m4s06m?acm=3.ms.2_1_1m4s06m.0.70871-69004.s026vr4QNwSkg.sd_117-c_2_32_403400708_448293013_18_0-t_-c1_10057922_nil_nil_1_448293013_30_0-lc_32&cparam=MTUzODA1MTA2Nl8xZGNjazAwX2Q2MjI2OTVlNDRlZWRmNzEyMTYxMDkzYzM3YzZiOWFiXzMyXzE3XzQwMzQwMDcwOF8wXzBfMThfMF83ODZfMF8w","orgPrice":"\uffe529.90","popularStar":null,"price":"27.90","props":["t\u6064\u5973\u77ed\u88962018\u65b0\u6b3e\u590f\u5b66\u751f\u5bbd\u677e\u97e9\u7248ulzzang\u767e\u642d\u6761\u7eb9ins\u8d85\u706b\u7684\u4e0a\u8863"],"ptpC":"_mb_mls_10057922_wap-index_noab-noab","sale":"1654","shopId":"20574163","show":{"h":416,"img":"http://s11.mogucdn.com/mlcdn/c45406/180623_1l8jlga277egb5cih5ilkdge0kb61_800x1200.jpg_320x999.jpg","w":320},"showLarge":{"h":840,"img":"http://s11.mogucdn.com/mlcdn/c45406/180623_1l8jlga277egb5cih5ilkdge0kb61_800x1200.jpg_560x999.jpg","w":560},"title":"t\u6064\u5973\u77ed\u88962018\u65b0\u6b3e\u590f\u5b66\u751f\u5bbd\u677e\u97e9\u7248ulzzang\u767e\u642d\u6761\u7eb9ins\u8d85\u706b\u7684\u4e0a\u8863","titleTags":null,"type":2}],"page":1,"param":{"_mgjuuid":"aef7e10d-0c27-4d56-8d97-db59fadbaafb","cKey":"wap-index","cpcEventId":70005,"cpc_offset":0,"eventId":70003,"fcid":"10057922","page":"1","ptpPartC":"_mb_mls_10057922_wap-index_noab-noab","ptpWallCpc":"_wall_cpc","ptpWallDoc":"_wall_docs","section":"0","sort":"new"},"ptpPartC":"_mb_mls_10057922_wap-index_noab-noab","sort":"new","title":"\u7f8e\u4e3d\u8bf4wap\u9996\u9875","total":41766},"returnCode":"1001","returnMessage":null,"success":true}
