{"data":{"cpc_offset":0,"filter":{"list":[{"fcid":"10057922","sort":"pop","style":null,"title":"\u6d41\u884c","type":"sort"},{"fcid":"10057922","sort":"sell","style":null,"title":"\u70ed\u9500","type":"sort"},{"fcid":"10057922","sort":"new","style":null,"title":"\u4e0a\u65b0","type":"sort"}],"title":"\u7f8e\u4e3d\u8bf4wap\u9996\u9875"},"isEnd":false,"list":[{"acm":"3.ms.0_4_1m93lye.0.13386-69004.s026ur4QNGCHz.t_-sd_117-lc_16","cfav":0,"clientUrl":"http://item.meilishuo.com/h5/detail/1m93lye?acm=3.ms.0_4_1m93lye.0.13386-69004.s026ur4QNGCHz.t_-sd_117-lc_16","cparam":null,"iid":"1m93lye","itemMarks":"-1","itemType":5,"leftbottom_taglist":[],"lefttop_taglist":[],"link":"http://item.meilishuo.com/h5/detail/1m93lye?acm=3.ms.0_4_1m93lye.0.13386-69004.s026ur4QNGCHz.t_-sd_117-lc_16","orgPrice":"\uffe578.58","popularStar":0,"price":"55.00","props":["2018\u65b0\u6b3e\u5973\u6625\u79cb\u4e2d\u957f\u6b3e\u88d9\u5b50\u539f\u5bbf\u98ce\u7c89\u8272\u7eb1\u88d9\u4e0d\u89c4\u5219a\u5b57\u7f51\u7eb1\u534a\u8eab\u88d9E81"],"ptpC":"_mb_mls_10057922_wap-index_noab-noab","sale":0,"shopId":1302421611,"show":{"h":416,"img":"http://s11.mogucdn.com/mlcdn/c45406/180927_83il4gib28h2ae714al8acgk6llcd_640x960.jpg_320x999.jpg","w":320},"showLarge":{"h":840,"img":"http://s11.mogucdn.com/mlcdn/c45406/180927_83il4gib28h2ae714al8acgk6llcd_640x960.jpg_560x999.jpg","w":560},"title":"2018\u65b0\u6b3e\u5973\u6625\u79cb\u4e2d\u957f\u6b3e\u88d9\u5b50\u539f\u5bbf\u98ce\u7c89\u8272\u7eb1\u88d9\u4e0d\u89c4\u5219a\u5b57\u7f51\u7eb1\u534a\u8eab\u88d9E81","titleTags":null,"type":2},{"acm":"3.ms.0_4_1m93lwu.0.13386-69004.s026ur4QNGCHz.t_-sd_117-lc_16","cfav":0,"clientUrl":"http://item.meilishuo.com/h5/detail/1m93lwu?acm=3.ms.0_4_1m93lwu.0.13386-69004.s026ur4QNGCHz.t_-sd_117-lc_16","cparam":null,"iid":"1m93lwu","itemMarks":"-1","itemType":5,"leftbottom_taglist":[],"lefttop_taglist":[],"link":"http://item.meilishuo.com/h5/detail/1m93lwu?acm=3.ms.0_4_1m93lwu.0.13386-69004.s026ur4QNGCHz.t_-sd_117-lc_16","orgPrice":"\uffe599.00","popularStar":0,"price":"99.00","props":["\u65e9\u79cb\u65f6\u5c1a\u6d0b\u6c14\u5957\u88c5\u59732018\u79cb\u88c5\u65b0\u6b3e\u97e9\u7248\u5bbd\u677e\u663e\u7626\u5973\u795e\u8303\u6c14\u8d28\u4e24\u4ef6\u5957\u6f6e"],"ptpC":"_mb_mls_10057922_wap-index_noab-noab","sale":0,"shopId":1302422717,"show":{"h":416,"img":"http://s3.mogucdn.com/mlcdn/c45406/180927_7f8a90c13a13dkjf2634jg7193djg_640x960.jpg_320x999.jpg","w":320},"showLarge":{"h":840,"img":"http://s11.mogucdn.com/mlcdn/c45406/180927_7f8a90c13a13dkjf2634jg7193djg_640x960.jpg_560x999.jpg","w":560},"title":"\u65e9\u79cb\u65f6\u5c1a\u6d0b\u6c14\u5957\u88c5\u59732018\u79cb\u88c5\u65b0\u6b3e\u97e9\u7248\u5bbd\u677e\u663e\u7626\u5973\u795e\u8303\u6c14\u8d28\u4e24\u4ef6\u5957\u6f6e","titleTags":null,"type":2},{"acm":"3.ms.2_1_1m4s06m.0.70871-69004.s026ur4QNGCHz.sd_117-c_2_32_403400708_448293013_19_0-t_-c1_10057922_nil_nil_1_448293013_30_0-lc_32","cfav":"3891","clientUrl":"http://item.meilishuo.com/h5/detail/1m4s06m?acm=3.ms.2_1_1m4s06m.0.70871-69004.s026ur4QNGCHz.sd_117-c_2_32_403400708_448293013_19_0-t_-c1_10057922_nil_nil_1_448293013_30_0-lc_32&cparam=MTUzODA1MTEwM18xZGNjazAwXzcwNmIyNjNjMmU3OTc2N2RlMDFjM2EyOGJmNzZiYTE2XzMyXzBfNDAzNDAwNzA4XzBfMF8xOV8wXzc4Nl8wXzA=","cparam":"MTUzODA1MTEwM18xZGNjazAwXzcwNmIyNjNjMmU3OTc2N2RlMDFjM2EyOGJmNzZiYTE2XzMyXzBfNDAzNDAwNzA4XzBfMF8xOV8wXzc4Nl8wXzA=","iid":"1m4s06m","itemMarks":"1525 82","itemType":7,"leftbottom_taglist":["http://s2.mogucdn.com/p2/170307/1_53je1gbj88bjheidae4al1le4h94i_60x28.png"],"lefttop_taglist":[],"link":"http://item.meilishuo.com/h5/detail/1m4s06m?acm=3.ms.2_1_1m4s06m.0.70871-69004.s026ur4QNGCHz.sd_117-c_2_32_403400708_448293013_19_0-t_-c1_10057922_nil_nil_1_448293013_30_0-lc_32&cparam=MTUzODA1MTEwM18xZGNjazAwXzcwNmIyNjNjMmU3OTc2N2RlMDFjM2EyOGJmNzZiYTE2XzMyXzBfNDAzNDAwNzA4XzBfMF8xOV8wXzc4Nl8wXzA=","orgPrice":"\uffe529.90","popularStar":null,"price":"27.90","props":["t\u6064\u5973\u77ed\u88962018\u65b0\u6b3e\u590f\u5b66\u751f\u5bbd\u677e\u97e9\u7248ulzzang\u767e\u642d\u6761\u7eb9ins\u8d85\u706b\u7684\u4e0a\u8863"],"ptpC":"_mb_mls_10057922_wap-index_noab-noab","sale":"1654","shopId":"20574163","show":{"h":416,"img":"http://s11.mogucdn.com/mlcdn/c45406/180623_1l8jlga277egb5cih5ilkdge0kb61_800x1200.jpg_320x999.jpg","w":320},"showLarge":{"h":840,"img":"http://s11.mogucdn.com/mlcdn/c45406/180623_1l8jlga277egb5cih5ilkdge0kb61_800x1200.jpg_560x999.jpg","w":560},"title":"t\u6064\u5973\u77ed\u88962018\u65b0\u6b3e\u590f\u5b66\u751f\u5bbd\u677e\u97e9\u7248ulzzang\u767e\u642d\u6761\u7eb9ins\u8d85\u706b\u7684\u4e0a\u8863","titleTags":null,"type":2},{"acm":"3.ms.2_1_1m4lame.0.70871-69004.s026ur4QNGCHz.sd_117-c_2_32_405422112_1254233147_20_0-t_-c1_10057922_nil_nil_2_1254233147_20_0-lc_32","cfav":"2017","clientUrl":"http://item.meilishuo.com/h5/detail/1m4lame?acm=3.ms.2_1_1m4lame.0.70871-69004.s026ur4QNGCHz.sd_117-c_2_32_405422112_1254233147_20_0-t_-c1_10057922_nil_nil_2_1254233147_20_0-lc_32&cparam=MTUzODA1MTEwM18xZGVyN2c4X2RjNDRjNTE2MjU5M2U2ZDgwZDA2ODUwMjc0ZGY0YTI3XzMyXzFfNDA1NDIyMTEyXzBfMF8yMF8wXzc5OF8wXzA=","cparam":"MTUzODA1MTEwM18xZGVyN2c4X2RjNDRjNTE2MjU5M2U2ZDgwZDA2ODUwMjc0ZGY0YTI3XzMyXzFfNDA1NDIyMTEyXzBfMF8yMF8wXzc5OF8wXzA=","iid":"1m4lame","itemMarks":"1525","itemType":7,"leftbottom_taglist":["http://s2.mogucdn.com/p2/170307/1_5k6k8eiffl43633479294a49f8gci_60x28.png"],"lefttop_taglist":[],"link":"http://item.meilishuo.com/h5/detail/1m4lame?acm=3.ms.2_1_1m4lame.0.70871-69004.s026ur4QNGCHz.sd_117-c_2_32_405422112_1254233147_20_0-t_-c1_10057922_nil_nil_2_1254233147_20_0-lc_32&cparam=MTUzODA1MTEwM18xZGVyN2c4X2RjNDRjNTE2MjU5M2U2ZDgwZDA2ODUwMjc0ZGY0YTI3XzMyXzFfNDA1NDIyMTEyXzBfMF8yMF8wXzc5OF8wXzA=","orgPrice":"\uffe557.00","popularStar":null,"price":"39.90","props":["\u9001\u8fd0\u8d39\u9669\u77ed\u8896t\u6064\u59732018\u590f\u5b63\u65b0\u6b3e\u5973\u88c5\u97e9\u7248\u65f6\u5c1a\u6c14\u8d28\u767e\u642dulzzang\u5b66\u751f\u767e\u642d\u5c0f\u5fc3\u673a\u7eaf\u8272\u4e0a\u8863"],"ptpC":"_mb_mls_10057922_wap-index_noab-noab","sale":"1300","shopId":"110697","show":{"h":416,"img":"http://s3.mogucdn.com/mlcdn/c45406/180621_6hk40gb5d4a1f4il81l981g211792_640x960.jpg_320x999.jpg","w":320},"showLarge":{"h":840,"img":"http://s3.mogucdn.com/mlcdn/c45406/180621_6hk40gb5d4a1f4il81l981g211792_640x960.jpg_560x999.jpg","w":560},"title":"\u9001\u8fd0\u8d39\u9669\u77ed\u8896t\u6064\u59732018\u590f\u5b63\u65b0\u6b3e\u5973\u88c5\u97e9\u7248\u65f6\u5c1a\u6c14\u8d28\u767e\u642dulzzang\u5b66\u751f\u767e\u642d\u5c0f\u5fc3\u673a\u7eaf\u8272\u4e0a\u8863","titleTags":null,"type":2},{"acm":"3.ms.0_4_1m93lyy.0.13386-69004.s026ur4QNGCHz.t_-sd_117-lc_16","cfav":0,"clientUrl":"http://item.meilishuo.com/h5/detail/1m93lyy?acm=3.ms.0_4_1m93lyy.0.13386-69004.s026ur4QNGCHz.t_-sd_117-lc_16","cparam":null,"iid":"1m93lyy","itemMarks":"-1","itemType":5,"leftbottom_taglist":[],"lefttop_taglist":[],"link":"http://item.meilishuo.com/h5/detail/1m93lyy?acm=3.ms.0_4_1m93lyy.0.13386-69004.s026ur4QNGCHz.t_-sd_117-lc_16","orgPrice":"\uffe5142.84","popularStar":0,"price":"99.98","props":["\u65f6\u5c1a\u5957\u88c5\u4e24\u4ef6\u5957\u7f51\u7ea2\u540c\u6b3e2018\u79cb\u88c5\u65b0\u6b3e\u6bdb\u8863\u5916\u5957\u5973\u4e2d\u957f\u6b3e\u5bbd\u677e\u663e\u7626\u5b66\u751f\u53ef\u7231\u9488\u7ec7\u5f00\u886b+\u9ad8\u8170\u725b\u4ed4\u88e4"],"ptpC":"_mb_mls_10057922_wap-index_noab-noab","sale":0,"shopId":1302415823,"show":{"h":416,"img":"http://s11.mogucdn.com/mlcdn/c45406/180927_8g6a6bhg0j01i9843b6dffhjij445_640x960.jpg_320x999.jpg","w":320},"showLarge":{"h":840,"img":"http://s3.mogucdn.com/mlcdn/c45406/180927_8g6a6bhg0j01i9843b6dffhjij445_640x960.jpg_560x999.jpg","w":560},"title":"\u65f6\u5c1a\u5957\u88c5\u4e24\u4ef6\u5957\u7f51\u7ea2\u540c\u6b3e2018\u79cb\u88c5\u65b0\u6b3e\u6bdb\u8863\u5916\u5957\u5973\u4e2d\u957f\u6b3e\u5bbd\u677e\u663e\u7626\u5b66\u751f\u53ef\u7231\u9488\u7ec7\u5f00\u886b+\u9ad8\u8170\u725b\u4ed4\u88e4","titleTags":null,"type":2},{"acm":"3.ms.0_4_1m93lhs.0.13386-69004.s026ur4QNGCHz.t_-sd_117-lc_16","cfav":0,"clientUrl":"http://item.meilishuo.com/h5/detail/1m93lhs?acm=3.ms.0_4_1m93lhs.0.13386-69004.s026ur4QNGCHz.t_-sd_117-lc_16","cparam":null,"iid":"1m93lhs","itemMarks":"-1","itemType":5,"leftbottom_taglist":[],"lefttop_taglist":[],"link":"http://item.meilishuo.com/h5/detail/1m93lhs?acm=3.ms.0_4_1m93lhs.0.13386-69004.s026ur4QNGCHz.t_-sd_117-lc_16","orgPrice":"\uffe5399.00","popularStar":0,"price":"399.00","props":["2018\u79cb\u65b0\u6b3e\u683c\u5b50\u957f\u8896\u97e9\u7248\u80cc\u5fc3\u88d9\u4e24\u4ef6\u5957\u5957\u88c5\u88d9"],"ptpC":"_mb_mls_10057922_wap-index_noab-noab","sale":0,"shopId":1302445467,"show":{"h":416,"img":"http://s3.mogucdn.com/mlcdn/c45406/180927_4474l26g4bb8e52jad94ghhdf8c9f_640x960.jpg_320x999.jpg","w":320},"showLarge":{"h":840,"img":"http://s11.mogucdn.com/mlcdn/c45406/180927_4474l26g4bb8e52jad94ghhdf8c9f_640x960.jpg_560x999.jpg","w":560},"title":"2018\u79cb\u65b0\u6b3e\u683c\u5b50\u957f\u8896\u97e9\u7248\u80cc\u5fc3\u88d9\u4e24\u4ef6\u5957\u5957\u88c5\u88d9","titleTags":null,"type":2},{"acm":"3.ms.2_1_1m4jogi.0.70871-69004.s026ur4QNGCHz.sd_117-c_2_32_401464435_447260075_21_0-t_-c1_10057922_nil_nil_1_447260075_32_0-lc_32","cfav":"969","clientUrl":"http://item.meilishuo.com/h5/detail/1m4jogi?acm=3.ms.2_1_1m4jogi.0.70871-69004.s026ur4QNGCHz.sd_117-c_2_32_401464435_447260075_21_0-t_-c1_10057922_nil_nil_1_447260075_32_0-lc_32&cparam=MTUzODA1MTEwM18xZGExanhhX2MyZGZkY2NiM2MxZDE3MmIxY2RlMjMyMzQwOTc4MmNjXzMyXzJfNDAxNDY0NDM1XzBfMF8yMV8wXzUzOF8wXzA=","cparam":"MTUzODA1MTEwM18xZGExanhhX2MyZGZkY2NiM2MxZDE3MmIxY2RlMjMyMzQwOTc4MmNjXzMyXzJfNDAxNDY0NDM1XzBfMF8yMV8wXzUzOF8wXzA=","iid":"1m4jogi","itemMarks":"1525","itemType":7,"leftbottom_taglist":[],"lefttop_taglist":[],"link":"http://item.meilishuo.com/h5/detail/1m4jogi?acm=3.ms.2_1_1m4jogi.0.70871-69004.s026ur4QNGCHz.sd_117-c_2_32_401464435_447260075_21_0-t_-c1_10057922_nil_nil_1_447260075_32_0-lc_32&cparam=MTUzODA1MTEwM18xZGExanhhX2MyZGZkY2NiM2MxZDE3MmIxY2RlMjMyMzQwOTc4MmNjXzMyXzJfNDAxNDY0NDM1XzBfMF8yMV8wXzUzOF8wXzA=","orgPrice":"\uffe550.00","popularStar":null,"price":"50.00","props":["2018\u590f\u88c5\u65b0\u6b3e\u97e9\u8303t\u6064\u5973\u77ed\u8896\u5bbd\u677e\u767e\u642d\u97e9\u7248\u5b66\u751f\u534a\u8896ins\u8d85\u706b\u7684\u4e0a\u8863\u4f53\u4f90\u6f6e"],"ptpC":"_mb_mls_10057922_wap-index_noab-noab","sale":"649","shopId":"1302408692","show":{"h":416,"img":"http://s11.mogucdn.com/mlcdn/55cf19/180620_0ifc756dajkd1bf75gh53g3fefe60_640x960.jpg_320x999.jpg","w":320},"showLarge":{"h":840,"img":"http://s11.mogucdn.com/mlcdn/55cf19/180620_0ifc756dajkd1bf75gh53g3fefe60_640x960.jpg_560x999.jpg","w":560},"title":"2018\u590f\u88c5\u65b0\u6b3e\u97e9\u8303t\u6064\u5973\u77ed\u8896\u5bbd\u677e\u767e\u642d\u97e9\u7248\u5b66\u751f\u534a\u8896ins\u8d85\u706b\u7684\u4e0a\u8863\u4f53\u4f90\u6f6e","titleTags":null,"type":2},{"acm":"3.ms.2_1_1m4j83i.0.70871-69004.s026ur4QNGCHz.sd_117-c_2_32_405868839_1253530981_22_0-t_-c1_10057922_nil_nil_2_1253530981_20_0-lc_32","cfav":"1255","clientUrl":"http://item.meilishuo.com/h5/detail/1m4j83i?acm=3.ms.2_1_1m4j83i.0.70871-69004.s026ur4QNGCHz.sd_117-c_2_32_405868839_1253530981_22_0-t_-c1_10057922_nil_nil_2_1253530981_20_0-lc_32&cparam=MTUzODA1MTEwM18xZGZhY3VlXzA2ZWVhYjQwYTNhNjk1OWYxZTRlMjUzYjAwYzM4ZWFlXzMyXzNfNDA1ODY4ODM5XzBfMF8yMl8wXzU2NV8wXzA=","cparam":"MTUzODA1MTEwM18xZGZhY3VlXzA2ZWVhYjQwYTNhNjk1OWYxZTRlMjUzYjAwYzM4ZWFlXzMyXzNfNDA1ODY4ODM5XzBfMF8yMl8wXzU2NV8wXzA=","iid":"1m4j83i","itemMarks":"1525","itemType":7,"leftbottom_taglist":[],"lefttop_taglist":[],"link":"http://item.meilishuo.com/h5/detail/1m4j83i?acm=3.ms.2_1_1m4j83i.0.70871-69004.s026ur4QNGCHz.sd_117-c_2_32_405868839_1253530981_22_0-t_-c1_10057922_nil_nil_2_1253530981_20_0-lc_32&cparam=MTUzODA1MTEwM18xZGZhY3VlXzA2ZWVhYjQwYTNhNjk1OWYxZTRlMjUzYjAwYzM4ZWFlXzMyXzNfNDA1ODY4ODM5XzBfMF8yMl8wXzU2NV8wXzA=","orgPrice":"\uffe557.00","popularStar":null,"price":"39.90","props":["2018\u590f\u88c5\u65b0\u6b3e\u97e9\u8303v\u9886\u4ea4\u53c9\u7c89\u8272\u77ed\u8896T\u6064\u5973\u88c5\u7eaf\u8272\u534a\u622a\u8896\u5c0f\u5fc3\u673a\u4e0a\u8863"],"ptpC":"_mb_mls_10057922_wap-index_noab-noab","sale":"710","shopId":"108443","show":{"h":416,"img":"http://s3.mogucdn.com/mlcdn/c45406/180620_89fbj1j06cd1lbblf1157jfgd53c9_640x960.jpg_320x999.jpg","w":320},"showLarge":{"h":840,"img":"http://s3.mogucdn.com/mlcdn/c45406/180620_89fbj1j06cd1lbblf1157jfgd53c9_640x960.jpg_560x999.jpg","w":560},"title":"2018\u590f\u88c5\u65b0\u6b3e\u97e9\u8303v\u9886\u4ea4\u53c9\u7c89\u8272\u77ed\u8896T\u6064\u5973\u88c5\u7eaf\u8272\u534a\u622a\u8896\u5c0f\u5fc3\u673a\u4e0a\u8863","titleTags":null,"type":2},{"acm":"3.ms.2_1_1m3dm2o.0.70871-69004.s026ur4QNGCHz.sd_117-c_2_32_407263421_442159017_23_0-t_-c1_10057922_nil_nil_1_442159017_20_0-lc_32","cfav":"740","clientUrl":"http://item.meilishuo.com/h5/detail/1m3dm2o?acm=3.ms.2_1_1m3dm2o.0.70871-69004.s026ur4QNGCHz.sd_117-c_2_32_407263421_442159017_23_0-t_-c1_10057922_nil_nil_1_442159017_20_0-lc_32&cparam=MTUzODA1MTEwM18xZGd5NHo2XzQzNDhiYzk5MTkzY2MwMDcxZjVlZWJjZjVmNDA1NjNiXzMyXzRfNDA3MjYzNDIxXzBfMF8yM18wXzU2NV8wXzA=","cparam":"MTUzODA1MTEwM18xZGd5NHo2XzQzNDhiYzk5MTkzY2MwMDcxZjVlZWJjZjVmNDA1NjNiXzMyXzRfNDA3MjYzNDIxXzBfMF8yM18wXzU2NV8wXzA=","iid":"1m3dm2o","itemMarks":"1525","itemType":7,"leftbottom_taglist":[],"lefttop_taglist":[],"link":"http://item.meilishuo.com/h5/detail/1m3dm2o?acm=3.ms.2_1_1m3dm2o.0.70871-69004.s026ur4QNGCHz.sd_117-c_2_32_407263421_442159017_23_0-t_-c1_10057922_nil_nil_1_442159017_20_0-lc_32&cparam=MTUzODA1MTEwM18xZGd5NHo2XzQzNDhiYzk5MTkzY2MwMDcxZjVlZWJjZjVmNDA1NjNiXzMyXzRfNDA3MjYzNDIxXzBfMF8yM18wXzU2NV8wXzA=","orgPrice":"\uffe542.71","popularStar":null,"price":"29.89","props":["2018\u590f\u88c5\u65b0\u6b3e\u4fee\u8eab\u663e\u7626\u6027\u611f\u62fc\u8272\u9488\u7ec7\u5973\u77ed\u6b3e\u97e9\u7248\u4f11\u95f2\u6253\u5e95\u886b\u4e0a\u8863\u540a\u5e26\u80cc\u5fc3"],"ptpC":"_mb_mls_10057922_wap-index_noab-noab","sale":"307","shopId":"108443","show":{"h":416,"img":"http://s11.mogucdn.com/mlcdn/c45406/180605_25ah46f6e61dk43g22i3cf6dckcf6_640x960.jpg_320x999.jpg","w":320},"showLarge":{"h":840,"img":"http://s3.mogucdn.com/mlcdn/c45406/180605_25ah46f6e61dk43g22i3cf6dckcf6_640x960.jpg_560x999.jpg","w":560},"title":"2018\u590f\u88c5\u65b0\u6b3e\u4fee\u8eab\u663e\u7626\u6027\u611f\u62fc\u8272\u9488\u7ec7\u5973\u77ed\u6b3e\u97e9\u7248\u4f11\u95f2\u6253\u5e95\u886b\u4e0a\u8863\u540a\u5e26\u80cc\u5fc3","titleTags":null,"type":2},{"acm":"3.ms.2_1_1m3djgk.0.70871-69004.s026ur4QNGCHz.sd_117-c_2_32_393890050_1245764959_24_0-t_-c1_10057922_nil_nil_2_1245764959_30_0-lc_32","cfav":"377","clientUrl":"http://item.meilishuo.com/h5/detail/1m3djgk?acm=3.ms.2_1_1m3djgk.0.70871-69004.s026ur4QNGCHz.sd_117-c_2_32_393890050_1245764959_24_0-t_-c1_10057922_nil_nil_2_1245764959_30_0-lc_32&cparam=MTUzODA1MTEwM18xZDEwdjI0XzI0NWIyMGQ4NzQwMDBkYzc2YjE1ZTJhMWI4NWE3MjU3XzMyXzVfMzkzODkwMDUwXzBfMF8yNF8wXzE4Nl8wXzA=","cparam":"MTUzODA1MTEwM18xZDEwdjI0XzI0NWIyMGQ4NzQwMDBkYzc2YjE1ZTJhMWI4NWE3MjU3XzMyXzVfMzkzODkwMDUwXzBfMF8yNF8wXzE4Nl8wXzA=","iid":"1m3djgk","itemMarks":"-1","itemType":7,"leftbottom_taglist":[],"lefttop_taglist":[],"link":"http://item.meilishuo.com/h5/detail/1m3djgk?acm=3.ms.2_1_1m3djgk.0.70871-69004.s026ur4QNGCHz.sd_117-c_2_32_393890050_1245764959_24_0-t_-c1_10057922_nil_nil_2_1245764959_30_0-lc_32&cparam=MTUzODA1MTEwM18xZDEwdjI0XzI0NWIyMGQ4NzQwMDBkYzc2YjE1ZTJhMWI4NWE3MjU3XzMyXzVfMzkzODkwMDUwXzBfMF8yNF8wXzE4Nl8wXzA=","orgPrice":"\uffe542.72","popularStar":null,"price":"29.90","props":["\u5bbd\u677e\u767d\u8272\u77ed\u8896T\u6064\u5973\u97e9\u7248\u534a\u8896\u4e0a\u8863\u5370\u82b12018\u590f\u5b63\u5973\u88c5\u65b0\u6b3e\u73ed\u670dins\u65f6\u5c1a\u767e\u642d\u5b66\u751f\u8863\u670d\u5927\u7801\u4f53\u6064"],"ptpC":"_mb_mls_10057922_wap-index_noab-noab","sale":"483","shopId":"22235597","show":{"h":416,"img":"http://s11.mogucdn.com/mlcdn/c45406/180605_0bij9iej61jd985ef5d67fk5g7l60_800x1200.jpg_320x999.jpg","w":320},"showLarge":{"h":840,"img":"http://s11.mogucdn.com/mlcdn/c45406/180605_0bij9iej61jd985ef5d67fk5g7l60_800x1200.jpg_560x999.jpg","w":560},"title":"\u5bbd\u677e\u767d\u8272\u77ed\u8896T\u6064\u5973\u97e9\u7248\u534a\u8896\u4e0a\u8863\u5370\u82b12018\u590f\u5b63\u5973\u88c5\u65b0\u6b3e\u73ed\u670dins\u65f6\u5c1a\u767e\u642d\u5b66\u751f\u8863\u670d\u5927\u7801\u4f53\u6064","titleTags":null,"type":2},{"acm":"3.ms.0_4_1m93lh8.0.13386-69004.s026ur4QNGCHz.t_-sd_117-lc_16","cfav":0,"clientUrl":"http://item.meilishuo.com/h5/detail/1m93lh8?acm=3.ms.0_4_1m93lh8.0.13386-69004.s026ur4QNGCHz.t_-sd_117-lc_16","cparam":null,"iid":"1m93lh8","itemMarks":"1525","itemType":5,"leftbottom_taglist":[],"lefttop_taglist":[],"link":"http://item.meilishuo.com/h5/detail/1m93lh8?acm=3.ms.0_4_1m93lh8.0.13386-69004.s026ur4QNGCHz.t_-sd_117-lc_16","orgPrice":"\uffe579.00","popularStar":0,"price":"55.30","props":["\u9488\u7ec7\u534a\u8eab\u88d9\u59732018\u79cb\u51ac\u65b0\u6b3e\u97e9\u7248\u9ad8\u8170\u5f00\u53c9\u9ed1\u8272\u6253\u5e95\u88d9\u4f11\u95f2\u65f6\u5c1a\u4e00\u6b65\u5305\u81c0\u88d9\u767e\u642d\u4e2d\u88d9"],"ptpC":"_mb_mls_10057922_wap-index_noab-noab","sale":0,"shopId":21078961,"show":{"h":416,"img":"http://s3.mogucdn.com/mlcdn/c45406/180927_8acb98l8dhd638a6g561i00g36h63_640x960.jpg_320x999.jpg","w":320},"showLarge":{"h":840,"img":"http://s3.mogucdn.com/mlcdn/c45406/180927_8acb98l8dhd638a6g561i00g36h63_640x960.jpg_560x999.jpg","w":560},"title":"\u9488\u7ec7\u534a\u8eab\u88d9\u59732018\u79cb\u51ac\u65b0\u6b3e\u97e9\u7248\u9ad8\u8170\u5f00\u53c9\u9ed1\u8272\u6253\u5e95\u88d9\u4f11\u95f2\u65f6\u5c1a\u4e00\u6b65\u5305\u81c0\u88d9\u767e\u642d\u4e2d\u88d9","titleTags":null,"type":2},{"acm":"3.ms.0_4_1m93l5i.0.13386-69004.s026ur4QNGCHz.t_-sd_117-lc_16","cfav":0,"clientUrl":"http://item.meilishuo.com/h5/detail/1m93l5i?acm=3.ms.0_4_1m93l5i.0.13386-69004.s026ur4QNGCHz.t_-sd_117-lc_16","cparam":null,"iid":"1m93l5i","itemMarks":"-1","itemType":5,"leftbottom_taglist":[],"lefttop_taglist":[],"link":"http://item.meilishuo.com/h5/detail/1m93l5i?acm=3.ms.0_4_1m93l5i.0.13386-69004.s026ur4QNGCHz.t_-sd_117-lc_16","orgPrice":"\uffe579.00","popularStar":0,"price":"49.90","props":["2018\u79cb\u5b63\u65b0\u6b3e\u6175\u61d2\u98ce\u5bbd\u677e\u767e\u642d\u8377\u53f6\u8fb9\u4e0a\u8863\u5c0f\u886b\u97e9\u7248\u5973\u5b66\u751f\u95fa\u871c\u88c5\u663e\u7626\u5587\u53ed\u8896\u957f\u8896\u7eaf\u8272\u886c\u886b\u6253\u5e95\u886b\u5973"],"ptpC":"_mb_mls_10057922_wap-index_noab-noab","sale":0,"shopId":1302421611,"show":{"h":416,"img":"http://s11.mogucdn.com/mlcdn/c45406/180927_18ilk796ja4f1500f84h952kddbgi_640x960.jpg_320x999.jpg","w":320},"showLarge":{"h":840,"img":"http://s11.mogucdn.com/mlcdn/c45406/180927_18ilk796ja4f1500f84h952kddbgi_640x960.jpg_560x999.jpg","w":560},"title":"2018\u79cb\u5b63\u65b0\u6b3e\u6175\u61d2\u98ce\u5bbd\u677e\u767e\u642d\u8377\u53f6\u8fb9\u4e0a\u8863\u5c0f\u886b\u97e9\u7248\u5973\u5b66\u751f\u95fa\u871c\u88c5\u663e\u7626\u5587\u53ed\u8896\u957f\u8896\u7eaf\u8272\u886c\u886b\u6253\u5e95\u886b\u5973","titleTags":null,"type":2},{"acm":"3.ms.2_1_1m3a900.0.70871-69004.s026ur4QNGCHz.sd_117-c_2_32_395143192_2004647_25_0-t_-c1_10057922_nil_nil_0_2004647_23_0-lc_32","cfav":"1115","clientUrl":"http://item.meilishuo.com/h5/detail/1m3a900?acm=3.ms.2_1_1m3a900.0.70871-69004.s026ur4QNGCHz.sd_117-c_2_32_395143192_2004647_25_0-t_-c1_10057922_nil_nil_0_2004647_23_0-lc_32&cparam=MTUzODA1MTEwM18xZDJpa3g0XzMxYzA5OTZiODcwNWI1MTA0ODdhYmU0MzU3MTg0ZGI2XzMyXzZfMzk1MTQzMTkyXzBfMjAwNDY0N18yNV8wXzMxMV8wXzA=","cparam":"MTUzODA1MTEwM18xZDJpa3g0XzMxYzA5OTZiODcwNWI1MTA0ODdhYmU0MzU3MTg0ZGI2XzMyXzZfMzk1MTQzMTkyXzBfMjAwNDY0N18yNV8wXzMxMV8wXzA=","iid":"1m3a900","itemMarks":"1525","itemType":7,"leftbottom_taglist":[],"lefttop_taglist":[],"link":"http://item.meilishuo.com/h5/detail/1m3a900?acm=3.ms.2_1_1m3a900.0.70871-69004.s026ur4QNGCHz.sd_117-c_2_32_395143192_2004647_25_0-t_-c1_10057922_nil_nil_0_2004647_23_0-lc_32&cparam=MTUzODA1MTEwM18xZDJpa3g0XzMxYzA5OTZiODcwNWI1MTA0ODdhYmU0MzU3MTg0ZGI2XzMyXzZfMzk1MTQzMTkyXzBfMjAwNDY0N18yNV8wXzMxMV8wXzA=","orgPrice":"\uffe540.00","popularStar":null,"price":"28.00","props":["2\u4ef650\u5143qlz\u590f\u5b632018\u60c5\u4fa3\u88c5\u65b0\u6b3e\u5bbd\u677e\u5973\u97e9\u7248\u6f6e\u5b66\u751f\u767e\u642d\u7f51\u7ea2\u540c\u6b3e\u77ed\u8896T\u6064\u4e0a\u8863\u5c0f\u54e5\u54e5\u5370\u82b1"],"ptpC":"_mb_mls_10057922_wap-index_noab-noab","sale":"595","shopId":"21689974","show":{"h":416,"img":"http://s3.mogucdn.com/mlcdn/17f85e/180607_2l80eaa784bka7f5701egda5g5jbl_640x960.jpg_320x999.jpg","w":320},"showLarge":{"h":840,"img":"http://s11.mogucdn.com/mlcdn/17f85e/180607_2l80eaa784bka7f5701egda5g5jbl_640x960.jpg_560x999.jpg","w":560},"title":"2\u4ef650\u5143qlz\u590f\u5b632018\u60c5\u4fa3\u88c5\u65b0\u6b3e\u5bbd\u677e\u5973\u97e9\u7248\u6f6e\u5b66\u751f\u767e\u642d\u7f51\u7ea2\u540c\u6b3e\u77ed\u8896T\u6064\u4e0a\u8863\u5c0f\u54e5\u54e5\u5370\u82b1","titleTags":null,"type":2},{"acm":"3.ms.2_1_1m2dguq.0.70871-69004.s026ur4QNGCHz.sd_117-c_2_32_389451082_2000768_26_0-t_-c1_10057922_nil_nil_0_2000768_20_0-lc_32","cfav":"1941","clientUrl":"http://item.meilishuo.com/h5/detail/1m2dguq?acm=3.ms.2_1_1m2dguq.0.70871-69004.s026ur4QNGCHz.sd_117-c_2_32_389451082_2000768_26_0-t_-c1_10057922_nil_nil_0_2000768_20_0-lc_32&cparam=MTUzODA1MTEwM18xY3Zxa3NzX2M0MWRiYTQ5YzBlZDgyM2JhYjU2ZTAwYzYyN2VhNDA3XzMyXzdfMzg5NDUxMDgyXzBfMjAwMDc2OF8yNl8wXzY5XzBfMA==","cparam":"MTUzODA1MTEwM18xY3Zxa3NzX2M0MWRiYTQ5YzBlZDgyM2JhYjU2ZTAwYzYyN2VhNDA3XzMyXzdfMzg5NDUxMDgyXzBfMjAwMDc2OF8yNl8wXzY5XzBfMA==","iid":"1m2dguq","itemMarks":"352 351","itemType":7,"leftbottom_taglist":[],"lefttop_taglist":[],"link":"http://item.meilishuo.com/h5/detail/1m2dguq?acm=3.ms.2_1_1m2dguq.0.70871-69004.s026ur4QNGCHz.sd_117-c_2_32_389451082_2000768_26_0-t_-c1_10057922_nil_nil_0_2000768_20_0-lc_32&cparam=MTUzODA1MTEwM18xY3Zxa3NzX2M0MWRiYTQ5YzBlZDgyM2JhYjU2ZTAwYzYyN2VhNDA3XzMyXzdfMzg5NDUxMDgyXzBfMjAwMDc2OF8yNl8wXzY5XzBfMA==","orgPrice":"\uffe570.00","popularStar":null,"price":"49.00","props":["\u96ea\u7eba\u9614\u817f\u88e4\u5973\u6625\u590f\u9ad8\u8170\u9ed1\u8272\u97e9\u72482018\u65b0\u6b3e\u4e5d\u5206\u5bbd\u677e\u663e\u7626\u5ea6\u5047\u6c99\u6ee9\u88e4\u88d9"],"ptpC":"_mb_mls_10057922_wap-index_noab-noab","sale":"814","shopId":"281648","show":{"h":416,"img":"http://s11.mogucdn.com/mlcdn/17f85e/180529_3bfb1bf04i91k9iaaj78ck4k4k814_640x960.jpg_320x999.jpg","w":320},"showLarge":{"h":840,"img":"http://s3.mogucdn.com/mlcdn/17f85e/180529_3bfb1bf04i91k9iaaj78ck4k4k814_640x960.jpg_560x999.jpg","w":560},"title":"\u96ea\u7eba\u9614\u817f\u88e4\u5973\u6625\u590f\u9ad8\u8170\u9ed1\u8272\u97e9\u72482018\u65b0\u6b3e\u4e5d\u5206\u5bbd\u677e\u663e\u7626\u5ea6\u5047\u6c99\u6ee9\u88e4\u88d9","titleTags":null,"type":2},{"acm":"3.ms.0_4_1m93l7c.0.13386-69004.s026ur4QNGCHz.t_-sd_117-lc_16","cfav":0,"clientUrl":"http://item.meilishuo.com/h5/detail/1m93l7c?acm=3.ms.0_4_1m93l7c.0.13386-69004.s026ur4QNGCHz.t_-sd_117-lc_16","cparam":null,"iid":"1m93l7c","itemMarks":"-1","itemType":5,"leftbottom_taglist":[],"lefttop_taglist":[],"link":"http://item.meilishuo.com/h5/detail/1m93l7c?acm=3.ms.0_4_1m93l7c.0.13386-69004.s026ur4QNGCHz.t_-sd_117-lc_16","orgPrice":"\uffe585.00","popularStar":0,"price":"59.50","props":["2018\u65b0\u6b3e\u79cb\u88c5\u7f51\u7ea2\u9488\u7ec7\u886b\u6175\u61d2\u98ce\u5bbd\u677e\u5c0f\u6e05\u65b0\u7eaf\u8272\u663e\u7626\u6bdb\u8863\u5973+\u4e2d\u957f\u6b3e\u9ad8\u8170\u534a\u8eab\u88d9\u5b50\u4e24\u4ef6\u5957\u5973\u5b66\u751f\u6f6e"],"ptpC":"_mb_mls_10057922_wap-index_noab-noab","sale":0,"shopId":21526667,"show":{"h":416,"img":"http://s11.mogucdn.com/mlcdn/c45406/180927_3ad1e3f3k7ad26gc7g7b8ih42ce0l_640x960.jpg_320x999.jpg","w":320},"showLarge":{"h":840,"img":"http://s11.mogucdn.com/mlcdn/c45406/180927_3ad1e3f3k7ad26gc7g7b8ih42ce0l_640x960.jpg_560x999.jpg","w":560},"title":"2018\u65b0\u6b3e\u79cb\u88c5\u7f51\u7ea2\u9488\u7ec7\u886b\u6175\u61d2\u98ce\u5bbd\u677e\u5c0f\u6e05\u65b0\u7eaf\u8272\u663e\u7626\u6bdb\u8863\u5973+\u4e2d\u957f\u6b3e\u9ad8\u8170\u534a\u8eab\u88d9\u5b50\u4e24\u4ef6\u5957\u5973\u5b66\u751f\u6f6e","titleTags":null,"type":2},{"acm":"3.ms.0_4_1m93kl0.0.13386-69004.s026ur4QNGCHz.t_-sd_117-lc_16","cfav":0,"clientUrl":"http://item.meilishuo.com/h5/detail/1m93kl0?acm=3.ms.0_4_1m93kl0.0.13386-69004.s026ur4QNGCHz.t_-sd_117-lc_16","cparam":null,"iid":"1m93kl0","itemMarks":"1525","itemType":5,"leftbottom_taglist":[],"lefttop_taglist":[],"link":"http://item.meilishuo.com/h5/detail/1m93kl0?acm=3.ms.0_4_1m93kl0.0.13386-69004.s026ur4QNGCHz.t_-sd_117-lc_16","orgPrice":"\uffe5112.86","popularStar":0,"price":"79.00","props":["2018\u79cb\u5b63\u65b0\u6b3e\u97e9\u7248\u6e2f\u5473\u590d\u53e4\u5bbd\u677e\u8fde\u8863\u88d9\u957f\u8896\u9488\u7ec7\u88d9\u4e2d\u957f\u6b3e\u8fc7\u819d\u62fc\u8272\u6bdb\u8863\u88d9\u5b50"],"ptpC":"_mb_mls_10057922_wap-index_noab-noab","sale":0,"shopId":20999822,"show":{"h":416,"img":"http://s3.mogucdn.com/mlcdn/c45406/180927_78efha7d903940a7le23cfa5j90f3_640x960.jpg_320x999.jpg","w":320},"showLarge":{"h":840,"img":"http://s3.mogucdn.com/mlcdn/c45406/180927_78efha7d903940a7le23cfa5j90f3_640x960.jpg_560x999.jpg","w":560},"title":"2018\u79cb\u5b63\u65b0\u6b3e\u97e9\u7248\u6e2f\u5473\u590d\u53e4\u5bbd\u677e\u8fde\u8863\u88d9\u957f\u8896\u9488\u7ec7\u88d9\u4e2d\u957f\u6b3e\u8fc7\u819d\u62fc\u8272\u6bdb\u8863\u88d9\u5b50","titleTags":null,"type":2},{"acm":"3.ms.2_1_1m23ppo.0.70871-69004.s026ur4QNGCHz.sd_117-c_2_32_387443194_436773858_27_0-t_-c1_10057922_nil_nil_1_436773858_30_0-lc_32","cfav":"88","clientUrl":"http://item.meilishuo.com/h5/detail/1m23ppo?acm=3.ms.2_1_1m23ppo.0.70871-69004.s026ur4QNGCHz.sd_117-c_2_32_387443194_436773858_27_0-t_-c1_10057922_nil_nil_1_436773858_30_0-lc_32&cparam=MTUzODA1MTEwM18xY3RjaTdnXzFmYjcwOGJjZGRjMDllZmY3OTQzMThiZTZhZGUyZTkxXzMyXzhfMzg3NDQzMTk0XzBfMF8yN18wXzUzNF8wXzA=","cparam":"MTUzODA1MTEwM18xY3RjaTdnXzFmYjcwOGJjZGRjMDllZmY3OTQzMThiZTZhZGUyZTkxXzMyXzhfMzg3NDQzMTk0XzBfMF8yN18wXzUzNF8wXzA=","iid":"1m23ppo","itemMarks":"1525","itemType":7,"leftbottom_taglist":[],"lefttop_taglist":[],"link":"http://item.meilishuo.com/h5/detail/1m23ppo?acm=3.ms.2_1_1m23ppo.0.70871-69004.s026ur4QNGCHz.sd_117-c_2_32_387443194_436773858_27_0-t_-c1_10057922_nil_nil_1_436773858_30_0-lc_32&cparam=MTUzODA1MTEwM18xY3RjaTdnXzFmYjcwOGJjZGRjMDllZmY3OTQzMThiZTZhZGUyZTkxXzMyXzhfMzg3NDQzMTk0XzBfMF8yN18wXzUzNF8wXzA=","orgPrice":"\uffe550.00","popularStar":null,"price":"35.00","props":["\u301059\u51432\u4ef6\u3011\u6761\u7eb9\u7eaf\u68c9\u8fd0\u52a8\u77ed\u88e4\u59732018\u6625\u590f\u65b0\u6b3e\u97e9\u7248\u5bbd\u677e\u663e\u7626\u4f11\u95f2\u88e4\u5b66\u751f\u8dd1\u6b65\u4e09\u5206\u88e4"],"ptpC":"_mb_mls_10057922_wap-index_noab-noab","sale":"72","shopId":"109875","show":{"h":416,"img":"http://s11.mogucdn.com/mlcdn/c45406/180522_3e267gkhl4007fjcfkg1209hb4ili_640x960.jpg_320x999.jpg","w":320},"showLarge":{"h":840,"img":"http://s3.mogucdn.com/mlcdn/c45406/180522_3e267gkhl4007fjcfkg1209hb4ili_640x960.jpg_560x999.jpg","w":560},"title":"\u301059\u51432\u4ef6\u3011\u6761\u7eb9\u7eaf\u68c9\u8fd0\u52a8\u77ed\u88e4\u59732018\u6625\u590f\u65b0\u6b3e\u97e9\u7248\u5bbd\u677e\u663e\u7626\u4f11\u95f2\u88e4\u5b66\u751f\u8dd1\u6b65\u4e09\u5206\u88e4","titleTags":null,"type":2},{"acm":"3.ms.2_1_1m1glwg.0.70871-69004.s026ur4QNGCHz.sd_117-c_2_32_381288001_1213682055_28_0-t_-c1_10057922_nil_nil_2_1213682055_20_0-lc_32","cfav":"430","clientUrl":"http://item.meilishuo.com/h5/detail/1m1glwg?acm=3.ms.2_1_1m1glwg.0.70871-69004.s026ur4QNGCHz.sd_117-c_2_32_381288001_1213682055_28_0-t_-c1_10057922_nil_nil_2_1213682055_20_0-lc_32&cparam=MTUzODA1MTEwM18xY20wbmdhXzU1MDlkM2NlNDgwZThiMGQ5NTVlYWZlY2RmZTg3OTU1XzMyXzlfMzgxMjg4MDAxXzBfMF8yOF8wXzU2NV8wXzA=","cparam":"MTUzODA1MTEwM18xY20wbmdhXzU1MDlkM2NlNDgwZThiMGQ5NTVlYWZlY2RmZTg3OTU1XzMyXzlfMzgxMjg4MDAxXzBfMF8yOF8wXzU2NV8wXzA=","iid":"1m1glwg","itemMarks":"1525","itemType":7,"leftbottom_taglist":[],"lefttop_taglist":[],"link":"http://item.meilishuo.com/h5/detail/1m1glwg?acm=3.ms.2_1_1m1glwg.0.70871-69004.s026ur4QNGCHz.sd_117-c_2_32_381288001_1213682055_28_0-t_-c1_10057922_nil_nil_2_1213682055_20_0-lc_32&cparam=MTUzODA1MTEwM18xY20wbmdhXzU1MDlkM2NlNDgwZThiMGQ5NTVlYWZlY2RmZTg3OTU1XzMyXzlfMzgxMjg4MDAxXzBfMF8yOF8wXzU2NV8wXzA=","orgPrice":"\uffe570.00","popularStar":null,"price":"49.00","props":["2018\u590f\u5b63\u65b0\u6b3e\u97e9\u7248\u4e1d\u7ef8\u7c89\u8272ins\u8d85\u706b\u4e1d\u6ed1\u5fb7\u8299\u675f\u817f\u4e5d\u5206\u88e4\u4f11\u95f2\u8fd0\u52a8\u88e4\u5973\u6f6e"],"ptpC":"_mb_mls_10057922_wap-index_noab-noab","sale":"104","shopId":"108443","show":{"h":416,"img":"http://s3.mogucdn.com/mlcdn/c45406/180515_0fah77g21j987i5gc788e6ebk2389_640x960.jpg_320x999.jpg","w":320},"showLarge":{"h":840,"img":"http://s11.mogucdn.com/mlcdn/c45406/180515_0fah77g21j987i5gc788e6ebk2389_640x960.jpg_560x999.jpg","w":560},"title":"2018\u590f\u5b63\u65b0\u6b3e\u97e9\u7248\u4e1d\u7ef8\u7c89\u8272ins\u8d85\u706b\u4e1d\u6ed1\u5fb7\u8299\u675f\u817f\u4e5d\u5206\u88e4\u4f11\u95f2\u8fd0\u52a8\u88e4\u5973\u6f6e","titleTags":null,"type":2},{"acm":"3.ms.2_1_1m1d2os.0.70871-69004.s026ur4QNGCHz.sd_117-c_2_32_379462856_1212372589_29_0-t_-c1_10057922_nil_nil_2_1212372589_20_0-lc_32","cfav":"810","clientUrl":"http://item.meilishuo.com/h5/detail/1m1d2os?acm=3.ms.2_1_1m1d2os.0.70871-69004.s026ur4QNGCHz.sd_117-c_2_32_379462856_1212372589_29_0-t_-c1_10057922_nil_nil_2_1212372589_20_0-lc_32&cparam=MTUzODA1MTEwM18xY2p1ZXZjX2NhYzBiMzc2NjcyM2YyYWFiMzBkZmUwNjhmYWZmZWMyXzMyXzEwXzM3OTQ2Mjg1Nl8wXzBfMjlfMF81NjVfMF8w","cparam":"MTUzODA1MTEwM18xY2p1ZXZjX2NhYzBiMzc2NjcyM2YyYWFiMzBkZmUwNjhmYWZmZWMyXzMyXzEwXzM3OTQ2Mjg1Nl8wXzBfMjlfMF81NjVfMF8w","iid":"1m1d2os","itemMarks":"1525","itemType":7,"leftbottom_taglist":[],"lefttop_taglist":[],"link":"http://item.meilishuo.com/h5/detail/1m1d2os?acm=3.ms.2_1_1m1d2os.0.70871-69004.s026ur4QNGCHz.sd_117-c_2_32_379462856_1212372589_29_0-t_-c1_10057922_nil_nil_2_1212372589_20_0-lc_32&cparam=MTUzODA1MTEwM18xY2p1ZXZjX2NhYzBiMzc2NjcyM2YyYWFiMzBkZmUwNjhmYWZmZWMyXzMyXzEwXzM3OTQ2Mjg1Nl8wXzBfMjlfMF81NjVfMF8w","orgPrice":"\uffe556.00","popularStar":null,"price":"39.20","props":["2018\u6625\u590f\u65b0\u6b3e\u5973\u88c5\u5bbd\u677e\u6f6eV\u9886\u7834\u6d1e\u9542\u7a7a\u5b57\u6bcd\u5370\u82b1\u77ed\u8896T\u6064"],"ptpC":"_mb_mls_10057922_wap-index_noab-noab","sale":"443","shopId":"108443","show":{"h":416,"img":"http://s3.mogucdn.com/mlcdn/c45406/180514_7d6714kijb6j31fgd511edcii6k86_640x960.jpg_320x999.jpg","w":320},"showLarge":{"h":840,"img":"http://s11.mogucdn.com/mlcdn/c45406/180514_7d6714kijb6j31fgd511edcii6k86_640x960.jpg_560x999.jpg","w":560},"title":"2018\u6625\u590f\u65b0\u6b3e\u5973\u88c5\u5bbd\u677e\u6f6eV\u9886\u7834\u6d1e\u9542\u7a7a\u5b57\u6bcd\u5370\u82b1\u77ed\u8896T\u6064","titleTags":null,"type":2},{"acm":"3.ms.2_1_1m1camo.0.70871-69004.s026ur4QNGCHz.sd_117-c_2_32_376755071_1212066410_30_0-t_-c1_10057922_nil_nil_2_1212066410_20_0-lc_32","cfav":"3961","clientUrl":"http://item.meilishuo.com/h5/detail/1m1camo?acm=3.ms.2_1_1m1camo.0.70871-69004.s026ur4QNGCHz.sd_117-c_2_32_376755071_1212066410_30_0-t_-c1_10057922_nil_nil_2_1212066410_20_0-lc_32&cparam=MTUzODA1MTEwM18xY2dtYzZ1X2FmYjYwOTNlY2NlMmVkZjUxMmMwYTllYzRiYWI0OWYyXzMyXzExXzM3Njc1NTA3MV8wXzBfMzBfMF81NjVfMF8w","cparam":"MTUzODA1MTEwM18xY2dtYzZ1X2FmYjYwOTNlY2NlMmVkZjUxMmMwYTllYzRiYWI0OWYyXzMyXzExXzM3Njc1NTA3MV8wXzBfMzBfMF81NjVfMF8w","iid":"1m1camo","itemMarks":"1525 352 351","itemType":7,"leftbottom_taglist":[],"lefttop_taglist":[],"link":"http://item.meilishuo.com/h5/detail/1m1camo?acm=3.ms.2_1_1m1camo.0.70871-69004.s026ur4QNGCHz.sd_117-c_2_32_376755071_1212066410_30_0-t_-c1_10057922_nil_nil_2_1212066410_20_0-lc_32&cparam=MTUzODA1MTEwM18xY2dtYzZ1X2FmYjYwOTNlY2NlMmVkZjUxMmMwYTllYzRiYWI0OWYyXzMyXzExXzM3Njc1NTA3MV8wXzBfMzBfMF81NjVfMF8w","orgPrice":"\uffe570.00","popularStar":null,"price":"49.00","props":["2018\u6625\u79cb\u5b63\u65b0\u6b3e\u97e9\u7248\u539f\u5bbf\u98ce\u95fa\u871c\u88c5\u5706\u9886\u5957\u5934\u77ed\u8896t\u6064\u5973\u4e2d\u957f\u6b3e\u7eaf\u8272\u767e\u642d\u4e0a\u8863\u5bbd\u677e\u5927\u7801\u5b66\u751f\u534a\u8896\u4f53\u6064"],"ptpC":"_mb_mls_10057922_wap-index_noab-noab","sale":"1532","shopId":"108443","show":{"h":416,"img":"http://s11.mogucdn.com/mlcdn/c45406/180514_440j449948399djid87ghek06d08g_640x960.jpg_320x999.jpg","w":320},"showLarge":{"h":840,"img":"http://s3.mogucdn.com/mlcdn/c45406/180514_440j449948399djid87ghek06d08g_640x960.jpg_560x999.jpg","w":560},"title":"2018\u6625\u79cb\u5b63\u65b0\u6b3e\u97e9\u7248\u539f\u5bbf\u98ce\u95fa\u871c\u88c5\u5706\u9886\u5957\u5934\u77ed\u8896t\u6064\u5973\u4e2d\u957f\u6b3e\u7eaf\u8272\u767e\u642d\u4e0a\u8863\u5bbd\u677e\u5927\u7801\u5b66\u751f\u534a\u8896\u4f53\u6064","titleTags":null,"type":2},{"acm":"3.ms.0_4_1m93kg6.0.13386-69004.s026ur4QNGCHz.t_-sd_117-lc_16","cfav":0,"clientUrl":"http://item.meilishuo.com/h5/detail/1m93kg6?acm=3.ms.0_4_1m93kg6.0.13386-69004.s026ur4QNGCHz.t_-sd_117-lc_16","cparam":null,"iid":"1m93kg6","itemMarks":"1525","itemType":5,"leftbottom_taglist":[],"lefttop_taglist":[],"link":"http://item.meilishuo.com/h5/detail/1m93kg6?acm=3.ms.0_4_1m93kg6.0.13386-69004.s026ur4QNGCHz.t_-sd_117-lc_16","orgPrice":"\uffe5225.72","popularStar":0,"price":"225.72","props":["2018\u79cb\u51ac\u65b0\u6b3e\u97e9\u7248\u5bbd\u677e\u660e\u7ebf\u7ffb\u9886\u5939\u514b\u4e0a\u8863\u5973+\u9ad8\u8170\u663e\u7626\u77ed\u6b3e\u534a\u8eab\u88d9\u65f6\u5c1a\u5957\u88c5\u4e24\u4ef6\u5957"],"ptpC":"_mb_mls_10057922_wap-index_noab-noab","sale":0,"shopId":10747132,"show":{"h":416,"img":"http://s3.mogucdn.com/mlcdn/c45406/180927_545c567fj8bfe82eache4c129k5ff_640x960.jpg_320x999.jpg","w":320},"showLarge":{"h":840,"img":"http://s3.mogucdn.com/mlcdn/c45406/180927_545c567fj8bfe82eache4c129k5ff_640x960.jpg_560x999.jpg","w":560},"title":"2018\u79cb\u51ac\u65b0\u6b3e\u97e9\u7248\u5bbd\u677e\u660e\u7ebf\u7ffb\u9886\u5939\u514b\u4e0a\u8863\u5973+\u9ad8\u8170\u663e\u7626\u77ed\u6b3e\u534a\u8eab\u88d9\u65f6\u5c1a\u5957\u88c5\u4e24\u4ef6\u5957","titleTags":null,"type":2},{"acm":"3.ms.0_4_1m93jxo.0.13386-69004.s026ur4QNGCHz.t_-sd_117-lc_16","cfav":0,"clientUrl":"http://item.meilishuo.com/h5/detail/1m93jxo?acm=3.ms.0_4_1m93jxo.0.13386-69004.s026ur4QNGCHz.t_-sd_117-lc_16","cparam":null,"iid":"1m93jxo","itemMarks":"-1","itemType":5,"leftbottom_taglist":[],"lefttop_taglist":[],"link":"http://item.meilishuo.com/h5/detail/1m93jxo?acm=3.ms.0_4_1m93jxo.0.13386-69004.s026ur4QNGCHz.t_-sd_117-lc_16","orgPrice":"\uffe569.00","popularStar":0,"price":"69.00","props":["\u5927\u7801\u5973\u88c5\u80d6mm2018\u65b0\u6b3e\u65e9\u79cb\u8fde\u8863\u88d9\u906e\u8089\u5bbd\u677e\u80d6\u59b9\u59b9\u51cf\u9f84\u4e2d\u957f\u6b3e\u6253\u5e95\u88d9"],"ptpC":"_mb_mls_10057922_wap-index_noab-noab","sale":0,"shopId":1302405486,"show":{"h":416,"img":"http://s3.mogucdn.com/mlcdn/c45406/180927_45facbh9ega3jb70ccd2g0h6a99dc_640x960.jpg_320x999.jpg","w":320},"showLarge":{"h":840,"img":"http://s11.mogucdn.com/mlcdn/c45406/180927_45facbh9ega3jb70ccd2g0h6a99dc_640x960.jpg_560x999.jpg","w":560},"title":"\u5927\u7801\u5973\u88c5\u80d6mm2018\u65b0\u6b3e\u65e9\u79cb\u8fde\u8863\u88d9\u906e\u8089\u5bbd\u677e\u80d6\u59b9\u59b9\u51cf\u9f84\u4e2d\u957f\u6b3e\u6253\u5e95\u88d9","titleTags":null,"type":2},{"acm":"3.ms.2_1_1m19k6y.0.70871-69004.s026ur4QNGCHz.sd_117-c_2_32_432055374_433439640_31_0-t_-c1_10057922_nil_nil_1_433439640_20_0-lc_32","cfav":"1167","clientUrl":"http://item.meilishuo.com/h5/detail/1m19k6y?acm=3.ms.2_1_1m19k6y.0.70871-69004.s026ur4QNGCHz.sd_117-c_2_32_432055374_433439640_31_0-t_-c1_10057922_nil_nil_1_433439640_20_0-lc_32&cparam=MTUzODA1MTEwM18xZWFndzV3XzBkZDFhMjhlYzRiMzkzMWEwMjc1ZDVmOGRkNGVlNDgyXzMyXzEyXzQzMjA1NTM3NF8wXzBfMzFfMF81NjVfMF8w","cparam":"MTUzODA1MTEwM18xZWFndzV3XzBkZDFhMjhlYzRiMzkzMWEwMjc1ZDVmOGRkNGVlNDgyXzMyXzEyXzQzMjA1NTM3NF8wXzBfMzFfMF81NjVfMF8w","iid":"1m19k6y","itemMarks":"1525","itemType":7,"leftbottom_taglist":[],"lefttop_taglist":[],"link":"http://item.meilishuo.com/h5/detail/1m19k6y?acm=3.ms.2_1_1m19k6y.0.70871-69004.s026ur4QNGCHz.sd_117-c_2_32_432055374_433439640_31_0-t_-c1_10057922_nil_nil_1_433439640_20_0-lc_32&cparam=MTUzODA1MTEwM18xZWFndzV3XzBkZDFhMjhlYzRiMzkzMWEwMjc1ZDVmOGRkNGVlNDgyXzMyXzEyXzQzMjA1NTM3NF8wXzBfMzFfMF81NjVfMF8w","orgPrice":"\uffe570.00","popularStar":null,"price":"49.00","props":["2018\u6625\u590f\u65b0\u6b3e\u97e9\u8303\u957f\u8896\u767d\u8272\u886c\u886b\u5973\u767e\u642d\u5bbd\u677e\u4e2d\u957f\u6b3e\u68c9\u9ebb\u7acb\u9886\u97e9\u7248\u6253\u5e95\u886c\u8863"],"ptpC":"_mb_mls_10057922_wap-index_noab-noab","sale":"377","shopId":"108443","show":{"h":416,"img":"http://s11.mogucdn.com/mlcdn/c45406/180514_15272difihj7hg63gkakkg00hciaf_640x960.jpg_320x999.jpg","w":320},"showLarge":{"h":840,"img":"http://s3.mogucdn.com/mlcdn/c45406/180514_15272difihj7hg63gkakkg00hciaf_640x960.jpg_560x999.jpg","w":560},"title":"2018\u6625\u590f\u65b0\u6b3e\u97e9\u8303\u957f\u8896\u767d\u8272\u886c\u886b\u5973\u767e\u642d\u5bbd\u677e\u4e2d\u957f\u6b3e\u68c9\u9ebb\u7acb\u9886\u97e9\u7248\u6253\u5e95\u886c\u8863","titleTags":null,"type":2},{"acm":"3.ms.2_1_1m11u6e.0.70871-69004.s026ur4QNGCHz.sd_117-c_2_32_375932268_432541799_32_0-t_-c1_10057922_nil_nil_1_432541799_20_0-lc_32","cfav":"1785","clientUrl":"http://item.meilishuo.com/h5/detail/1m11u6e?acm=3.ms.2_1_1m11u6e.0.70871-69004.s026ur4QNGCHz.sd_117-c_2_32_375932268_432541799_32_0-t_-c1_10057922_nil_nil_1_432541799_20_0-lc_32&cparam=MTUzODA1MTEwM18xY2ZuMmZrX2YxNjYyZjU2Y2E0NDIxZjE1YjcyNmY4ZjI1ZjYzZTg1XzMyXzEzXzM3NTkzMjI2OF8wXzBfMzJfMF81NjVfMF8w","cparam":"MTUzODA1MTEwM18xY2ZuMmZrX2YxNjYyZjU2Y2E0NDIxZjE1YjcyNmY4ZjI1ZjYzZTg1XzMyXzEzXzM3NTkzMjI2OF8wXzBfMzJfMF81NjVfMF8w","iid":"1m11u6e","itemMarks":"1525 352 351","itemType":7,"leftbottom_taglist":[],"lefttop_taglist":[],"link":"http://item.meilishuo.com/h5/detail/1m11u6e?acm=3.ms.2_1_1m11u6e.0.70871-69004.s026ur4QNGCHz.sd_117-c_2_32_375932268_432541799_32_0-t_-c1_10057922_nil_nil_1_432541799_20_0-lc_32&cparam=MTUzODA1MTEwM18xY2ZuMmZrX2YxNjYyZjU2Y2E0NDIxZjE1YjcyNmY4ZjI1ZjYzZTg1XzMyXzEzXzM3NTkzMjI2OF8wXzBfMzJfMF81NjVfMF8w","orgPrice":"\uffe550.00","popularStar":null,"price":"35.00","props":["2018\u6625\u79cb\u5b63\u65b0\u6b3e\u5973\u88c5\u97e9\u7248\u5bbd\u677e\u77ed\u8896t\u6064\u5973chic\u534a\u8896\u6253\u5e95\u6761\u7eb9\u4f53\u6064\u4e0a\u8863"],"ptpC":"_mb_mls_10057922_wap-index_noab-noab","sale":"1323","shopId":"108443","show":{"h":416,"img":"http://s3.mogucdn.com/mlcdn/c45406/180512_8ei0ck7535c2l4dcj96cllieca561_640x960.jpg_320x999.jpg","w":320},"showLarge":{"h":840,"img":"http://s11.mogucdn.com/mlcdn/c45406/180512_8ei0ck7535c2l4dcj96cllieca561_640x960.jpg_560x999.jpg","w":560},"title":"2018\u6625\u79cb\u5b63\u65b0\u6b3e\u5973\u88c5\u97e9\u7248\u5bbd\u677e\u77ed\u8896t\u6064\u5973chic\u534a\u8896\u6253\u5e95\u6761\u7eb9\u4f53\u6064\u4e0a\u8863","titleTags":null,"type":2},{"acm":"3.ms.0_4_1m93k4y.0.13386-69004.s026ur4QNGCHz.t_-sd_117-lc_16","cfav":0,"clientUrl":"http://item.meilishuo.com/h5/detail/1m93k4y?acm=3.ms.0_4_1m93k4y.0.13386-69004.s026ur4QNGCHz.t_-sd_117-lc_16","cparam":null,"iid":"1m93k4y","itemMarks":"-1","itemType":5,"leftbottom_taglist":[],"lefttop_taglist":[],"link":"http://item.meilishuo.com/h5/detail/1m93k4y?acm=3.ms.0_4_1m93k4y.0.13386-69004.s026ur4QNGCHz.t_-sd_117-lc_16","orgPrice":"\uffe595.00","popularStar":0,"price":"66.50","props":["\u751c\u7f8e\u98ce2018\u79cb\u5b63\u65b0\u6b3e\u97e9\u7248\u5bbd\u677e\u663e\u7626\u4e0a\u8863\u65f6\u5c1a\u6c14\u8d28\u6e2f\u5473\u590d\u53e4chic\u98ce\u7eaf\u8272V\u9886\u5587\u53ed\u8896\u4f11\u95f2\u767e\u642d\u886c\u886b"],"ptpC":"_mb_mls_10057922_wap-index_noab-noab","sale":0,"shopId":10748949,"show":{"h":416,"img":"http://s11.mogucdn.com/mlcdn/c45406/180927_0f3f4ifhbf12ac7gl443404b3ie01_640x960.jpg_320x999.jpg","w":320},"showLarge":{"h":840,"img":"http://s11.mogucdn.com/mlcdn/c45406/180927_0f3f4ifhbf12ac7gl443404b3ie01_640x960.jpg_560x999.jpg","w":560},"title":"\u751c\u7f8e\u98ce2018\u79cb\u5b63\u65b0\u6b3e\u97e9\u7248\u5bbd\u677e\u663e\u7626\u4e0a\u8863\u65f6\u5c1a\u6c14\u8d28\u6e2f\u5473\u590d\u53e4chic\u98ce\u7eaf\u8272V\u9886\u5587\u53ed\u8896\u4f11\u95f2\u767e\u642d\u886c\u886b","titleTags":null,"type":2},{"acm":"3.ms.0_4_1m93js8.0.13386-69004.s026ur4QNGCHz.t_-sd_117-lc_16","cfav":0,"clientUrl":"http://item.meilishuo.com/h5/detail/1m93js8?acm=3.ms.0_4_1m93js8.0.13386-69004.s026ur4QNGCHz.t_-sd_117-lc_16","cparam":null,"iid":"1m93js8","itemMarks":"1525","itemType":5,"leftbottom_taglist":[],"lefttop_taglist":[],"link":"http://item.meilishuo.com/h5/detail/1m93js8?acm=3.ms.0_4_1m93js8.0.13386-69004.s026ur4QNGCHz.t_-sd_117-lc_16","orgPrice":"\uffe5112.86","popularStar":0,"price":"79.00","props":["2018\u79cb\u5b63\u65b0\u6b3e\u97e9\u7248\u590d\u53e4\u7b80\u7ea6\u767e\u642d\u957f\u8896\u5706\u9886\u5957\u5934\u9488\u7ec7\u886b+\u9ad8\u8170\u663e\u7626\u9ed1\u767d\u683c\u5b50\u9614\u817f\u88e4\u4e24\u4ef6\u5957\u65f6\u5c1a\u5957\u88c5\u5973"],"ptpC":"_mb_mls_10057922_wap-index_noab-noab","sale":0,"shopId":111011,"show":{"h":416,"img":"http://s11.mogucdn.com/mlcdn/c45406/180927_61002ilef812i8if6b9i2gajf6f49_640x960.jpg_320x999.jpg","w":320},"showLarge":{"h":840,"img":"http://s3.mogucdn.com/mlcdn/c45406/180927_61002ilef812i8if6b9i2gajf6f49_640x960.jpg_560x999.jpg","w":560},"title":"2018\u79cb\u5b63\u65b0\u6b3e\u97e9\u7248\u590d\u53e4\u7b80\u7ea6\u767e\u642d\u957f\u8896\u5706\u9886\u5957\u5934\u9488\u7ec7\u886b+\u9ad8\u8170\u663e\u7626\u9ed1\u767d\u683c\u5b50\u9614\u817f\u88e4\u4e24\u4ef6\u5957\u65f6\u5c1a\u5957\u88c5\u5973","titleTags":null,"type":2},{"acm":"3.ms.2_1_1m07mk2.0.70871-69004.s026ur4QNGCHz.sd_117-c_2_32_370792734_0_33_0-t_-c1_10057922_nil_nil_0_0_30_0-lc_32","cfav":"2517","clientUrl":"http://item.meilishuo.com/h5/detail/1m07mk2?acm=3.ms.2_1_1m07mk2.0.70871-69004.s026ur4QNGCHz.sd_117-c_2_32_370792734_0_33_0-t_-c1_10057922_nil_nil_0_0_30_0-lc_32&cparam=MTUzODA1MTEwM18xYzlpcjF3XzdjMWE5OTcyZmYyYjU0Y2I1OTFkMmI3Y2M0MTFkYjJlXzMyXzE0XzM3MDc5MjczNF8wXzBfMzNfMF85NzFfMF8w","cparam":"MTUzODA1MTEwM18xYzlpcjF3XzdjMWE5OTcyZmYyYjU0Y2I1OTFkMmI3Y2M0MTFkYjJlXzMyXzE0XzM3MDc5MjczNF8wXzBfMzNfMF85NzFfMF8w","iid":"1m07mk2","itemMarks":"1907 82","itemType":7,"leftbottom_taglist":[],"lefttop_taglist":[],"link":"http://item.meilishuo.com/h5/detail/1m07mk2?acm=3.ms.2_1_1m07mk2.0.70871-69004.s026ur4QNGCHz.sd_117-c_2_32_370792734_0_33_0-t_-c1_10057922_nil_nil_0_0_30_0-lc_32&cparam=MTUzODA1MTEwM18xYzlpcjF3XzdjMWE5OTcyZmYyYjU0Y2I1OTFkMmI3Y2M0MTFkYjJlXzMyXzE0XzM3MDc5MjczNF8wXzBfMzNfMF85NzFfMF8w","orgPrice":"\uffe599.00","popularStar":null,"price":"69.00","props":["\u3010\u65f6\u5c1a\u5957\u88c5\u30112018\u79cb\u6b3e\u65b0\u6b3e\u725b\u4ed4\u80cc\u5e26\u88d9\u5973\u590f\u540a\u5e26\u8fde\u8863\u88d9\u642d\u914dT\u6064\u65b0\u6b3e\u5c0f\u6e05\u65b0\u4e24\u4ef6\u5957\u5973"],"ptpC":"_mb_mls_10057922_wap-index_noab-noab","sale":"1136","shopId":"1302420627","show":{"h":416,"img":"http://s3.mogucdn.com/mlcdn/c45406/180821_044abj5e7h2icfgijb053661lle8f_800x800.jpg_320x999.jpg","w":320},"showLarge":{"h":560,"img":"http://s3.mogucdn.com/mlcdn/c45406/180821_044abj5e7h2icfgijb053661lle8f_800x800.jpg_560x999.jpg","w":560},"title":"\u3010\u65f6\u5c1a\u5957\u88c5\u30112018\u79cb\u6b3e\u65b0\u6b3e\u725b\u4ed4\u80cc\u5e26\u88d9\u5973\u590f\u540a\u5e26\u8fde\u8863\u88d9\u642d\u914dT\u6064\u65b0\u6b3e\u5c0f\u6e05\u65b0\u4e24\u4ef6\u5957\u5973","titleTags":null,"type":2},{"acm":"3.ms.2_1_1lzlrra.0.70871-69004.s026ur4QNGCHz.sd_117-c_2_32_369306035_1187460929_34_0-t_-c1_10057922_nil_nil_2_1187460929_20_0-lc_32","cfav":"10947","clientUrl":"http://item.meilishuo.com/h5/detail/1lzlrra?acm=3.ms.2_1_1lzlrra.0.70871-69004.s026ur4QNGCHz.sd_117-c_2_32_369306035_1187460929_34_0-t_-c1_10057922_nil_nil_2_1187460929_20_0-lc_32&cparam=MTUzODA1MTEwM18xYzdyMHJpXzY5NGIyMTZiN2ZlNGQ4NTUzMDkwYjAyZjY1NDUyZTJmXzMyXzE1XzM2OTMwNjAzNV8wXzBfMzRfMF81NjVfMF8w","cparam":"MTUzODA1MTEwM18xYzdyMHJpXzY5NGIyMTZiN2ZlNGQ4NTUzMDkwYjAyZjY1NDUyZTJmXzMyXzE1XzM2OTMwNjAzNV8wXzBfMzRfMF81NjVfMF8w","iid":"1lzlrra","itemMarks":"1525 1232","itemType":7,"leftbottom_taglist":[],"lefttop_taglist":[],"link":"http://item.meilishuo.com/h5/detail/1lzlrra?acm=3.ms.2_1_1lzlrra.0.70871-69004.s026ur4QNGCHz.sd_117-c_2_32_369306035_1187460929_34_0-t_-c1_10057922_nil_nil_2_1187460929_20_0-lc_32&cparam=MTUzODA1MTEwM18xYzdyMHJpXzY5NGIyMTZiN2ZlNGQ4NTUzMDkwYjAyZjY1NDUyZTJmXzMyXzE1XzM2OTMwNjAzNV8wXzBfMzRfMF81NjVfMF8w","orgPrice":"\uffe541.43","popularStar":null,"price":"29.00","props":["2018\u6625\u79cb\u5b63\u97e9\u7248\u65b0\u6b3e\u6761\u7eb9\u5916\u7a7f\u5185\u642d\u4e0a\u8863\u6253\u5e95\u540a\u5e26\u767e\u642d\u65e0\u8896T\u6064\u9488\u7ec7\u80cc\u5fc3\u5973"],"ptpC":"_mb_mls_10057922_wap-index_noab-noab","sale":"2150","shopId":"108443","show":{"h":416,"img":"http://s3.mogucdn.com/mlcdn/c45406/180428_53ca6j1jjbkblaeeaa24g12lf3kgh_640x960.jpg_320x999.jpg","w":320},"showLarge":{"h":840,"img":"http://s3.mogucdn.com/mlcdn/c45406/180428_53ca6j1jjbkblaeeaa24g12lf3kgh_640x960.jpg_560x999.jpg","w":560},"title":"2018\u6625\u79cb\u5b63\u97e9\u7248\u65b0\u6b3e\u6761\u7eb9\u5916\u7a7f\u5185\u642d\u4e0a\u8863\u6253\u5e95\u540a\u5e26\u767e\u642d\u65e0\u8896T\u6064\u9488\u7ec7\u80cc\u5fc3\u5973","titleTags":null,"type":2},{"acm":"3.ms.2_1_1lyp2vg.0.70871-69004.s026ur4QNGCHz.sd_117-c_2_32_440018617_1986848_35_0-t_-c1_10057922_nil_nil_0_1986848_30_0-lc_32","cfav":"16705","clientUrl":"http://item.meilishuo.com/h5/detail/1lyp2vg?acm=3.ms.2_1_1lyp2vg.0.70871-69004.s026ur4QNGCHz.sd_117-c_2_32_440018617_1986848_35_0-t_-c1_10057922_nil_nil_0_1986848_30_0-lc_32&cparam=MTUzODA1MTEwM18xZWp5OTRhX2FjYTI3MTc1YzhlYTc0MzVhYmJmMTgzZDQ1OGMzODQ0XzMyXzE2XzQ0MDAxODYxN18wXzE5ODY4NDhfMzVfMF81XzBfMA==","cparam":"MTUzODA1MTEwM18xZWp5OTRhX2FjYTI3MTc1YzhlYTc0MzVhYmJmMTgzZDQ1OGMzODQ0XzMyXzE2XzQ0MDAxODYxN18wXzE5ODY4NDhfMzVfMF81XzBfMA==","iid":"1lyp2vg","itemMarks":"1525 352 1497 1232 351","itemType":7,"leftbottom_taglist":[],"lefttop_taglist":[],"link":"http://item.meilishuo.com/h5/detail/1lyp2vg?acm=3.ms.2_1_1lyp2vg.0.70871-69004.s026ur4QNGCHz.sd_117-c_2_32_440018617_1986848_35_0-t_-c1_10057922_nil_nil_0_1986848_30_0-lc_32&cparam=MTUzODA1MTEwM18xZWp5OTRhX2FjYTI3MTc1YzhlYTc0MzVhYmJmMTgzZDQ1OGMzODQ0XzMyXzE2XzQ0MDAxODYxN18wXzE5ODY4NDhfMzVfMF81XzBfMA==","orgPrice":"\uffe5108.00","popularStar":null,"price":"39.00","props":["2018\u6625\u590f\u5b63\u65b0\u6b3e\u516b\u8272\u7eaf\u8272\u6d45\u8272\u7cfb\u65f6\u5c1a\u7b80\u7ea6\u97e9\u8303\u7eaf\u68c9\u5b66\u751f\u4f11\u95f2\u767e\u642d\u57fa\u7840\u6b3e\u7eaf\u8272\u5706\u9886\u77ed\u8896\u4e0a\u8863\u5973T\u6064"],"ptpC":"_mb_mls_10057922_wap-index_noab-noab","sale":"10419","shopId":"1302425481","show":{"h":416,"img":"http://s11.mogucdn.com/mlcdn/17f85e/180426_7k4fd5fj9kfe5a7g089b1e10ec8b9_640x960.jpg_320x999.jpg","w":320},"showLarge":{"h":840,"img":"http://s11.mogucdn.com/mlcdn/17f85e/180426_7k4fd5fj9kfe5a7g089b1e10ec8b9_640x960.jpg_560x999.jpg","w":560},"title":"2018\u6625\u590f\u5b63\u65b0\u6b3e\u516b\u8272\u7eaf\u8272\u6d45\u8272\u7cfb\u65f6\u5c1a\u7b80\u7ea6\u97e9\u8303\u7eaf\u68c9\u5b66\u751f\u4f11\u95f2\u767e\u642d\u57fa\u7840\u6b3e\u7eaf\u8272\u5706\u9886\u77ed\u8896\u4e0a\u8863\u5973T\u6064","titleTags":null,"type":2},{"acm":"3.ms.2_1_1lxnnys.0.70871-69004.s026ur4QNGCHz.sd_117-c_2_32_363481235_418906847_36_0-t_-c1_10057922_nil_nil_1_418906847_20_0-lc_32","cfav":"450","clientUrl":"http://item.meilishuo.com/h5/detail/1lxnnys?acm=3.ms.2_1_1lxnnys.0.70871-69004.s026ur4QNGCHz.sd_117-c_2_32_363481235_418906847_36_0-t_-c1_10057922_nil_nil_1_418906847_20_0-lc_32&cparam=MTUzODA1MTEwM18xYzB0YnZpXzI3YzY5N2I2OTA4OGQ3ZGQ3NDIxNWJiZmYwMmI1NGI2XzMyXzE3XzM2MzQ4MTIzNV8wXzBfMzZfMF8zMTFfMF8w","cparam":"MTUzODA1MTEwM18xYzB0YnZpXzI3YzY5N2I2OTA4OGQ3ZGQ3NDIxNWJiZmYwMmI1NGI2XzMyXzE3XzM2MzQ4MTIzNV8wXzBfMzZfMF8zMTFfMF8w","iid":"1lxnnys","itemMarks":"1525","itemType":7,"leftbottom_taglist":[],"lefttop_taglist":[],"link":"http://item.meilishuo.com/h5/detail/1lxnnys?acm=3.ms.2_1_1lxnnys.0.70871-69004.s026ur4QNGCHz.sd_117-c_2_32_363481235_418906847_36_0-t_-c1_10057922_nil_nil_1_418906847_20_0-lc_32&cparam=MTUzODA1MTEwM18xYzB0YnZpXzI3YzY5N2I2OTA4OGQ3ZGQ3NDIxNWJiZmYwMmI1NGI2XzMyXzE3XzM2MzQ4MTIzNV8wXzBfMzZfMF8zMTFfMF8w","orgPrice":"\uffe540.00","popularStar":null,"price":"28.00","props":["2\u4ef650\u5143\u73ed\u670d\u590f\u5b63t\u6064\u5973\u77ed\u8896\u5bbd\u677e\u5b66\u751f\u60c5\u4fa3\u88c5\u590f\u88c52018\u65b0\u6b3e\u97e9\u7248ulzzang\u767e\u642d\u8863\u670d\u6f6e\u5bbd\u677e"],"ptpC":"_mb_mls_10057922_wap-index_noab-noab","sale":"83","shopId":"21689974","show":{"h":416,"img":"http://s11.mogucdn.com/mlcdn/c45406/180416_359hjeljbc1djcf29db75b11j401c_640x960.jpg_320x999.jpg","w":320},"showLarge":{"h":840,"img":"http://s11.mogucdn.com/mlcdn/c45406/180416_359hjeljbc1djcf29db75b11j401c_640x960.jpg_560x999.jpg","w":560},"title":"2\u4ef650\u5143\u73ed\u670d\u590f\u5b63t\u6064\u5973\u77ed\u8896\u5bbd\u677e\u5b66\u751f\u60c5\u4fa3\u88c5\u590f\u88c52018\u65b0\u6b3e\u97e9\u7248ulzzang\u767e\u642d\u8863\u670d\u6f6e\u5bbd\u677e","titleTags":null,"type":2}],"page":2,"param":{"_mgjuuid":"bc985c5a-6dd9-4e24-b74e-e629b7f52ea8","cKey":"wap-index","cpcEventId":70005,"cpc_offset":0,"eventId":70003,"fcid":"10057922","page":"2","ptpPartC":"_mb_mls_10057922_wap-index_noab-noab","ptpWallCpc":"_wall_cpc","ptpWallDoc":"_wall_docs","section":"0","sort":"new"},"ptpPartC":"_mb_mls_10057922_wap-index_noab-noab","sort":"new","title":"\u7f8e\u4e3d\u8bf4wap\u9996\u9875","total":41765},"returnCode":"1001","returnMessage":null,"success":true}
