{"data":{"cpc_offset":0,"filter":{"list":[{"fcid":"10057922","sort":"pop","style":null,"title":"\u6d41\u884c","type":"sort"},{"fcid":"10057922","sort":"sell","style":null,"title":"\u70ed\u9500","type":"sort"},{"fcid":"10057922","sort":"new","style":null,"title":"\u4e0a\u65b0","type":"sort"}],"title":"\u7f8e\u4e3d\u8bf4wap\u9996\u9875"},"isEnd":false,"list":[{"acm":"3.ms.0_4_1m93jtu.0.13386-69004.s026ur4QNPSEN.t_-sd_117-lc_16","cfav":0,"clientUrl":"http://item.meilishuo.com/h5/detail/1m93jtu?acm=3.ms.0_4_1m93jtu.0.13386-69004.s026ur4QNPSEN.t_-sd_117-lc_16","cparam":null,"iid":"1m93jtu","itemMarks":"-1","itemType":5,"leftbottom_taglist":[],"lefttop_taglist":[],"link":"http://item.meilishuo.com/h5/detail/1m93jtu?acm=3.ms.0_4_1m93jtu.0.13386-69004.s026ur4QNPSEN.t_-sd_117-lc_16","orgPrice":"\uffe5164.29","popularStar":0,"price":"164.29","props":["\u5c0f\u9999\u98ce\u4e24\u4ef6\u5957\u5973\u79cb\u51ac2018\u65b0\u6b3e\u97e9\u7248chic\u957f\u8896\u5957\u5934\u6bdb\u8863+\u9ad8\u8170\u663e\u7626\u6c14\u8d28\u767e\u8936\u534a\u8eab\u88d9\u65f6\u5c1a\u5957\u88c5"],"ptpC":"_mb_mls_10057922_wap-index_noab-noab","sale":0,"shopId":102691,"show":{"h":416,"img":"http://s3.mogucdn.com/mlcdn/c45406/180927_3hckkb0bj7gblgijk6h4cc5l2b8l2_640x960.jpg_320x999.jpg","w":320},"showLarge":{"h":840,"img":"http://s11.mogucdn.com/mlcdn/c45406/180927_3hckkb0bj7gblgijk6h4cc5l2b8l2_640x960.jpg_560x999.jpg","w":560},"title":"\u5c0f\u9999\u98ce\u4e24\u4ef6\u5957\u5973\u79cb\u51ac2018\u65b0\u6b3e\u97e9\u7248chic\u957f\u8896\u5957\u5934\u6bdb\u8863+\u9ad8\u8170\u663e\u7626\u6c14\u8d28\u767e\u8936\u534a\u8eab\u88d9\u65f6\u5c1a\u5957\u88c5","titleTags":null,"type":2},{"acm":"3.ms.0_4_1m93jn2.0.13386-69004.s026ur4QNPSEN.t_-sd_117-lc_16","cfav":0,"clientUrl":"http://item.meilishuo.com/h5/detail/1m93jn2?acm=3.ms.0_4_1m93jn2.0.13386-69004.s026ur4QNPSEN.t_-sd_117-lc_16","cparam":null,"iid":"1m93jn2","itemMarks":"-1","itemType":5,"leftbottom_taglist":[],"lefttop_taglist":[],"link":"http://item.meilishuo.com/h5/detail/1m93jn2?acm=3.ms.0_4_1m93jn2.0.13386-69004.s026ur4QNPSEN.t_-sd_117-lc_16","orgPrice":"\uffe592.72","popularStar":0,"price":"64.90","props":["\u79cb\u88c5\u59732018\u65b0\u6b3e\u5b66\u751f\u65f6\u5c1a\u4e2d\u957f\u6b3e\u751c\u7f8e\u6ce1\u6ce1\u8896\u62bd\u7ef3\u8fde\u5e3d\u8377\u53f6\u4e0b\u6446\u8fde\u8863\u88d9\u5b66\u9662\u98ce\u5c0f\u6e05\u65b0\u65e5\u7cfb\u6253\u5e95\u88d9"],"ptpC":"_mb_mls_10057922_wap-index_noab-noab","sale":0,"shopId":21756800,"show":{"h":416,"img":"http://s11.mogucdn.com/mlcdn/c45406/180927_4fl9ibfc7lh0kf5likj31j7ei2c69_640x960.jpg_320x999.jpg","w":320},"showLarge":{"h":840,"img":"http://s3.mogucdn.com/mlcdn/c45406/180927_4fl9ibfc7lh0kf5likj31j7ei2c69_640x960.jpg_560x999.jpg","w":560},"title":"\u79cb\u88c5\u59732018\u65b0\u6b3e\u5b66\u751f\u65f6\u5c1a\u4e2d\u957f\u6b3e\u751c\u7f8e\u6ce1\u6ce1\u8896\u62bd\u7ef3\u8fde\u5e3d\u8377\u53f6\u4e0b\u6446\u8fde\u8863\u88d9\u5b66\u9662\u98ce\u5c0f\u6e05\u65b0\u65e5\u7cfb\u6253\u5e95\u88d9","titleTags":null,"type":2},{"acm":"3.ms.2_1_1lxjq0o.0.70871-69004.s026ur4QNPSEN.sd_117-c_2_32_365365834_1155937381_37_0-t_-c1_10057922_nil_nil_2_1155937381_20_0-lc_32","cfav":"1238","clientUrl":"http://item.meilishuo.com/h5/detail/1lxjq0o?acm=3.ms.2_1_1lxjq0o.0.70871-69004.s026ur4QNPSEN.sd_117-c_2_32_365365834_1155937381_37_0-t_-c1_10057922_nil_nil_2_1155937381_20_0-lc_32&cparam=MTUzODA1MTEzOV8xYzMyNDdnXzM0OTU3NzhkZDM2ZmM1NDgyZmMwZWFmZjg0YjExNTY0XzMyXzBfMzY1MzY1ODM0XzBfMF8zN18wXzU2NV8wXzA=","cparam":"MTUzODA1MTEzOV8xYzMyNDdnXzM0OTU3NzhkZDM2ZmM1NDgyZmMwZWFmZjg0YjExNTY0XzMyXzBfMzY1MzY1ODM0XzBfMF8zN18wXzU2NV8wXzA=","iid":"1lxjq0o","itemMarks":"1525 352 351","itemType":7,"leftbottom_taglist":["http://s2.mogucdn.com/p2/170307/1_53je1gbj88bjheidae4al1le4h94i_60x28.png"],"lefttop_taglist":[],"link":"http://item.meilishuo.com/h5/detail/1lxjq0o?acm=3.ms.2_1_1lxjq0o.0.70871-69004.s026ur4QNPSEN.sd_117-c_2_32_365365834_1155937381_37_0-t_-c1_10057922_nil_nil_2_1155937381_20_0-lc_32&cparam=MTUzODA1MTEzOV8xYzMyNDdnXzM0OTU3NzhkZDM2ZmM1NDgyZmMwZWFmZjg0YjExNTY0XzMyXzBfMzY1MzY1ODM0XzBfMF8zN18wXzU2NV8wXzA=","orgPrice":"\uffe570.00","popularStar":null,"price":"49.00","props":["2018\u590f\u5b63\u65b0\u6b3e\u7d2b\u8272\u767e\u642d\u6b3e\u5957\u5934\u5bbd\u677e\u5b66\u751fT\u6064\u5973\u4e0a\u8863\u6f6e4\u8272"],"ptpC":"_mb_mls_10057922_wap-index_noab-noab","sale":"198","shopId":"108443","show":{"h":416,"img":"http://s3.mogucdn.com/mlcdn/c45406/180611_726a37lae19b64lbljh9k6jch572a_640x960.jpg_320x999.jpg","w":320},"showLarge":{"h":840,"img":"http://s11.mogucdn.com/mlcdn/c45406/180611_726a37lae19b64lbljh9k6jch572a_640x960.jpg_560x999.jpg","w":560},"title":"2018\u590f\u5b63\u65b0\u6b3e\u7d2b\u8272\u767e\u642d\u6b3e\u5957\u5934\u5bbd\u677e\u5b66\u751fT\u6064\u5973\u4e0a\u8863\u6f6e4\u8272","titleTags":null,"type":2},{"acm":"3.ms.2_1_1lwwv1g.0.70871-69004.s026ur4QNPSEN.sd_117-c_2_32_405870610_1146666488_38_0-t_-c1_10057922_nil_nil_2_1146666488_20_0-lc_32","cfav":"3203","clientUrl":"http://item.meilishuo.com/h5/detail/1lwwv1g?acm=3.ms.2_1_1lwwv1g.0.70871-69004.s026ur4QNPSEN.sd_117-c_2_32_405870610_1146666488_38_0-t_-c1_10057922_nil_nil_2_1146666488_20_0-lc_32&cparam=MTUzODA1MTEzOV8xZGZhZmtzX2Q2MDUwYzJhZWU1ZTEzNjdiNTRlNDgwZGY5MjlkZTY1XzMyXzFfNDA1ODcwNjEwXzBfMF8zOF8wXzU2NV8wXzA=","cparam":"MTUzODA1MTEzOV8xZGZhZmtzX2Q2MDUwYzJhZWU1ZTEzNjdiNTRlNDgwZGY5MjlkZTY1XzMyXzFfNDA1ODcwNjEwXzBfMF8zOF8wXzU2NV8wXzA=","iid":"1lwwv1g","itemMarks":"1525 352 351","itemType":7,"leftbottom_taglist":["http://s2.mogucdn.com/p2/170307/1_5k6k8eiffl43633479294a49f8gci_60x28.png"],"lefttop_taglist":[],"link":"http://item.meilishuo.com/h5/detail/1lwwv1g?acm=3.ms.2_1_1lwwv1g.0.70871-69004.s026ur4QNPSEN.sd_117-c_2_32_405870610_1146666488_38_0-t_-c1_10057922_nil_nil_2_1146666488_20_0-lc_32&cparam=MTUzODA1MTEzOV8xZGZhZmtzX2Q2MDUwYzJhZWU1ZTEzNjdiNTRlNDgwZGY5MjlkZTY1XzMyXzFfNDA1ODcwNjEwXzBfMF8zOF8wXzU2NV8wXzA=","orgPrice":"\uffe580.00","popularStar":null,"price":"56.00","props":["2018\u65b0\u6b3e\u5973\u88c5\u79cb\u88c5\u7b80\u7ea6\u886c\u886b\u5973\u957f\u8896\u96ea\u7eba\u4e0a\u8863\u767e\u642d\u7eaf\u8272\u97e9\u8303\u6253\u5e95\u886c\u8863\u5973"],"ptpC":"_mb_mls_10057922_wap-index_noab-noab","sale":"958","shopId":"108443","show":{"h":416,"img":"http://s11.mogucdn.com/mlcdn/c45406/180411_69fhkb26eb2fe8c17244i8ki7hlhc_640x960.jpg_320x999.jpg","w":320},"showLarge":{"h":840,"img":"http://s11.mogucdn.com/mlcdn/c45406/180411_69fhkb26eb2fe8c17244i8ki7hlhc_640x960.jpg_560x999.jpg","w":560},"title":"2018\u65b0\u6b3e\u5973\u88c5\u79cb\u88c5\u7b80\u7ea6\u886c\u886b\u5973\u957f\u8896\u96ea\u7eba\u4e0a\u8863\u767e\u642d\u7eaf\u8272\u97e9\u8303\u6253\u5e95\u886c\u8863\u5973","titleTags":null,"type":2},{"acm":"3.ms.0_4_1m93jl2.0.13386-69004.s026ur4QNPSEN.t_-sd_117-lc_16","cfav":0,"clientUrl":"http://item.meilishuo.com/h5/detail/1m93jl2?acm=3.ms.0_4_1m93jl2.0.13386-69004.s026ur4QNPSEN.t_-sd_117-lc_16","cparam":null,"iid":"1m93jl2","itemMarks":"1525","itemType":5,"leftbottom_taglist":[],"lefttop_taglist":[],"link":"http://item.meilishuo.com/h5/detail/1m93jl2?acm=3.ms.0_4_1m93jl2.0.13386-69004.s026ur4QNPSEN.t_-sd_117-lc_16","orgPrice":"\uffe5140.00","popularStar":0,"price":"98.00","props":["2018\u65b0\u6b3e\u79cb\u51ac\u88c5\u7834\u6d1e\u9542\u7a7a\u7eaf\u8272\u9488\u7ec7\u6bdb\u8863\u5973+\u889c\u5b50+\u663e\u7626\u767e\u8936\u88d9\u4e09\u4ef6\u5957\u88c5"],"ptpC":"_mb_mls_10057922_wap-index_noab-noab","sale":0,"shopId":20589628,"show":{"h":416,"img":"http://s11.mogucdn.com/mlcdn/c45406/180927_41k3aifj9e68edb7dh95i6eak8j8c_640x960.jpg_320x999.jpg","w":320},"showLarge":{"h":840,"img":"http://s3.mogucdn.com/mlcdn/c45406/180927_41k3aifj9e68edb7dh95i6eak8j8c_640x960.jpg_560x999.jpg","w":560},"title":"2018\u65b0\u6b3e\u79cb\u51ac\u88c5\u7834\u6d1e\u9542\u7a7a\u7eaf\u8272\u9488\u7ec7\u6bdb\u8863\u5973+\u889c\u5b50+\u663e\u7626\u767e\u8936\u88d9\u4e09\u4ef6\u5957\u88c5","titleTags":null,"type":2},{"acm":"3.ms.0_4_1m93jd6.0.13386-69004.s026ur4QNPSEN.t_-sd_117-lc_16","cfav":0,"clientUrl":"http://item.meilishuo.com/h5/detail/1m93jd6?acm=3.ms.0_4_1m93jd6.0.13386-69004.s026ur4QNPSEN.t_-sd_117-lc_16","cparam":null,"iid":"1m93jd6","itemMarks":"-1","itemType":5,"leftbottom_taglist":[],"lefttop_taglist":[],"link":"http://item.meilishuo.com/h5/detail/1m93jd6?acm=3.ms.0_4_1m93jd6.0.13386-69004.s026ur4QNPSEN.t_-sd_117-lc_16","orgPrice":"\uffe585.70","popularStar":0,"price":"59.99","props":["\u65f6\u5c1a\u5bbd\u677e\u6175\u61d2\u98ce\u957f\u8896\u9488\u7ec7\u886b\u4e0a\u8863+\u540a\u5e26\u88d9chic\u76b1\u8936\u88d9\u5b50\u8fde\u8863\u88d9\u79cb\u88c5\u59732018\u65b0\u6b3e\u5973\u795e\u8303\u4e24\u4ef6\u5957"],"ptpC":"_mb_mls_10057922_wap-index_noab-noab","sale":0,"shopId":21756800,"show":{"h":416,"img":"http://s3.mogucdn.com/mlcdn/c45406/180927_4fc67i7ejjiee29dik8lcfbh6k4b6_640x960.jpg_320x999.jpg","w":320},"showLarge":{"h":840,"img":"http://s3.mogucdn.com/mlcdn/c45406/180927_4fc67i7ejjiee29dik8lcfbh6k4b6_640x960.jpg_560x999.jpg","w":560},"title":"\u65f6\u5c1a\u5bbd\u677e\u6175\u61d2\u98ce\u957f\u8896\u9488\u7ec7\u886b\u4e0a\u8863+\u540a\u5e26\u88d9chic\u76b1\u8936\u88d9\u5b50\u8fde\u8863\u88d9\u79cb\u88c5\u59732018\u65b0\u6b3e\u5973\u795e\u8303\u4e24\u4ef6\u5957","titleTags":null,"type":2},{"acm":"3.ms.2_1_1lwwv82.0.70871-69004.s026ur4QNPSEN.sd_117-c_2_32_362829383_1168661857_39_0-t_-c1_10057922_nil_nil_2_1168661857_20_0-lc_32","cfav":"6337","clientUrl":"http://item.meilishuo.com/h5/detail/1lwwv82?acm=3.ms.2_1_1lwwv82.0.70871-69004.s026ur4QNPSEN.sd_117-c_2_32_362829383_1168661857_39_0-t_-c1_10057922_nil_nil_2_1168661857_20_0-lc_32&cparam=MTUzODA1MTEzOV8xYzAxZHhpXzJlOWQ5OWYxZTcwNDU4YjVjNjE1MTcwNGZlNjZkZWViXzMyXzJfMzYyODI5MzgzXzBfMF8zOV8wXzU2NV8wXzA=","cparam":"MTUzODA1MTEzOV8xYzAxZHhpXzJlOWQ5OWYxZTcwNDU4YjVjNjE1MTcwNGZlNjZkZWViXzMyXzJfMzYyODI5MzgzXzBfMF8zOV8wXzU2NV8wXzA=","iid":"1lwwv82","itemMarks":"1525 352 1232 351","itemType":7,"leftbottom_taglist":[],"lefttop_taglist":[],"link":"http://item.meilishuo.com/h5/detail/1lwwv82?acm=3.ms.2_1_1lwwv82.0.70871-69004.s026ur4QNPSEN.sd_117-c_2_32_362829383_1168661857_39_0-t_-c1_10057922_nil_nil_2_1168661857_20_0-lc_32&cparam=MTUzODA1MTEzOV8xYzAxZHhpXzJlOWQ5OWYxZTcwNDU4YjVjNjE1MTcwNGZlNjZkZWViXzMyXzJfMzYyODI5MzgzXzBfMF8zOV8wXzU2NV8wXzA=","orgPrice":"\uffe580.00","popularStar":null,"price":"56.00","props":["2018\u65b0\u6b3e\u5973\u88c5\u6625\u88c5\u7b80\u7ea6\u886c\u886b\u5973\u957f\u8896\u96ea\u7eba\u4e0a\u8863\u4fee\u8eab\u6e05\u65b0\u6c14\u8d28\u65f6\u5c1a\u5927\u65b9\u4e2a\u6027\u767e\u642d\u7eaf\u8272\u97e9\u8303\u6253\u5e95\u886c\u8863\u6f6e"],"ptpC":"_mb_mls_10057922_wap-index_noab-noab","sale":"2198","shopId":"108443","show":{"h":416,"img":"http://s11.mogucdn.com/mlcdn/c45406/180519_0c4la80716i6dbff583d39245h1l9_640x960.jpg_320x999.jpg","w":320},"showLarge":{"h":840,"img":"http://s3.mogucdn.com/mlcdn/c45406/180519_0c4la80716i6dbff583d39245h1l9_640x960.jpg_560x999.jpg","w":560},"title":"2018\u65b0\u6b3e\u5973\u88c5\u6625\u88c5\u7b80\u7ea6\u886c\u886b\u5973\u957f\u8896\u96ea\u7eba\u4e0a\u8863\u4fee\u8eab\u6e05\u65b0\u6c14\u8d28\u65f6\u5c1a\u5927\u65b9\u4e2a\u6027\u767e\u642d\u7eaf\u8272\u97e9\u8303\u6253\u5e95\u886c\u8863\u6f6e","titleTags":null,"type":2},{"acm":"3.ms.2_1_1lvf1qw.0.70871-69004.s026ur4QNPSEN.sd_117-c_2_32_352660870_0_40_0-t_-c1_10057922_nil_nil_0_0_30_0-lc_32","cfav":"3658","clientUrl":"http://item.meilishuo.com/h5/detail/1lvf1qw?acm=3.ms.2_1_1lvf1qw.0.70871-69004.s026ur4QNPSEN.sd_117-c_2_32_352660870_0_40_0-t_-c1_10057922_nil_nil_0_0_30_0-lc_32&cparam=MTUzODA1MTEzOV8xYm54aHM0XzU5NmQ0ZmM3YWIwOWMwMzE4ZGM3N2NlNWVkMGQxZWY1XzMyXzNfMzUyNjYwODcwXzBfMF80MF8wXzkwN18wXzA=","cparam":"MTUzODA1MTEzOV8xYm54aHM0XzU5NmQ0ZmM3YWIwOWMwMzE4ZGM3N2NlNWVkMGQxZWY1XzMyXzNfMzUyNjYwODcwXzBfMF80MF8wXzkwN18wXzA=","iid":"1lvf1qw","itemMarks":"1525 1907","itemType":7,"leftbottom_taglist":[],"lefttop_taglist":[],"link":"http://item.meilishuo.com/h5/detail/1lvf1qw?acm=3.ms.2_1_1lvf1qw.0.70871-69004.s026ur4QNPSEN.sd_117-c_2_32_352660870_0_40_0-t_-c1_10057922_nil_nil_0_0_30_0-lc_32&cparam=MTUzODA1MTEzOV8xYm54aHM0XzU5NmQ0ZmM3YWIwOWMwMzE4ZGM3N2NlNWVkMGQxZWY1XzMyXzNfMzUyNjYwODcwXzBfMF80MF8wXzkwN18wXzA=","orgPrice":"\uffe552.00","popularStar":null,"price":"52.00","props":["\u957f\u8896/\u77ed\u8896T\u6064\u59732018\u65b0\u6b3e\u68c9\u8d28\u5b66\u751f\u5bbd\u677e\u97e9\u7248\u590f\u5b63\u53ef\u7231\u5361\u901a\u732b\u54aa\u5370\u82b1\u7eaf\u8272\u767e\u642d\u6253\u5e95\u886b\u4e0a\u8863\u5973\u6f6e"],"ptpC":"_mb_mls_10057922_wap-index_noab-noab","sale":"1856","shopId":"1302406937","show":{"h":416,"img":"http://s11.mogucdn.com/mlcdn/c45406/180423_54e410ebffkj73cah5e513584b5fb_800x800.jpg_320x999.jpg","w":320},"showLarge":{"h":560,"img":"http://s11.mogucdn.com/mlcdn/c45406/180423_54e410ebffkj73cah5e513584b5fb_800x800.jpg_560x999.jpg","w":560},"title":"\u957f\u8896/\u77ed\u8896T\u6064\u59732018\u65b0\u6b3e\u68c9\u8d28\u5b66\u751f\u5bbd\u677e\u97e9\u7248\u590f\u5b63\u53ef\u7231\u5361\u901a\u732b\u54aa\u5370\u82b1\u7eaf\u8272\u767e\u642d\u6253\u5e95\u886b\u4e0a\u8863\u5973\u6f6e","titleTags":null,"type":2},{"acm":"3.ms.2_1_1lrxzfw.0.70871-69004.s026ur4QNPSEN.sd_117-c_2_32_355439477_1289053873_41_0-t_-c1_10057922_nil_nil_2_1289053873_30_0-lc_32","cfav":"7511","clientUrl":"http://item.meilishuo.com/h5/detail/1lrxzfw?acm=3.ms.2_1_1lrxzfw.0.70871-69004.s026ur4QNPSEN.sd_117-c_2_32_355439477_1289053873_41_0-t_-c1_10057922_nil_nil_2_1289053873_30_0-lc_32&cparam=MTUzODA1MTEzOV8xYnI4bHI2X2ZiMWQ1ZGQwMWE4YmY2Yzc4MDU2MWQ3ZmQ4N2RlOTg3XzMyXzRfMzU1NDM5NDc3XzBfMF80MV8wXzEwM18wXzA=","cparam":"MTUzODA1MTEzOV8xYnI4bHI2X2ZiMWQ1ZGQwMWE4YmY2Yzc4MDU2MWQ3ZmQ4N2RlOTg3XzMyXzRfMzU1NDM5NDc3XzBfMF80MV8wXzEwM18wXzA=","iid":"1lrxzfw","itemMarks":"1525 82","itemType":7,"leftbottom_taglist":[],"lefttop_taglist":[],"link":"http://item.meilishuo.com/h5/detail/1lrxzfw?acm=3.ms.2_1_1lrxzfw.0.70871-69004.s026ur4QNPSEN.sd_117-c_2_32_355439477_1289053873_41_0-t_-c1_10057922_nil_nil_2_1289053873_30_0-lc_32&cparam=MTUzODA1MTEzOV8xYnI4bHI2X2ZiMWQ1ZGQwMWE4YmY2Yzc4MDU2MWQ3ZmQ4N2RlOTg3XzMyXzRfMzU1NDM5NDc3XzBfMF80MV8wXzEwM18wXzA=","orgPrice":"\uffe556.00","popularStar":null,"price":"39.00","props":["\u3010\u4e24\u4ef659\u5143\u3011\u3010 \u964d\u4ef7\u5566\uff01\u3011\u77ed\u8896t\u6064\u59732018\u590f\u88c5\u65b0\u6b3e\u97e9\u7248\u6f6e\u5bbd\u677e\u767e\u642d\u5b66\u751f\u4f11\u95f2\u4e0a\u8863"],"ptpC":"_mb_mls_10057922_wap-index_noab-noab","sale":"1323","shopId":"1302412599","show":{"h":416,"img":"http://s11.mogucdn.com/mlcdn/c45406/180827_32d08787feflc665j914603dek8dd_640x960.jpg_320x999.jpg","w":320},"showLarge":{"h":840,"img":"http://s3.mogucdn.com/mlcdn/c45406/180827_32d08787feflc665j914603dek8dd_640x960.jpg_560x999.jpg","w":560},"title":"\u3010\u4e24\u4ef659\u5143\u3011\u3010 \u964d\u4ef7\u5566\uff01\u3011\u77ed\u8896t\u6064\u59732018\u590f\u88c5\u65b0\u6b3e\u97e9\u7248\u6f6e\u5bbd\u677e\u767e\u642d\u5b66\u751f\u4f11\u95f2\u4e0a\u8863","titleTags":null,"type":2},{"acm":"3.ms.2_1_1ltf2tu.0.70871-69004.s026ur4QNPSEN.sd_117-c_2_32_362191657_466932402_42_0-t_-c1_10057922_nil_nil_1_466932402_30_0-lc_32","cfav":"535","clientUrl":"http://item.meilishuo.com/h5/detail/1ltf2tu?acm=3.ms.2_1_1ltf2tu.0.70871-69004.s026ur4QNPSEN.sd_117-c_2_32_362191657_466932402_42_0-t_-c1_10057922_nil_nil_1_466932402_30_0-lc_32&cparam=MTUzODA1MTEzOV8xYnphMXNhXzcxZDU3YTBlNjFkZjFiMDVhMjdlZGRlYWI5ZmFmYzgyXzMyXzVfMzYyMTkxNjU3XzBfMF80Ml8wXzk4XzBfMA==","cparam":"MTUzODA1MTEzOV8xYnphMXNhXzcxZDU3YTBlNjFkZjFiMDVhMjdlZGRlYWI5ZmFmYzgyXzMyXzVfMzYyMTkxNjU3XzBfMF80Ml8wXzk4XzBfMA==","iid":"1ltf2tu","itemMarks":"1525 352 351","itemType":7,"leftbottom_taglist":[],"lefttop_taglist":[],"link":"http://item.meilishuo.com/h5/detail/1ltf2tu?acm=3.ms.2_1_1ltf2tu.0.70871-69004.s026ur4QNPSEN.sd_117-c_2_32_362191657_466932402_42_0-t_-c1_10057922_nil_nil_1_466932402_30_0-lc_32&cparam=MTUzODA1MTEzOV8xYnphMXNhXzcxZDU3YTBlNjFkZjFiMDVhMjdlZGRlYWI5ZmFmYzgyXzMyXzVfMzYyMTkxNjU3XzBfMF80Ml8wXzk4XzBfMA==","orgPrice":"\uffe557.00","popularStar":null,"price":"39.90","props":["\u7eaf\u68c9\u767d\u8272t\u6064\u5973\u590f\u77ed\u8896\u4fee\u8eab\u77ed\u6b3e\u534a\u88962018\u65b0\u6b3e\u590f\u88c5\u7d27\u8eab\u9ed1\u8272\u4f53\u6064\u4e0a\u8863\u957f\u8896\u79cb\u51ac"],"ptpC":"_mb_mls_10057922_wap-index_noab-noab","sale":"290","shopId":"20149619","show":{"h":416,"img":"http://s11.mogucdn.com/mlcdn/c45406/180925_42jgbjiigf2b02506le2i1lal5bj0_640x960.jpg_320x999.jpg","w":320},"showLarge":{"h":840,"img":"http://s11.mogucdn.com/mlcdn/c45406/180925_42jgbjiigf2b02506le2i1lal5bj0_640x960.jpg_560x999.jpg","w":560},"title":"\u7eaf\u68c9\u767d\u8272t\u6064\u5973\u590f\u77ed\u8896\u4fee\u8eab\u77ed\u6b3e\u534a\u88962018\u65b0\u6b3e\u590f\u88c5\u7d27\u8eab\u9ed1\u8272\u4f53\u6064\u4e0a\u8863\u957f\u8896\u79cb\u51ac","titleTags":null,"type":2},{"acm":"3.ms.0_4_1m93ja0.0.13386-69004.s026ur4QNPSEN.t_-sd_117-lc_16","cfav":0,"clientUrl":"http://item.meilishuo.com/h5/detail/1m93ja0?acm=3.ms.0_4_1m93ja0.0.13386-69004.s026ur4QNPSEN.t_-sd_117-lc_16","cparam":null,"iid":"1m93ja0","itemMarks":"1525","itemType":5,"leftbottom_taglist":[],"lefttop_taglist":[],"link":"http://item.meilishuo.com/h5/detail/1m93ja0?acm=3.ms.0_4_1m93ja0.0.13386-69004.s026ur4QNPSEN.t_-sd_117-lc_16","orgPrice":"\uffe5111.43","popularStar":0,"price":"78.00","props":["\u79cb\u5b63\u65b0\u6b3e2018\u6e2f\u98ce\u590d\u53e4\u5bbd\u677e\u957f\u8896\u77ed\u6b3e\u76ae\u8863\u5916\u5957+\u767e\u642d\u9ad8\u8170\u663e\u7626\u4f11\u95f2\u897f\u88c5\u88e4\u4e24\u4ef6\u5957\u65f6\u5c1a\u5957\u88c5\u5973"],"ptpC":"_mb_mls_10057922_wap-index_noab-noab","sale":0,"shopId":111011,"show":{"h":416,"img":"http://s11.mogucdn.com/mlcdn/c45406/180927_28hk4f0l94g793j753c6631088kee_640x960.jpg_320x999.jpg","w":320},"showLarge":{"h":840,"img":"http://s3.mogucdn.com/mlcdn/c45406/180927_28hk4f0l94g793j753c6631088kee_640x960.jpg_560x999.jpg","w":560},"title":"\u79cb\u5b63\u65b0\u6b3e2018\u6e2f\u98ce\u590d\u53e4\u5bbd\u677e\u957f\u8896\u77ed\u6b3e\u76ae\u8863\u5916\u5957+\u767e\u642d\u9ad8\u8170\u663e\u7626\u4f11\u95f2\u897f\u88c5\u88e4\u4e24\u4ef6\u5957\u65f6\u5c1a\u5957\u88c5\u5973","titleTags":null,"type":2},{"acm":"3.ms.0_4_1m93j0q.0.13386-69004.s026ur4QNPSEN.t_-sd_117-lc_16","cfav":0,"clientUrl":"http://item.meilishuo.com/h5/detail/1m93j0q?acm=3.ms.0_4_1m93j0q.0.13386-69004.s026ur4QNPSEN.t_-sd_117-lc_16","cparam":null,"iid":"1m93j0q","itemMarks":"-1","itemType":5,"leftbottom_taglist":[],"lefttop_taglist":[],"link":"http://item.meilishuo.com/h5/detail/1m93j0q?acm=3.ms.0_4_1m93j0q.0.13386-69004.s026ur4QNPSEN.t_-sd_117-lc_16","orgPrice":"\uffe5128.43","popularStar":0,"price":"128.43","props":["\u4e24\u4ef6\u5957\u5973\u79cb2018\u65b0\u6b3e\u97e9\u7248chic\u5bbd\u677e\u957f\u8896\u5706\u9886\u5957\u5934\u536b\u8863+\u9ad8\u8170\u663e\u7626\u6c14\u8d28\u7eaf\u8272\u534a\u8eab\u88d9\u65f6\u5c1a\u5957\u88c5"],"ptpC":"_mb_mls_10057922_wap-index_noab-noab","sale":0,"shopId":102691,"show":{"h":416,"img":"http://s11.mogucdn.com/mlcdn/c45406/180927_700e221id788e6fg020h5h0c2clkh_640x960.jpg_320x999.jpg","w":320},"showLarge":{"h":840,"img":"http://s11.mogucdn.com/mlcdn/c45406/180927_700e221id788e6fg020h5h0c2clkh_640x960.jpg_560x999.jpg","w":560},"title":"\u4e24\u4ef6\u5957\u5973\u79cb2018\u65b0\u6b3e\u97e9\u7248chic\u5bbd\u677e\u957f\u8896\u5706\u9886\u5957\u5934\u536b\u8863+\u9ad8\u8170\u663e\u7626\u6c14\u8d28\u7eaf\u8272\u534a\u8eab\u88d9\u65f6\u5c1a\u5957\u88c5","titleTags":null,"type":2},{"acm":"3.ms.2_1_1ls1dp8.0.70871-69004.s026ur4QNPSEN.sd_117-c_2_32_355438209_398246895_43_0-t_-c1_10057922_nil_nil_1_398246895_30_0-lc_32","cfav":"661","clientUrl":"http://item.meilishuo.com/h5/detail/1ls1dp8?acm=3.ms.2_1_1ls1dp8.0.70871-69004.s026ur4QNPSEN.sd_117-c_2_32_355438209_398246895_43_0-t_-c1_10057922_nil_nil_1_398246895_30_0-lc_32&cparam=MTUzODA1MTEzOV8xYnI4anNxXzFhNzViYmI2NDgzODFmMTRjYmRhODc0ZmEzMGMwYWI5XzMyXzZfMzU1NDM4MjA5XzBfMF80M18wXzEwM18wXzA=","cparam":"MTUzODA1MTEzOV8xYnI4anNxXzFhNzViYmI2NDgzODFmMTRjYmRhODc0ZmEzMGMwYWI5XzMyXzZfMzU1NDM4MjA5XzBfMF80M18wXzEwM18wXzA=","iid":"1ls1dp8","itemMarks":"1525","itemType":7,"leftbottom_taglist":[],"lefttop_taglist":[],"link":"http://item.meilishuo.com/h5/detail/1ls1dp8?acm=3.ms.2_1_1ls1dp8.0.70871-69004.s026ur4QNPSEN.sd_117-c_2_32_355438209_398246895_43_0-t_-c1_10057922_nil_nil_1_398246895_30_0-lc_32&cparam=MTUzODA1MTEzOV8xYnI4anNxXzFhNzViYmI2NDgzODFmMTRjYmRhODc0ZmEzMGMwYWI5XzMyXzZfMzU1NDM4MjA5XzBfMF80M18wXzEwM18wXzA=","orgPrice":"\uffe556.00","popularStar":null,"price":"39.00","props":["2018\u590f\u88c5\u65b0\u6b3e\u9ad8\u54c1\u8d28\u77ed\u8896t\u6064\u5973\u7eaf\u68c9\u5706\u9886\u5bbd\u677e\u663e\u7626\u97e9\u7248\u5b66\u751f\u5973\u88c5"],"ptpC":"_mb_mls_10057922_wap-index_noab-noab","sale":"93","shopId":"1302412599","show":{"h":416,"img":"http://s11.mogucdn.com/mlcdn/c45406/180305_280c1c0dh694a1j025hlcgadl0e3k_640x960.jpg_320x999.jpg","w":320},"showLarge":{"h":840,"img":"http://s3.mogucdn.com/mlcdn/c45406/180305_280c1c0dh694a1j025hlcgadl0e3k_640x960.jpg_560x999.jpg","w":560},"title":"2018\u590f\u88c5\u65b0\u6b3e\u9ad8\u54c1\u8d28\u77ed\u8896t\u6064\u5973\u7eaf\u68c9\u5706\u9886\u5bbd\u677e\u663e\u7626\u97e9\u7248\u5b66\u751f\u5973\u88c5","titleTags":null,"type":2},{"acm":"3.ms.2_1_1lrzvr8.0.70871-69004.s026ur4QNPSEN.sd_117-c_2_32_355439208_1085278692_44_0-t_-c1_10057922_nil_nil_2_1085278692_30_0-lc_32","cfav":"1079","clientUrl":"http://item.meilishuo.com/h5/detail/1lrzvr8?acm=3.ms.2_1_1lrzvr8.0.70871-69004.s026ur4QNPSEN.sd_117-c_2_32_355439208_1085278692_44_0-t_-c1_10057922_nil_nil_2_1085278692_30_0-lc_32&cparam=MTUzODA1MTEzOV8xYnI4bGM4X2JhODdjYTBhODQ3YTNjMDRhMDg0ZjhjNGMyMjI4YjZjXzMyXzdfMzU1NDM5MjA4XzBfMF80NF8wXzEwM18wXzA=","cparam":"MTUzODA1MTEzOV8xYnI4bGM4X2JhODdjYTBhODQ3YTNjMDRhMDg0ZjhjNGMyMjI4YjZjXzMyXzdfMzU1NDM5MjA4XzBfMF80NF8wXzEwM18wXzA=","iid":"1lrzvr8","itemMarks":"1525","itemType":7,"leftbottom_taglist":[],"lefttop_taglist":[],"link":"http://item.meilishuo.com/h5/detail/1lrzvr8?acm=3.ms.2_1_1lrzvr8.0.70871-69004.s026ur4QNPSEN.sd_117-c_2_32_355439208_1085278692_44_0-t_-c1_10057922_nil_nil_2_1085278692_30_0-lc_32&cparam=MTUzODA1MTEzOV8xYnI4bGM4X2JhODdjYTBhODQ3YTNjMDRhMDg0ZjhjNGMyMjI4YjZjXzMyXzdfMzU1NDM5MjA4XzBfMF80NF8wXzEwM18wXzA=","orgPrice":"\uffe570.00","popularStar":null,"price":"49.00","props":["\u30102\u4ef669\u5143\u3011\u3010\u65b0\u54c1\u7279\u60e0\u3011\u77ed\u8896t\u6064\u59732018\u590f\u88c5\u65b0\u6b3e\u97e9\u7248\u5b66\u751f\u5bbd\u677e\u9ed1\u8272\u4f53\u6064\u5706\u9886\u7eaf\u68c9\u534a\u8896\u4e0a\u8863\u670d"],"ptpC":"_mb_mls_10057922_wap-index_noab-noab","sale":"39","shopId":"1302412599","show":{"h":416,"img":"http://s11.mogucdn.com/mlcdn/c45406/180301_25ajb18b5hd3ik8a507l60070abh5_640x960.jpg_320x999.jpg","w":320},"showLarge":{"h":840,"img":"http://s11.mogucdn.com/mlcdn/c45406/180301_25ajb18b5hd3ik8a507l60070abh5_640x960.jpg_560x999.jpg","w":560},"title":"\u30102\u4ef669\u5143\u3011\u3010\u65b0\u54c1\u7279\u60e0\u3011\u77ed\u8896t\u6064\u59732018\u590f\u88c5\u65b0\u6b3e\u97e9\u7248\u5b66\u751f\u5bbd\u677e\u9ed1\u8272\u4f53\u6064\u5706\u9886\u7eaf\u68c9\u534a\u8896\u4e0a\u8863\u670d","titleTags":null,"type":2},{"acm":"3.ms.0_4_1m93izo.0.13386-69004.s026ur4QNPSEN.t_-sd_117-lc_16","cfav":0,"clientUrl":"http://item.meilishuo.com/h5/detail/1m93izo?acm=3.ms.0_4_1m93izo.0.13386-69004.s026ur4QNPSEN.t_-sd_117-lc_16","cparam":null,"iid":"1m93izo","itemMarks":"1525","itemType":5,"leftbottom_taglist":[],"lefttop_taglist":[],"link":"http://item.meilishuo.com/h5/detail/1m93izo?acm=3.ms.0_4_1m93izo.0.13386-69004.s026ur4QNPSEN.t_-sd_117-lc_16","orgPrice":"\uffe598.58","popularStar":0,"price":"69.00","props":["2018\u79cb\u5b63\u65b0\u6b3e\u97e9\u7248\u65f6\u9ae6\u7f51\u7ea2\u665a\u665a\u98ce\u65f6\u5c1a\u5957\u88c5\u957f\u8896\u5957\u5934\u9732\u80a9\u8fde\u5e3d\u536b\u8863+\u9ad8\u8170\u767e\u642d\u534a\u8eab\u957f\u88d9\u5b50\u4e24\u4ef6\u5957"],"ptpC":"_mb_mls_10057922_wap-index_noab-noab","sale":0,"shopId":20999822,"show":{"h":416,"img":"http://s3.mogucdn.com/mlcdn/c45406/180927_50lc9hej0gh81a2e010cl036292ha_640x960.jpg_320x999.jpg","w":320},"showLarge":{"h":840,"img":"http://s3.mogucdn.com/mlcdn/c45406/180927_50lc9hej0gh81a2e010cl036292ha_640x960.jpg_560x999.jpg","w":560},"title":"2018\u79cb\u5b63\u65b0\u6b3e\u97e9\u7248\u65f6\u9ae6\u7f51\u7ea2\u665a\u665a\u98ce\u65f6\u5c1a\u5957\u88c5\u957f\u8896\u5957\u5934\u9732\u80a9\u8fde\u5e3d\u536b\u8863+\u9ad8\u8170\u767e\u642d\u534a\u8eab\u957f\u88d9\u5b50\u4e24\u4ef6\u5957","titleTags":null,"type":2},{"acm":"3.ms.0_4_1m93j2e.0.13386-69004.s026ur4QNPSEN.t_-sd_117-lc_16","cfav":0,"clientUrl":"http://item.meilishuo.com/h5/detail/1m93j2e?acm=3.ms.0_4_1m93j2e.0.13386-69004.s026ur4QNPSEN.t_-sd_117-lc_16","cparam":null,"iid":"1m93j2e","itemMarks":"1525","itemType":5,"leftbottom_taglist":[],"lefttop_taglist":[],"link":"http://item.meilishuo.com/h5/detail/1m93j2e?acm=3.ms.0_4_1m93j2e.0.13386-69004.s026ur4QNPSEN.t_-sd_117-lc_16","orgPrice":"\uffe5338.00","popularStar":0,"price":"168.00","props":["\u97e9\u90fd\u8863\u820d2018\u79cb\u88c5\u65b0\u6b3e\u5973\u97e9\u7248\u4e0d\u89c4\u5219\u88d9\u5b50\u4e2d\u957f\u6b3e\u8fde\u8863\u88d9RW8164"],"ptpC":"_mb_mls_10057922_wap-index_noab-noab","sale":0,"shopId":21312966,"show":{"h":416,"img":"http://s11.mogucdn.com/mlcdn/c45406/180927_4k2i440l96ihfj6ci4kbidhg10gha_720x960.jpg_320x999.jpg","w":320},"showLarge":{"h":747,"img":"http://s11.mogucdn.com/mlcdn/c45406/180927_4k2i440l96ihfj6ci4kbidhg10gha_720x960.jpg_560x999.jpg","w":560},"title":"\u97e9\u90fd\u8863\u820d2018\u79cb\u88c5\u65b0\u6b3e\u5973\u97e9\u7248\u4e0d\u89c4\u5219\u88d9\u5b50\u4e2d\u957f\u6b3e\u8fde\u8863\u88d9RW8164","titleTags":null,"type":2},{"acm":"3.ms.2_1_1lrpkxq.0.70871-69004.s026ur4QNPSEN.sd_117-c_2_32_355438940_411910858_45_0-t_-c1_10057922_nil_nil_1_411910858_30_0-lc_32","cfav":"5082","clientUrl":"http://item.meilishuo.com/h5/detail/1lrpkxq?acm=3.ms.2_1_1lrpkxq.0.70871-69004.s026ur4QNPSEN.sd_117-c_2_32_355438940_411910858_45_0-t_-c1_10057922_nil_nil_1_411910858_30_0-lc_32&cparam=MTUzODA1MTEzOV8xYnI4a3hjXzAxZTU5NGU4MTVmMWI4NWQ5N2M2MDQxNjBjZjU4MGI0XzMyXzhfMzU1NDM4OTQwXzBfMF80NV8wXzEwM18wXzA=","cparam":"MTUzODA1MTEzOV8xYnI4a3hjXzAxZTU5NGU4MTVmMWI4NWQ5N2M2MDQxNjBjZjU4MGI0XzMyXzhfMzU1NDM4OTQwXzBfMF80NV8wXzEwM18wXzA=","iid":"1lrpkxq","itemMarks":"1525 82","itemType":7,"leftbottom_taglist":[],"lefttop_taglist":[],"link":"http://item.meilishuo.com/h5/detail/1lrpkxq?acm=3.ms.2_1_1lrpkxq.0.70871-69004.s026ur4QNPSEN.sd_117-c_2_32_355438940_411910858_45_0-t_-c1_10057922_nil_nil_1_411910858_30_0-lc_32&cparam=MTUzODA1MTEzOV8xYnI4a3hjXzAxZTU5NGU4MTVmMWI4NWQ5N2M2MDQxNjBjZjU4MGI0XzMyXzhfMzU1NDM4OTQwXzBfMF80NV8wXzEwM18wXzA=","orgPrice":"\uffe556.00","popularStar":null,"price":"39.00","props":["\u3010\u4e24\u4ef659\u5143\u3011\u3010 \u964d\u4ef7\u5566\uff01\u30112018\u590f\u88c5\u65b0\u6b3e\u9ad8\u54c1\u8d28\u7eaf\u68c9t\u6064\u5973\u77ed\u8896\u767d\u8272\u5706\u9886\u5bbd\u677e\u5b66\u751f\u534a\u8896\u4e0a\u8863"],"ptpC":"_mb_mls_10057922_wap-index_noab-noab","sale":"350","shopId":"1302412599","show":{"h":416,"img":"http://s11.mogucdn.com/mlcdn/c45406/180403_2i2jigl6k95d93k5caa9567c2bb66_640x960.jpg_320x999.jpg","w":320},"showLarge":{"h":840,"img":"http://s11.mogucdn.com/mlcdn/c45406/180403_2i2jigl6k95d93k5caa9567c2bb66_640x960.jpg_560x999.jpg","w":560},"title":"\u3010\u4e24\u4ef659\u5143\u3011\u3010 \u964d\u4ef7\u5566\uff01\u30112018\u590f\u88c5\u65b0\u6b3e\u9ad8\u54c1\u8d28\u7eaf\u68c9t\u6064\u5973\u77ed\u8896\u767d\u8272\u5706\u9886\u5bbd\u677e\u5b66\u751f\u534a\u8896\u4e0a\u8863","titleTags":null,"type":2},{"acm":"3.ms.2_1_1lqxuvu.0.70871-69004.s026ur4QNPSEN.sd_117-c_2_32_437825990_393064635_46_0-t_-c1_10057922_nil_nil_1_393064635_36_0-lc_32","cfav":"4585","clientUrl":"http://item.meilishuo.com/h5/detail/1lqxuvu?acm=3.ms.2_1_1lqxuvu.0.70871-69004.s026ur4QNPSEN.sd_117-c_2_32_437825990_393064635_46_0-t_-c1_10057922_nil_nil_1_393064635_36_0-lc_32&cparam=MTUzODA1MTEzOV8xZWhjOWZvXzY2NTcwZDkwYTM1YTdmMGUyMGJhZjA0ZDhjY2VkZWI5XzMyXzlfNDM3ODI1OTkwXzBfMF80Nl8wXzE2NF8wXzA=","cparam":"MTUzODA1MTEzOV8xZWhjOWZvXzY2NTcwZDkwYTM1YTdmMGUyMGJhZjA0ZDhjY2VkZWI5XzMyXzlfNDM3ODI1OTkwXzBfMF80Nl8wXzE2NF8wXzA=","iid":"1lqxuvu","itemMarks":"1525 352 351","itemType":7,"leftbottom_taglist":[],"lefttop_taglist":[],"link":"http://item.meilishuo.com/h5/detail/1lqxuvu?acm=3.ms.2_1_1lqxuvu.0.70871-69004.s026ur4QNPSEN.sd_117-c_2_32_437825990_393064635_46_0-t_-c1_10057922_nil_nil_1_393064635_36_0-lc_32&cparam=MTUzODA1MTEzOV8xZWhjOWZvXzY2NTcwZDkwYTM1YTdmMGUyMGJhZjA0ZDhjY2VkZWI5XzMyXzlfNDM3ODI1OTkwXzBfMF80Nl8wXzE2NF8wXzA=","orgPrice":"\uffe542.84","popularStar":null,"price":"29.98","props":["\u9ad8\u9886\u9ed1\u767d\u6761\u7eb9\u957f\u8896t\u6064\u59732018\u6625\u79cb\u65b0\u6b3e\u97e9\u7248\u5bbd\u677e\u767e\u642d\u5b66\u751f\u5185\u642d\u6253\u5e95\u886b"],"ptpC":"_mb_mls_10057922_wap-index_noab-noab","sale":"657","shopId":"20234338","show":{"h":416,"img":"http://s3.mogucdn.com/mlcdn/c45406/180126_77c4hbhc7iih8dc1cbicgb468ab2h_640x960.jpg_320x999.jpg","w":320},"showLarge":{"h":840,"img":"http://s3.mogucdn.com/mlcdn/c45406/180126_77c4hbhc7iih8dc1cbicgb468ab2h_640x960.jpg_560x999.jpg","w":560},"title":"\u9ad8\u9886\u9ed1\u767d\u6761\u7eb9\u957f\u8896t\u6064\u59732018\u6625\u79cb\u65b0\u6b3e\u97e9\u7248\u5bbd\u677e\u767e\u642d\u5b66\u751f\u5185\u642d\u6253\u5e95\u886b","titleTags":null,"type":2},{"acm":"3.ms.2_1_1lqntnw.0.70871-69004.s026ur4QNPSEN.sd_117-c_2_32_385733073_391985368_47_0-t_-c1_10057922_nil_nil_1_391985368_20_0-lc_32","cfav":"452","clientUrl":"http://item.meilishuo.com/h5/detail/1lqntnw?acm=3.ms.2_1_1lqntnw.0.70871-69004.s026ur4QNPSEN.sd_117-c_2_32_385733073_391985368_47_0-t_-c1_10057922_nil_nil_1_391985368_20_0-lc_32&cparam=MTUzODA1MTEzOV8xY3JiNzRxXzg4MDcwOTU3OWMyMjcyOTI0YzNhM2UzY2E1Y2U5Yzc5XzMyXzEwXzM4NTczMzA3M18wXzBfNDdfMF82MzJfMF8w","cparam":"MTUzODA1MTEzOV8xY3JiNzRxXzg4MDcwOTU3OWMyMjcyOTI0YzNhM2UzY2E1Y2U5Yzc5XzMyXzEwXzM4NTczMzA3M18wXzBfNDdfMF82MzJfMF8w","iid":"1lqntnw","itemMarks":"1525","itemType":7,"leftbottom_taglist":[],"lefttop_taglist":[],"link":"http://item.meilishuo.com/h5/detail/1lqntnw?acm=3.ms.2_1_1lqntnw.0.70871-69004.s026ur4QNPSEN.sd_117-c_2_32_385733073_391985368_47_0-t_-c1_10057922_nil_nil_1_391985368_20_0-lc_32&cparam=MTUzODA1MTEzOV8xY3JiNzRxXzg4MDcwOTU3OWMyMjcyOTI0YzNhM2UzY2E1Y2U5Yzc5XzMyXzEwXzM4NTczMzA3M18wXzBfNDdfMF82MzJfMF8w","orgPrice":"\uffe557.00","popularStar":null,"price":"39.90","props":["2018\u6625\u590f\u88c5\u65b0\u6b3e\u4e0a\u8863\u5706\u9886\u4f11\u95f2\u767e\u642d\u97e9\u7248\u6253\u5e95\u886b\u7eaf\u8272\u767d\u8272\u68c9t\u6064\u5973\u77ed\u8896\u5bbd\u677e\u5b66\u751f\u534a\u8896tee\u60c5\u4fa3\u7537"],"ptpC":"_mb_mls_10057922_wap-index_noab-noab","sale":"121","shopId":"105755","show":{"h":416,"img":"http://s11.mogucdn.com/mlcdn/c45406/180122_1297b7c1b49f64ggkk25d1gh0gi5b_640x960.jpg_320x999.jpg","w":320},"showLarge":{"h":840,"img":"http://s3.mogucdn.com/mlcdn/c45406/180122_1297b7c1b49f64ggkk25d1gh0gi5b_640x960.jpg_560x999.jpg","w":560},"title":"2018\u6625\u590f\u88c5\u65b0\u6b3e\u4e0a\u8863\u5706\u9886\u4f11\u95f2\u767e\u642d\u97e9\u7248\u6253\u5e95\u886b\u7eaf\u8272\u767d\u8272\u68c9t\u6064\u5973\u77ed\u8896\u5bbd\u677e\u5b66\u751f\u534a\u8896tee\u60c5\u4fa3\u7537","titleTags":null,"type":2},{"acm":"3.ms.2_1_1lqnrto.0.70871-69004.s026ur4QNPSEN.sd_117-c_2_32_350016438_391979013_48_0-t_-c1_10057922_nil_nil_1_391979013_20_0-lc_32","cfav":"1185","clientUrl":"http://item.meilishuo.com/h5/detail/1lqnrto?acm=3.ms.2_1_1lqnrto.0.70871-69004.s026ur4QNPSEN.sd_117-c_2_32_350016438_391979013_48_0-t_-c1_10057922_nil_nil_1_391979013_20_0-lc_32&cparam=MTUzODA1MTEzOV8xYmtzNHY4XzIyN2MwOWVmZTUwZDZkNDY4ZThjMzUwMTQyNWQ4ZTk3XzMyXzExXzM1MDAxNjQzOF8wXzBfNDhfMF82MzJfMF8w","cparam":"MTUzODA1MTEzOV8xYmtzNHY4XzIyN2MwOWVmZTUwZDZkNDY4ZThjMzUwMTQyNWQ4ZTk3XzMyXzExXzM1MDAxNjQzOF8wXzBfNDhfMF82MzJfMF8w","iid":"1lqnrto","itemMarks":"1525","itemType":7,"leftbottom_taglist":[],"lefttop_taglist":[],"link":"http://item.meilishuo.com/h5/detail/1lqnrto?acm=3.ms.2_1_1lqnrto.0.70871-69004.s026ur4QNPSEN.sd_117-c_2_32_350016438_391979013_48_0-t_-c1_10057922_nil_nil_1_391979013_20_0-lc_32&cparam=MTUzODA1MTEzOV8xYmtzNHY4XzIyN2MwOWVmZTUwZDZkNDY4ZThjMzUwMTQyNWQ4ZTk3XzMyXzExXzM1MDAxNjQzOF8wXzBfNDhfMF82MzJfMF8w","orgPrice":"\uffe557.00","popularStar":null,"price":"39.90","props":["2018\u6625\u590f\u88c5\u65b0\u6b3e\u4e0a\u8863\u5706\u9886\u4f11\u95f2\u767e\u642d\u97e9\u7248\u6253\u5e95\u886b\u7eaf\u8272\u767d\u8272\u68c9t\u6064\u5973\u77ed\u8896\u5bbd\u677e\u5b66\u751f\u534a\u8896tee\u60c5\u4fa3\u7537"],"ptpC":"_mb_mls_10057922_wap-index_noab-noab","sale":"423","shopId":"105755","show":{"h":416,"img":"http://s3.mogucdn.com/mlcdn/c45406/180122_5dh2dl7862136dkcfh0haaalc3517_640x960.jpg_320x999.jpg","w":320},"showLarge":{"h":840,"img":"http://s11.mogucdn.com/mlcdn/c45406/180122_5dh2dl7862136dkcfh0haaalc3517_640x960.jpg_560x999.jpg","w":560},"title":"2018\u6625\u590f\u88c5\u65b0\u6b3e\u4e0a\u8863\u5706\u9886\u4f11\u95f2\u767e\u642d\u97e9\u7248\u6253\u5e95\u886b\u7eaf\u8272\u767d\u8272\u68c9t\u6064\u5973\u77ed\u8896\u5bbd\u677e\u5b66\u751f\u534a\u8896tee\u60c5\u4fa3\u7537","titleTags":null,"type":2},{"acm":"3.ms.0_4_1m93j26.0.13386-69004.s026ur4QNPSEN.t_-sd_117-lc_16","cfav":0,"clientUrl":"http://item.meilishuo.com/h5/detail/1m93j26?acm=3.ms.0_4_1m93j26.0.13386-69004.s026ur4QNPSEN.t_-sd_117-lc_16","cparam":null,"iid":"1m93j26","itemMarks":"1525","itemType":5,"leftbottom_taglist":[],"lefttop_taglist":[],"link":"http://item.meilishuo.com/h5/detail/1m93j26?acm=3.ms.0_4_1m93j26.0.13386-69004.s026ur4QNPSEN.t_-sd_117-lc_16","orgPrice":"\uffe5338.00","popularStar":0,"price":"168.00","props":["\u97e9\u90fd\u8863\u820d2018\u65b0\u6b3e\u5973\u88c5\u79cb\u88c5\u683c\u5b50\u62bd\u7ef3\u663e\u7626A\u5b57\u8fde\u8863\u88d9CQ8522"],"ptpC":"_mb_mls_10057922_wap-index_noab-noab","sale":0,"shopId":21312966,"show":{"h":416,"img":"http://s11.mogucdn.com/mlcdn/c45406/180927_7dcf6j8fblc67l7cj75jegb7iihh2_720x960.jpg_320x999.jpg","w":320},"showLarge":{"h":747,"img":"http://s11.mogucdn.com/mlcdn/c45406/180927_7dcf6j8fblc67l7cj75jegb7iihh2_720x960.jpg_560x999.jpg","w":560},"title":"\u97e9\u90fd\u8863\u820d2018\u65b0\u6b3e\u5973\u88c5\u79cb\u88c5\u683c\u5b50\u62bd\u7ef3\u663e\u7626A\u5b57\u8fde\u8863\u88d9CQ8522","titleTags":null,"type":2},{"acm":"3.ms.0_4_1m93j24.0.13386-69004.s026ur4QNPSEN.t_-sd_117-lc_16","cfav":0,"clientUrl":"http://item.meilishuo.com/h5/detail/1m93j24?acm=3.ms.0_4_1m93j24.0.13386-69004.s026ur4QNPSEN.t_-sd_117-lc_16","cparam":null,"iid":"1m93j24","itemMarks":"-1","itemType":5,"leftbottom_taglist":[],"lefttop_taglist":[],"link":"http://item.meilishuo.com/h5/detail/1m93j24?acm=3.ms.0_4_1m93j24.0.13386-69004.s026ur4QNPSEN.t_-sd_117-lc_16","orgPrice":"\uffe5399.00","popularStar":0,"price":"399.00","props":["\u79cb\u88c5\u59732018\u65b0\u6b3e\u957f\u8896\u4fee\u8eab\u663e\u7626\u6536\u8170\u62fc\u63a5\u857e\u4e1d\u8fde\u8863\u88d9"],"ptpC":"_mb_mls_10057922_wap-index_noab-noab","sale":0,"shopId":1302445467,"show":{"h":416,"img":"http://s3.mogucdn.com/mlcdn/c45406/180927_3k041if84jceg6l34194i9jf4idf6_640x960.jpg_320x999.jpg","w":320},"showLarge":{"h":840,"img":"http://s11.mogucdn.com/mlcdn/c45406/180927_3k041if84jceg6l34194i9jf4idf6_640x960.jpg_560x999.jpg","w":560},"title":"\u79cb\u88c5\u59732018\u65b0\u6b3e\u957f\u8896\u4fee\u8eab\u663e\u7626\u6536\u8170\u62fc\u63a5\u857e\u4e1d\u8fde\u8863\u88d9","titleTags":null,"type":2},{"acm":"3.ms.2_1_1lpmb9u.0.70871-69004.s026ur4QNPSEN.sd_117-c_2_32_385733390_388112959_49_0-t_-c1_10057922_nil_nil_1_388112959_20_0-lc_32","cfav":"362","clientUrl":"http://item.meilishuo.com/h5/detail/1lpmb9u?acm=3.ms.2_1_1lpmb9u.0.70871-69004.s026ur4QNPSEN.sd_117-c_2_32_385733390_388112959_49_0-t_-c1_10057922_nil_nil_1_388112959_20_0-lc_32&cparam=MTUzODA1MTEzOV8xY3JiN21jXzNkZTE3NjU0YjZkNWU0NTQwMWY0MTkzMDY1NTJkMDcyXzMyXzEyXzM4NTczMzM5MF8wXzBfNDlfMF82MzJfMF8w","cparam":"MTUzODA1MTEzOV8xY3JiN21jXzNkZTE3NjU0YjZkNWU0NTQwMWY0MTkzMDY1NTJkMDcyXzMyXzEyXzM4NTczMzM5MF8wXzBfNDlfMF82MzJfMF8w","iid":"1lpmb9u","itemMarks":"1525","itemType":7,"leftbottom_taglist":[],"lefttop_taglist":[],"link":"http://item.meilishuo.com/h5/detail/1lpmb9u?acm=3.ms.2_1_1lpmb9u.0.70871-69004.s026ur4QNPSEN.sd_117-c_2_32_385733390_388112959_49_0-t_-c1_10057922_nil_nil_1_388112959_20_0-lc_32&cparam=MTUzODA1MTEzOV8xY3JiN21jXzNkZTE3NjU0YjZkNWU0NTQwMWY0MTkzMDY1NTJkMDcyXzMyXzEyXzM4NTczMzM5MF8wXzBfNDlfMF82MzJfMF8w","orgPrice":"\uffe557.00","popularStar":null,"price":"39.90","props":["2018\u6625\u590f\u88c5\u65b0\u6b3e\u4e0a\u8863\u5706\u9886\u4f11\u95f2\u767e\u642d\u97e9\u7248\u6253\u5e95\u886b\u7eaf\u8272\u767d\u8272\u68c9t\u6064\u5973\u77ed\u8896\u5bbd\u677e\u5b66\u751f\u534a\u8896tee\u60c5\u4fa3\u7537"],"ptpC":"_mb_mls_10057922_wap-index_noab-noab","sale":"175","shopId":"105755","show":{"h":416,"img":"http://s11.mogucdn.com/mlcdn/c45406/180108_6ecg9hkhe7g5g12fhkc6al06k95de_640x989.jpg_320x999.jpg","w":320},"showLarge":{"h":866,"img":"http://s11.mogucdn.com/mlcdn/c45406/180108_6ecg9hkhe7g5g12fhkc6al06k95de_640x989.jpg_560x999.jpg","w":560},"title":"2018\u6625\u590f\u88c5\u65b0\u6b3e\u4e0a\u8863\u5706\u9886\u4f11\u95f2\u767e\u642d\u97e9\u7248\u6253\u5e95\u886b\u7eaf\u8272\u767d\u8272\u68c9t\u6064\u5973\u77ed\u8896\u5bbd\u677e\u5b66\u751f\u534a\u8896tee\u60c5\u4fa3\u7537","titleTags":null,"type":2},{"acm":"3.ms.2_1_1kj7vgw.0.70871-69004.s026ur4QNPSEN.sd_117-c_2_32_431893493_2031391_50_0-t_-c1_10057922_nil_nil_0_2031391_30_0-lc_32","cfav":"291","clientUrl":"http://item.meilishuo.com/h5/detail/1kj7vgw?acm=3.ms.2_1_1kj7vgw.0.70871-69004.s026ur4QNPSEN.sd_117-c_2_32_431893493_2031391_50_0-t_-c1_10057922_nil_nil_0_2031391_30_0-lc_32&cparam=MTUzODA1MTEzOV8xZWE5eWNpX2EwN2M0YzU0M2IzZGM1NDBjMDg2NmRjMTRiMTBlYjYxXzMyXzEzXzQzMTg5MzQ5M18wXzIwMzEzOTFfNTBfMF8xMDAxXzBfMA==","cparam":"MTUzODA1MTEzOV8xZWE5eWNpX2EwN2M0YzU0M2IzZGM1NDBjMDg2NmRjMTRiMTBlYjYxXzMyXzEzXzQzMTg5MzQ5M18wXzIwMzEzOTFfNTBfMF8xMDAxXzBfMA==","iid":"1kj7vgw","itemMarks":"1525","itemType":7,"leftbottom_taglist":[],"lefttop_taglist":[],"link":"http://item.meilishuo.com/h5/detail/1kj7vgw?acm=3.ms.2_1_1kj7vgw.0.70871-69004.s026ur4QNPSEN.sd_117-c_2_32_431893493_2031391_50_0-t_-c1_10057922_nil_nil_0_2031391_30_0-lc_32&cparam=MTUzODA1MTEzOV8xZWE5eWNpX2EwN2M0YzU0M2IzZGM1NDBjMDg2NmRjMTRiMTBlYjYxXzMyXzEzXzQzMTg5MzQ5M18wXzIwMzEzOTFfNTBfMF8xMDAxXzBfMA==","orgPrice":"\uffe555.00","popularStar":null,"price":"38.00","props":["2018\u65b0\u6b3e\u97e9\u7248\u7eaf\u68c9V\u9886\u6761\u7eb9\u957f\u8896\u4f53\u6064\u5973\u88c5\u4e0a\u8863\u670d\u4fee\u8eab\u663e\u7626\u6253\u5e95\u886b\u5973\u5f0f\u65f6\u5c1aT\u6064\u5973\u751f\u6f6e"],"ptpC":"_mb_mls_10057922_wap-index_noab-noab","sale":"45","shopId":"1302410734","show":{"h":416,"img":"http://s11.mogucdn.com/mlcdn/17f85e/180830_141d4d2fj4ek2df8jjd2i38ijc48c_640x960.jpg_320x999.jpg","w":320},"showLarge":{"h":840,"img":"http://s3.mogucdn.com/mlcdn/17f85e/180830_141d4d2fj4ek2df8jjd2i38ijc48c_640x960.jpg_560x999.jpg","w":560},"title":"2018\u65b0\u6b3e\u97e9\u7248\u7eaf\u68c9V\u9886\u6761\u7eb9\u957f\u8896\u4f53\u6064\u5973\u88c5\u4e0a\u8863\u670d\u4fee\u8eab\u663e\u7626\u6253\u5e95\u886b\u5973\u5f0f\u65f6\u5c1aT\u6064\u5973\u751f\u6f6e","titleTags":null,"type":2},{"acm":"3.ms.0_4_1m93iui.0.13386-69004.s026ur4QNPSEN.t_-sd_117-lc_16","cfav":0,"clientUrl":"http://item.meilishuo.com/h5/detail/1m93iui?acm=3.ms.0_4_1m93iui.0.13386-69004.s026ur4QNPSEN.t_-sd_117-lc_16","cparam":null,"iid":"1m93iui","itemMarks":"1525","itemType":5,"leftbottom_taglist":[],"lefttop_taglist":[],"link":"http://item.meilishuo.com/h5/detail/1m93iui?acm=3.ms.0_4_1m93iui.0.13386-69004.s026ur4QNPSEN.t_-sd_117-lc_16","orgPrice":"\uffe5358.00","popularStar":0,"price":"168.00","props":["\u97e9\u90fd\u8863\u820d2018\u79cb\u88c5\u65b0\u6b3e\u5973\u97e9\u7248\u7eaf\u8272\u9488\u7ec7\u4e2d\u957f\u6b3e\u8fde\u8863\u88d9DU8327"],"ptpC":"_mb_mls_10057922_wap-index_noab-noab","sale":0,"shopId":21312966,"show":{"h":416,"img":"http://s3.mogucdn.com/mlcdn/c45406/180927_27dkcc513fgkdjc15l889h2ik4jhb_720x960.jpg_320x999.jpg","w":320},"showLarge":{"h":747,"img":"http://s11.mogucdn.com/mlcdn/c45406/180927_27dkcc513fgkdjc15l889h2ik4jhb_720x960.jpg_560x999.jpg","w":560},"title":"\u97e9\u90fd\u8863\u820d2018\u79cb\u88c5\u65b0\u6b3e\u5973\u97e9\u7248\u7eaf\u8272\u9488\u7ec7\u4e2d\u957f\u6b3e\u8fde\u8863\u88d9DU8327","titleTags":null,"type":2},{"acm":"3.ms.0_4_1m93ij4.0.13386-69004.s026ur4QNPSEN.t_-sd_117-lc_16","cfav":0,"clientUrl":"http://item.meilishuo.com/h5/detail/1m93ij4?acm=3.ms.0_4_1m93ij4.0.13386-69004.s026ur4QNPSEN.t_-sd_117-lc_16","cparam":null,"iid":"1m93ij4","itemMarks":"1525","itemType":5,"leftbottom_taglist":[],"lefttop_taglist":[],"link":"http://item.meilishuo.com/h5/detail/1m93ij4?acm=3.ms.0_4_1m93ij4.0.13386-69004.s026ur4QNPSEN.t_-sd_117-lc_16","orgPrice":"\uffe5140.00","popularStar":0,"price":"98.00","props":["2018\u79cb\u88c5\u65b0\u6b3e\u6c14\u8d28\u5973\u88c5\u5bbd\u677e\u663e\u7626\u4e24\u4ef6\u5957\u5973\u795e\u8303\u7f51\u7ea2\u590d\u53e4\u886c\u886b\u4e0a\u8863+\u9614\u817f\u88e4\u65f6\u5c1a\u5957\u88c5\u5973"],"ptpC":"_mb_mls_10057922_wap-index_noab-noab","sale":0,"shopId":103624,"show":{"h":416,"img":"http://s3.mogucdn.com/mlcdn/c45406/180927_7dc091a20ff6hhi12h67hdl4igi08_640x960.jpg_320x999.jpg","w":320},"showLarge":{"h":840,"img":"http://s11.mogucdn.com/mlcdn/c45406/180927_7dc091a20ff6hhi12h67hdl4igi08_640x960.jpg_560x999.jpg","w":560},"title":"2018\u79cb\u88c5\u65b0\u6b3e\u6c14\u8d28\u5973\u88c5\u5bbd\u677e\u663e\u7626\u4e24\u4ef6\u5957\u5973\u795e\u8303\u7f51\u7ea2\u590d\u53e4\u886c\u886b\u4e0a\u8863+\u9614\u817f\u88e4\u65f6\u5c1a\u5957\u88c5\u5973","titleTags":null,"type":2},{"acm":"3.ms.2_1_1k8efpw.0.70871-69004.s026ur4QNPSEN.sd_117-c_2_32_395000695_231647977_51_0-t_-c1_10057922_nil_nil_1_231647977_20_0-lc_32","cfav":"1125","clientUrl":"http://item.meilishuo.com/h5/detail/1k8efpw?acm=3.ms.2_1_1k8efpw.0.70871-69004.s026ur4QNPSEN.sd_117-c_2_32_395000695_231647977_51_0-t_-c1_10057922_nil_nil_1_231647977_20_0-lc_32&cparam=MTUzODA1MTEzOV8xZDJjaDBtXzkzYTg3MjJlYWU0ZmM5OTdjYzZhMWE4NmNmYmY5ZjgzXzMyXzE0XzM5NTAwMDY5NV8wXzBfNTFfMF8xMzFfMF8w","cparam":"MTUzODA1MTEzOV8xZDJjaDBtXzkzYTg3MjJlYWU0ZmM5OTdjYzZhMWE4NmNmYmY5ZjgzXzMyXzE0XzM5NTAwMDY5NV8wXzBfNTFfMF8xMzFfMF8w","iid":"1k8efpw","itemMarks":"1525","itemType":7,"leftbottom_taglist":[],"lefttop_taglist":[],"link":"http://item.meilishuo.com/h5/detail/1k8efpw?acm=3.ms.2_1_1k8efpw.0.70871-69004.s026ur4QNPSEN.sd_117-c_2_32_395000695_231647977_51_0-t_-c1_10057922_nil_nil_1_231647977_20_0-lc_32&cparam=MTUzODA1MTEzOV8xZDJjaDBtXzkzYTg3MjJlYWU0ZmM5OTdjYzZhMWE4NmNmYmY5ZjgzXzMyXzE0XzM5NTAwMDY5NV8wXzBfNTFfMF8xMzFfMF8w","orgPrice":"\uffe555.72","popularStar":null,"price":"39.00","props":["2018\u590f\u5b63\u65b0\u6b3e\u7eaf\u8272\u4f53\u6064\u97e9\u7248\u767d\u8272\u77ed\u8896T\u6064\u5973\u767e\u642d\u5b66\u751f\u9ed1\u8272\u5bbd\u677e\u5706\u9886\u4e0a\u8863\u663e\u7626\u6253\u5e95\u886b"],"ptpC":"_mb_mls_10057922_wap-index_noab-noab","sale":"158","shopId":"137747","show":{"h":416,"img":"http://s3.mogucdn.com/p2/170310/89187459_381lbi9315h9jjgl1i812il7ie72e_640x960.jpg_320x999.jpg","w":320},"showLarge":{"h":840,"img":"http://s11.mogucdn.com/p2/170310/89187459_381lbi9315h9jjgl1i812il7ie72e_640x960.jpg_560x999.jpg","w":560},"title":"2018\u590f\u5b63\u65b0\u6b3e\u7eaf\u8272\u4f53\u6064\u97e9\u7248\u767d\u8272\u77ed\u8896T\u6064\u5973\u767e\u642d\u5b66\u751f\u9ed1\u8272\u5bbd\u677e\u5706\u9886\u4e0a\u8863\u663e\u7626\u6253\u5e95\u886b","titleTags":null,"type":2},{"acm":"3.ms.2_1_1k6tcws.0.70871-69004.s026ur4QNPSEN.sd_117-c_2_32_332878294_220248508_52_0-t_-c1_10057922_nil_nil_1_220248508_38_0-lc_32","cfav":"4738","clientUrl":"http://item.meilishuo.com/h5/detail/1k6tcws?acm=3.ms.2_1_1k6tcws.0.70871-69004.s026ur4QNPSEN.sd_117-c_2_32_332878294_220248508_52_0-t_-c1_10057922_nil_nil_1_220248508_38_0-lc_32&cparam=MTUzODA1MTEzOV8xYjBkaDQ0X2ZiYTFkOTYwYzNkYzk2OWJlZDYxNGY5MmZkNmNmMGI1XzMyXzE1XzMzMjg3ODI5NF8wXzBfNTJfMF80NTNfMF8w","cparam":"MTUzODA1MTEzOV8xYjBkaDQ0X2ZiYTFkOTYwYzNkYzk2OWJlZDYxNGY5MmZkNmNmMGI1XzMyXzE1XzMzMjg3ODI5NF8wXzBfNTJfMF80NTNfMF8w","iid":"1k6tcws","itemMarks":"1525","itemType":7,"leftbottom_taglist":[],"lefttop_taglist":[],"link":"http://item.meilishuo.com/h5/detail/1k6tcws?acm=3.ms.2_1_1k6tcws.0.70871-69004.s026ur4QNPSEN.sd_117-c_2_32_332878294_220248508_52_0-t_-c1_10057922_nil_nil_1_220248508_38_0-lc_32&cparam=MTUzODA1MTEzOV8xYjBkaDQ0X2ZiYTFkOTYwYzNkYzk2OWJlZDYxNGY5MmZkNmNmMGI1XzMyXzE1XzMzMjg3ODI5NF8wXzBfNTJfMF80NTNfMF8w","orgPrice":"\uffe557.00","popularStar":null,"price":"39.90","props":["2018\u65b0\u6b3e\u804c\u4e1a\u767d\u886c\u886b\u5973\u957f\u8896\u97e9\u8303\u5b66\u751f\u4fee\u8eab\u5de5\u4f5c\u670d\u767d\u8272\u6253\u5e95\u886c\u8863"],"ptpC":"_mb_mls_10057922_wap-index_noab-noab","sale":"708","shopId":"107873","show":{"h":416,"img":"http://s11.mogucdn.com/p2/170109/64689605_748cffk7jjd4gj0le2e8df2g6118g_640x960.jpg_320x999.jpg","w":320},"showLarge":{"h":840,"img":"http://s3.mogucdn.com/p2/170109/64689605_748cffk7jjd4gj0le2e8df2g6118g_640x960.jpg_560x999.jpg","w":560},"title":"2018\u65b0\u6b3e\u804c\u4e1a\u767d\u886c\u886b\u5973\u957f\u8896\u97e9\u8303\u5b66\u751f\u4fee\u8eab\u5de5\u4f5c\u670d\u767d\u8272\u6253\u5e95\u886c\u8863","titleTags":null,"type":2},{"acm":"3.ms.2_1_1jw0sr2.0.70871-69004.s026ur4QNPSEN.sd_117-c_2_32_346732365_228525953_53_0-t_-c1_10057922_nil_nil_1_228525953_85_0-lc_32","cfav":"1260","clientUrl":"http://item.meilishuo.com/h5/detail/1jw0sr2?acm=3.ms.2_1_1jw0sr2.0.70871-69004.s026ur4QNPSEN.sd_117-c_2_32_346732365_228525953_53_0-t_-c1_10057922_nil_nil_1_228525953_85_0-lc_32&cparam=MTUzODA1MTEzOV8xYmd2Y3VxX2FhNmJhMjMwNGNjMjc2MWNjMjhiYzJkYzVmNjFjNDEyXzMyXzE2XzM0NjczMjM2NV8wXzBfNTNfMF8zMjVfMF8w","cparam":"MTUzODA1MTEzOV8xYmd2Y3VxX2FhNmJhMjMwNGNjMjc2MWNjMjhiYzJkYzVmNjFjNDEyXzMyXzE2XzM0NjczMjM2NV8wXzBfNTNfMF8zMjVfMF8w","iid":"1jw0sr2","itemMarks":"1525 352 72 351","itemType":7,"leftbottom_taglist":[],"lefttop_taglist":[],"link":"http://item.meilishuo.com/h5/detail/1jw0sr2?acm=3.ms.2_1_1jw0sr2.0.70871-69004.s026ur4QNPSEN.sd_117-c_2_32_346732365_228525953_53_0-t_-c1_10057922_nil_nil_1_228525953_85_0-lc_32&cparam=MTUzODA1MTEzOV8xYmd2Y3VxX2FhNmJhMjMwNGNjMjc2MWNjMjhiYzJkYzVmNjFjNDEyXzMyXzE2XzM0NjczMjM2NV8wXzBfNTNfMF8zMjVfMF8w","orgPrice":"\uffe559.00","popularStar":null,"price":"56.64","props":["2018 \u65b0\u6b3e\u5973\u88c5\u4e0a\u8863\u6587\u827a\u68c9\u9ebb\u77ed\u8896t\u6064 V\u9886\u886bT\u6064\u5973\u77ed\u8896\u5973T\u6856"],"ptpC":"_mb_mls_10057922_wap-index_noab-noab","sale":"51","shopId":"20483465","show":{"h":416,"img":"http://s11.mogucdn.com/p2/170301/106341701_4kfgdd3001475k8h1l365al2k5ed6_640x960.jpg_320x999.jpg","w":320},"showLarge":{"h":840,"img":"http://s11.mogucdn.com/p2/170301/106341701_4kfgdd3001475k8h1l365al2k5ed6_640x960.jpg_560x999.jpg","w":560},"title":"2018 \u65b0\u6b3e\u5973\u88c5\u4e0a\u8863\u6587\u827a\u68c9\u9ebb\u77ed\u8896t\u6064 V\u9886\u886bT\u6064\u5973\u77ed\u8896\u5973T\u6856","titleTags":null,"type":2},{"acm":"3.ms.2_1_1m8x32i.0.70871-69004.s026ur4QNPSEN.sd_117-c_2_32_444311448_0_54_0-t_-c1_10057922_nil_nil_0_0_30_0-lc_32","cfav":"1","clientUrl":"http://item.meilishuo.com/h5/detail/1m8x32i?acm=3.ms.2_1_1m8x32i.0.70871-69004.s026ur4QNPSEN.sd_117-c_2_32_444311448_0_54_0-t_-c1_10057922_nil_nil_0_0_30_0-lc_32&cparam=MTUzODA1MTEzOV8xZXAyOXV3XzBiZTIyZTI4MTQ0ZTlmYjE5MTkyODgyNzFhNzViNDUxXzMyXzE3XzQ0NDMxMTQ0OF8wXzBfNTRfMF85XzBfMA==","cparam":"MTUzODA1MTEzOV8xZXAyOXV3XzBiZTIyZTI4MTQ0ZTlmYjE5MTkyODgyNzFhNzViNDUxXzMyXzE3XzQ0NDMxMTQ0OF8wXzBfNTRfMF85XzBfMA==","iid":"1m8x32i","itemMarks":"352 351","itemType":7,"leftbottom_taglist":[],"lefttop_taglist":[],"link":"http://item.meilishuo.com/h5/detail/1m8x32i?acm=3.ms.2_1_1m8x32i.0.70871-69004.s026ur4QNPSEN.sd_117-c_2_32_444311448_0_54_0-t_-c1_10057922_nil_nil_0_0_30_0-lc_32&cparam=MTUzODA1MTEzOV8xZXAyOXV3XzBiZTIyZTI4MTQ0ZTlmYjE5MTkyODgyNzFhNzViNDUxXzMyXzE3XzQ0NDMxMTQ0OF8wXzBfNTRfMF85XzBfMA==","orgPrice":"\uffe560.00","popularStar":null,"price":"60.00","props":["\u97e9\u98cechic\u4e0a\u88632018\u65b0\u6b3e\u79cb\u5b63\u97e9\u7248\u5b66\u9662\u98ce\u65e5\u7cfb\u8f6f\u59b9\u5c0f\u6e05\u65b0\u62fc\u8272V\u9886\u767e\u642d\u957f\u8896t\u6064\u536b\u8863\u5973\u5b66\u751f"],"ptpC":"_mb_mls_10057922_wap-index_noab-noab","sale":"30","shopId":"1302401164","show":{"h":416,"img":"http://s11.mogucdn.com/mlcdn/55cf19/180923_8870522k681i85d2gfi1k6le1382e_640x960.jpg_320x999.jpg","w":320},"showLarge":{"h":840,"img":"http://s3.mogucdn.com/mlcdn/55cf19/180923_8870522k681i85d2gfi1k6le1382e_640x960.jpg_560x999.jpg","w":560},"title":"\u97e9\u98cechic\u4e0a\u88632018\u65b0\u6b3e\u79cb\u5b63\u97e9\u7248\u5b66\u9662\u98ce\u65e5\u7cfb\u8f6f\u59b9\u5c0f\u6e05\u65b0\u62fc\u8272V\u9886\u767e\u642d\u957f\u8896t\u6064\u536b\u8863\u5973\u5b66\u751f","titleTags":null,"type":2}],"page":3,"param":{"_mgjuuid":"3d028fa2-63be-47a8-a921-3186422c884d","cKey":"wap-index","cpcEventId":70005,"cpc_offset":0,"eventId":70003,"fcid":"10057922","page":"3","ptpPartC":"_mb_mls_10057922_wap-index_noab-noab","ptpWallCpc":"_wall_cpc","ptpWallDoc":"_wall_docs","section":"0","sort":"new"},"ptpPartC":"_mb_mls_10057922_wap-index_noab-noab","sort":"new","title":"\u7f8e\u4e3d\u8bf4wap\u9996\u9875","total":41764},"returnCode":"1001","returnMessage":null,"success":true}
