{"data":{"cpc_offset":0,"filter":{"list":[{"fcid":"10057922","sort":"pop","style":null,"title":"\u6d41\u884c","type":"sort"},{"fcid":"10057922","sort":"sell","style":null,"title":"\u70ed\u9500","type":"sort"},{"fcid":"10057922","sort":"new","style":null,"title":"\u4e0a\u65b0","type":"sort"}],"title":"\u7f8e\u4e3d\u8bf4wap\u9996\u9875"},"isEnd":false,"list":[{"acm":"3.ms.0_4_1m93ij4.0.13386-69004.ni0a5r4QNZ6Ld.t_-sd_117-lc_16","cfav":0,"clientUrl":"http://item.meilishuo.com/h5/detail/1m93ij4?acm=3.ms.0_4_1m93ij4.0.13386-69004.ni0a5r4QNZ6Ld.t_-sd_117-lc_16","cparam":null,"iid":"1m93ij4","itemMarks":"1525","itemType":5,"leftbottom_taglist":[],"lefttop_taglist":[],"link":"http://item.meilishuo.com/h5/detail/1m93ij4?acm=3.ms.0_4_1m93ij4.0.13386-69004.ni0a5r4QNZ6Ld.t_-sd_117-lc_16","orgPrice":"\uffe5140.00","popularStar":0,"price":"98.00","props":["2018\u79cb\u88c5\u65b0\u6b3e\u6c14\u8d28\u5973\u88c5\u5bbd\u677e\u663e\u7626\u4e24\u4ef6\u5957\u5973\u795e\u8303\u7f51\u7ea2\u590d\u53e4\u886c\u886b\u4e0a\u8863+\u9614\u817f\u88e4\u65f6\u5c1a\u5957\u88c5\u5973"],"ptpC":"_mb_mls_10057922_wap-index_noab-noab","sale":0,"shopId":103624,"show":{"h":416,"img":"http://s3.mogucdn.com/mlcdn/c45406/180927_7dc091a20ff6hhi12h67hdl4igi08_640x960.jpg_320x999.jpg","w":320},"showLarge":{"h":840,"img":"http://s11.mogucdn.com/mlcdn/c45406/180927_7dc091a20ff6hhi12h67hdl4igi08_640x960.jpg_560x999.jpg","w":560},"title":"2018\u79cb\u88c5\u65b0\u6b3e\u6c14\u8d28\u5973\u88c5\u5bbd\u677e\u663e\u7626\u4e24\u4ef6\u5957\u5973\u795e\u8303\u7f51\u7ea2\u590d\u53e4\u886c\u886b\u4e0a\u8863+\u9614\u817f\u88e4\u65f6\u5c1a\u5957\u88c5\u5973","titleTags":null,"type":2},{"acm":"3.ms.0_4_1m93hzq.0.13386-69004.ni0a5r4QNZ6Ld.t_-sd_117-lc_16","cfav":0,"clientUrl":"http://item.meilishuo.com/h5/detail/1m93hzq?acm=3.ms.0_4_1m93hzq.0.13386-69004.ni0a5r4QNZ6Ld.t_-sd_117-lc_16","cparam":null,"iid":"1m93hzq","itemMarks":"-1","itemType":5,"leftbottom_taglist":[],"lefttop_taglist":[],"link":"http://item.meilishuo.com/h5/detail/1m93hzq?acm=3.ms.0_4_1m93hzq.0.13386-69004.ni0a5r4QNZ6Ld.t_-sd_117-lc_16","orgPrice":"\uffe5199.00","popularStar":0,"price":"199.00","props":["2018\u65b0\u6b3e\u79cb\u88c5\u4e24\u8272\u62fc\u63a5\u8fde\u8863\u88d9\u5bbd\u677e\u6b3e"],"ptpC":"_mb_mls_10057922_wap-index_noab-noab","sale":0,"shopId":1302445490,"show":{"h":416,"img":"http://s3.mogucdn.com/mlcdn/c45406/180927_53l4k45ac4j05cljk68fl06bde7lk_1080x1440.jpg_320x999.jpg","w":320},"showLarge":{"h":747,"img":"http://s3.mogucdn.com/mlcdn/c45406/180927_53l4k45ac4j05cljk68fl06bde7lk_1080x1440.jpg_560x999.jpg","w":560},"title":"2018\u65b0\u6b3e\u79cb\u88c5\u4e24\u8272\u62fc\u63a5\u8fde\u8863\u88d9\u5bbd\u677e\u6b3e","titleTags":null,"type":2},{"acm":"3.ms.2_1_1ltkm84.0.70871-69004.ni0a5r4QNZ6Ld.sd_117-c_2_32_444116075_403105041_55_0-t_-c1_10057922_nil_nil_1_403105041_30_0-lc_32","cfav":"3903","clientUrl":"http://item.meilishuo.com/h5/detail/1ltkm84?acm=3.ms.2_1_1ltkm84.0.70871-69004.ni0a5r4QNZ6Ld.sd_117-c_2_32_444116075_403105041_55_0-t_-c1_10057922_nil_nil_1_403105041_30_0-lc_32&cparam=MTUzODA1MTE3NF8xZW90d2N1X2NhOTg1MjFiOTE2MzA1MTBjNjNlZDEwZmU3ZDNmZGQ0XzMyXzBfNDQ0MTE2MDc1XzBfMF81NV8wXzk1Nl8wXzA=","cparam":"MTUzODA1MTE3NF8xZW90d2N1X2NhOTg1MjFiOTE2MzA1MTBjNjNlZDEwZmU3ZDNmZGQ0XzMyXzBfNDQ0MTE2MDc1XzBfMF81NV8wXzk1Nl8wXzA=","iid":"1ltkm84","itemMarks":"352 82 351","itemType":7,"leftbottom_taglist":["http://s2.mogucdn.com/p2/170307/1_53je1gbj88bjheidae4al1le4h94i_60x28.png"],"lefttop_taglist":[],"link":"http://item.meilishuo.com/h5/detail/1ltkm84?acm=3.ms.2_1_1ltkm84.0.70871-69004.ni0a5r4QNZ6Ld.sd_117-c_2_32_444116075_403105041_55_0-t_-c1_10057922_nil_nil_1_403105041_30_0-lc_32&cparam=MTUzODA1MTE3NF8xZW90d2N1X2NhOTg1MjFiOTE2MzA1MTBjNjNlZDEwZmU3ZDNmZGQ0XzMyXzBfNDQ0MTE2MDc1XzBfMF81NV8wXzk1Nl8wXzA=","orgPrice":"\uffe5108.00","popularStar":null,"price":"108.00","props":["2018\u79cb\u88c5\u65b0\u6b3eins\u8d85\u706b\u97e9\u7248\u5973\u88c5\u5fae\u5587\u53ed\u88e4\u5973\u4e5d\u5206\u88e4\u9ad8\u8170\u663e\u7626\u5f39\u529b\u5fae\u5587\u88e4\u9ed1\u8272\u8584\u6b3e\u4fee\u8eab\u9614\u817f\u4f11\u95f2\u88e4"],"ptpC":"_mb_mls_10057922_wap-index_noab-noab","sale":"242","shopId":"21849440","show":{"h":416,"img":"http://s3.mogucdn.com/mlcdn/c45406/180316_0l422k59b28kf6ef1h5i2j0g25ba8_1000x1498.jpg_320x999.jpg","w":320},"showLarge":{"h":839,"img":"http://s11.mogucdn.com/mlcdn/c45406/180316_0l422k59b28kf6ef1h5i2j0g25ba8_1000x1498.jpg_560x999.jpg","w":560},"title":"2018\u79cb\u88c5\u65b0\u6b3eins\u8d85\u706b\u97e9\u7248\u5973\u88c5\u5fae\u5587\u53ed\u88e4\u5973\u4e5d\u5206\u88e4\u9ad8\u8170\u663e\u7626\u5f39\u529b\u5fae\u5587\u88e4\u9ed1\u8272\u8584\u6b3e\u4fee\u8eab\u9614\u817f\u4f11\u95f2\u88e4","titleTags":null,"type":2},{"acm":"3.ms.2_1_1m8x32i.0.70871-69004.ni0a5r4QNZ6Ld.sd_117-c_2_32_444311448_0_56_0-t_-c1_10057922_nil_nil_0_0_30_0-lc_32","cfav":"1","clientUrl":"http://item.meilishuo.com/h5/detail/1m8x32i?acm=3.ms.2_1_1m8x32i.0.70871-69004.ni0a5r4QNZ6Ld.sd_117-c_2_32_444311448_0_56_0-t_-c1_10057922_nil_nil_0_0_30_0-lc_32&cparam=MTUzODA1MTE3NF8xZXAyOXV3XzRhOWQ1NDY0Y2E4MWYxNDAyN2RkYWE2MGRmODM2YTdiXzMyXzFfNDQ0MzExNDQ4XzBfMF81Nl8wXzlfMF8w","cparam":"MTUzODA1MTE3NF8xZXAyOXV3XzRhOWQ1NDY0Y2E4MWYxNDAyN2RkYWE2MGRmODM2YTdiXzMyXzFfNDQ0MzExNDQ4XzBfMF81Nl8wXzlfMF8w","iid":"1m8x32i","itemMarks":"352 351","itemType":7,"leftbottom_taglist":["http://s2.mogucdn.com/p2/170307/1_5k6k8eiffl43633479294a49f8gci_60x28.png"],"lefttop_taglist":[],"link":"http://item.meilishuo.com/h5/detail/1m8x32i?acm=3.ms.2_1_1m8x32i.0.70871-69004.ni0a5r4QNZ6Ld.sd_117-c_2_32_444311448_0_56_0-t_-c1_10057922_nil_nil_0_0_30_0-lc_32&cparam=MTUzODA1MTE3NF8xZXAyOXV3XzRhOWQ1NDY0Y2E4MWYxNDAyN2RkYWE2MGRmODM2YTdiXzMyXzFfNDQ0MzExNDQ4XzBfMF81Nl8wXzlfMF8w","orgPrice":"\uffe560.00","popularStar":null,"price":"60.00","props":["\u97e9\u98cechic\u4e0a\u88632018\u65b0\u6b3e\u79cb\u5b63\u97e9\u7248\u5b66\u9662\u98ce\u65e5\u7cfb\u8f6f\u59b9\u5c0f\u6e05\u65b0\u62fc\u8272V\u9886\u767e\u642d\u957f\u8896t\u6064\u536b\u8863\u5973\u5b66\u751f"],"ptpC":"_mb_mls_10057922_wap-index_noab-noab","sale":"30","shopId":"1302401164","show":{"h":416,"img":"http://s11.mogucdn.com/mlcdn/55cf19/180923_8870522k681i85d2gfi1k6le1382e_640x960.jpg_320x999.jpg","w":320},"showLarge":{"h":840,"img":"http://s3.mogucdn.com/mlcdn/55cf19/180923_8870522k681i85d2gfi1k6le1382e_640x960.jpg_560x999.jpg","w":560},"title":"\u97e9\u98cechic\u4e0a\u88632018\u65b0\u6b3e\u79cb\u5b63\u97e9\u7248\u5b66\u9662\u98ce\u65e5\u7cfb\u8f6f\u59b9\u5c0f\u6e05\u65b0\u62fc\u8272V\u9886\u767e\u642d\u957f\u8896t\u6064\u536b\u8863\u5973\u5b66\u751f","titleTags":null,"type":2},{"acm":"3.ms.0_4_1m93hsa.0.13386-69004.ni0a5r4QNZ6Ld.t_-sd_117-lc_16","cfav":0,"clientUrl":"http://item.meilishuo.com/h5/detail/1m93hsa?acm=3.ms.0_4_1m93hsa.0.13386-69004.ni0a5r4QNZ6Ld.t_-sd_117-lc_16","cparam":null,"iid":"1m93hsa","itemMarks":"-1","itemType":5,"leftbottom_taglist":[],"lefttop_taglist":[],"link":"http://item.meilishuo.com/h5/detail/1m93hsa?acm=3.ms.0_4_1m93hsa.0.13386-69004.ni0a5r4QNZ6Ld.t_-sd_117-lc_16","orgPrice":"\uffe598.90","popularStar":0,"price":"98.90","props":["\u536b\u88632018\u65b0\u6b3e\u5973\u957f\u8896\u97e9\u7248\u79cb\u88c5\u6175\u61d2\u98ce\u5bbd\u677e\u8fde\u5e3d\u957f\u6b3e\u7eaf\u8272\u8fde\u8863\u88d9"],"ptpC":"_mb_mls_10057922_wap-index_noab-noab","sale":0,"shopId":1302420152,"show":{"h":416,"img":"http://s3.mogucdn.com/mlcdn/c45406/180927_62kd9da6ja6ji0k1h8185a472eib8_640x960.jpg_320x999.jpg","w":320},"showLarge":{"h":840,"img":"http://s11.mogucdn.com/mlcdn/c45406/180927_62kd9da6ja6ji0k1h8185a472eib8_640x960.jpg_560x999.jpg","w":560},"title":"\u536b\u88632018\u65b0\u6b3e\u5973\u957f\u8896\u97e9\u7248\u79cb\u88c5\u6175\u61d2\u98ce\u5bbd\u677e\u8fde\u5e3d\u957f\u6b3e\u7eaf\u8272\u8fde\u8863\u88d9","titleTags":null,"type":2},{"acm":"3.ms.0_4_1m93hoa.0.13386-69004.ni0a5r4QNZ6Ld.t_-sd_117-lc_16","cfav":0,"clientUrl":"http://item.meilishuo.com/h5/detail/1m93hoa?acm=3.ms.0_4_1m93hoa.0.13386-69004.ni0a5r4QNZ6Ld.t_-sd_117-lc_16","cparam":null,"iid":"1m93hoa","itemMarks":"-1","itemType":5,"leftbottom_taglist":[],"lefttop_taglist":[],"link":"http://item.meilishuo.com/h5/detail/1m93hoa?acm=3.ms.0_4_1m93hoa.0.13386-69004.ni0a5r4QNZ6Ld.t_-sd_117-lc_16","orgPrice":"\uffe5108.00","popularStar":0,"price":"108.00","props":["\u76f4\u7b52\u88e4\u5973\u957f\u88e42018\u79cb\u88c5\u65b0\u6b3e\u9ad8\u8170\u4f11\u95f2\u88e4\u5927\u7801\u897f\u88e4\u9ed1\u8272\u88e4\u5b50\u51ac\u88e4\u5b50\u52a0\u7ed2\u957f\u88e4"],"ptpC":"_mb_mls_10057922_wap-index_noab-noab","sale":0,"shopId":1302409438,"show":{"h":416,"img":"http://s11.mogucdn.com/mlcdn/c45406/180927_0djdaa131l319a0ie7g83ie10565c_640x959.jpg_320x999.jpg","w":320},"showLarge":{"h":840,"img":"http://s11.mogucdn.com/mlcdn/c45406/180927_0djdaa131l319a0ie7g83ie10565c_640x959.jpg_560x999.jpg","w":560},"title":"\u76f4\u7b52\u88e4\u5973\u957f\u88e42018\u79cb\u88c5\u65b0\u6b3e\u9ad8\u8170\u4f11\u95f2\u88e4\u5927\u7801\u897f\u88e4\u9ed1\u8272\u88e4\u5b50\u51ac\u88e4\u5b50\u52a0\u7ed2\u957f\u88e4","titleTags":null,"type":2},{"acm":"3.ms.2_1_1m7i3ye.0.70871-69004.ni0a5r4QNZ6Ld.sd_117-c_2_32_444377106_0_57_0-t_-c1_10057922_nil_nil_0_0_30_0-lc_32","cfav":"0","clientUrl":"http://item.meilishuo.com/h5/detail/1m7i3ye?acm=3.ms.2_1_1m7i3ye.0.70871-69004.ni0a5r4QNZ6Ld.sd_117-c_2_32_444377106_0_57_0-t_-c1_10057922_nil_nil_0_0_30_0-lc_32&cparam=MTUzODA1MTE3NF8xZXA1MzZrXzNjYzg0ODU5ZTEzYWIyMmZjMmQ3ZDYwODMxNjJhZmI3XzMyXzJfNDQ0Mzc3MTA2XzBfMF81N18wXzM0NV8wXzA=","cparam":"MTUzODA1MTE3NF8xZXA1MzZrXzNjYzg0ODU5ZTEzYWIyMmZjMmQ3ZDYwODMxNjJhZmI3XzMyXzJfNDQ0Mzc3MTA2XzBfMF81N18wXzM0NV8wXzA=","iid":"1m7i3ye","itemMarks":"1525","itemType":7,"leftbottom_taglist":[],"lefttop_taglist":[],"link":"http://item.meilishuo.com/h5/detail/1m7i3ye?acm=3.ms.2_1_1m7i3ye.0.70871-69004.ni0a5r4QNZ6Ld.sd_117-c_2_32_444377106_0_57_0-t_-c1_10057922_nil_nil_0_0_30_0-lc_32&cparam=MTUzODA1MTE3NF8xZXA1MzZrXzNjYzg0ODU5ZTEzYWIyMmZjMmQ3ZDYwODMxNjJhZmI3XzMyXzJfNDQ0Mzc3MTA2XzBfMF81N18wXzM0NV8wXzA=","orgPrice":"\uffe564.29","popularStar":null,"price":"45.00","props":["2018\u65e9\u79cb\u5b63\u97e9\u7248\u767e\u642d\u5b66\u751f\u4fee\u8eab\u663e\u7626\u957f\u8896t\u6064\u5973\u79cb\u51ac\u65b0\u6b3e\u539f\u5bbf\u98ce\u5706\u9886\u5361\u901a\u523a\u7ee3\u7eaf\u68c9\u6253\u5e95\u886b\u4e0a\u8863\u670d\u4f53\u6064"],"ptpC":"_mb_mls_10057922_wap-index_noab-noab","sale":"3","shopId":"1300046885","show":{"h":416,"img":"http://s11.mogucdn.com/mlcdn/c45406/180821_2a6ek98i3jj902h50i7h7ekf0agj3_640x960.jpg_320x999.jpg","w":320},"showLarge":{"h":840,"img":"http://s11.mogucdn.com/mlcdn/c45406/180821_2a6ek98i3jj902h50i7h7ekf0agj3_640x960.jpg_560x999.jpg","w":560},"title":"2018\u65e9\u79cb\u5b63\u97e9\u7248\u767e\u642d\u5b66\u751f\u4fee\u8eab\u663e\u7626\u957f\u8896t\u6064\u5973\u79cb\u51ac\u65b0\u6b3e\u539f\u5bbf\u98ce\u5706\u9886\u5361\u901a\u523a\u7ee3\u7eaf\u68c9\u6253\u5e95\u886b\u4e0a\u8863\u670d\u4f53\u6064","titleTags":null,"type":2},{"acm":"3.ms.2_1_1m70nea.0.70871-69004.ni0a5r4QNZ6Ld.sd_117-c_2_32_444377109_0_58_0-t_-c1_10057922_nil_nil_0_0_30_0-lc_32","cfav":"14","clientUrl":"http://item.meilishuo.com/h5/detail/1m70nea?acm=3.ms.2_1_1m70nea.0.70871-69004.ni0a5r4QNZ6Ld.sd_117-c_2_32_444377109_0_58_0-t_-c1_10057922_nil_nil_0_0_30_0-lc_32&cparam=MTUzODA1MTE3NF8xZXA1MzZxXzE4YTk1OTFiMjgyMDBjOWFjMDU5YjE3ZTgyNDllMzk0XzMyXzNfNDQ0Mzc3MTA5XzBfMF81OF8wXzM0NV8wXzA=","cparam":"MTUzODA1MTE3NF8xZXA1MzZxXzE4YTk1OTFiMjgyMDBjOWFjMDU5YjE3ZTgyNDllMzk0XzMyXzNfNDQ0Mzc3MTA5XzBfMF81OF8wXzM0NV8wXzA=","iid":"1m70nea","itemMarks":"1525","itemType":7,"leftbottom_taglist":[],"lefttop_taglist":[],"link":"http://item.meilishuo.com/h5/detail/1m70nea?acm=3.ms.2_1_1m70nea.0.70871-69004.ni0a5r4QNZ6Ld.sd_117-c_2_32_444377109_0_58_0-t_-c1_10057922_nil_nil_0_0_30_0-lc_32&cparam=MTUzODA1MTE3NF8xZXA1MzZxXzE4YTk1OTFiMjgyMDBjOWFjMDU5YjE3ZTgyNDllMzk0XzMyXzNfNDQ0Mzc3MTA5XzBfMF81OF8wXzM0NV8wXzA=","orgPrice":"\uffe564.29","popularStar":null,"price":"45.00","props":["\u7eaf\u68c9\u649e\u8272\u6761\u7eb9V\u9886\u7eaf\u68c9t\u6064\u59732018\u79cb\u5b63\u65b0\u6b3e\u97e9\u7248\u5b66\u751f\u95fa\u871c\u88c5\u767e\u642d\u4fee\u8eab\u663e\u7626\u957f\u8896\u6253\u5e95\u886b\u5bbd\u677e\u4e0a\u8863\u5c0f\u886b"],"ptpC":"_mb_mls_10057922_wap-index_noab-noab","sale":"10","shopId":"1300046885","show":{"h":416,"img":"http://s11.mogucdn.com/mlcdn/c45406/180808_61dc0ici7c6bbe65cii22c31513i6_640x960.jpg_320x999.jpg","w":320},"showLarge":{"h":840,"img":"http://s3.mogucdn.com/mlcdn/c45406/180808_61dc0ici7c6bbe65cii22c31513i6_640x960.jpg_560x999.jpg","w":560},"title":"\u7eaf\u68c9\u649e\u8272\u6761\u7eb9V\u9886\u7eaf\u68c9t\u6064\u59732018\u79cb\u5b63\u65b0\u6b3e\u97e9\u7248\u5b66\u751f\u95fa\u871c\u88c5\u767e\u642d\u4fee\u8eab\u663e\u7626\u957f\u8896\u6253\u5e95\u886b\u5bbd\u677e\u4e0a\u8863\u5c0f\u886b","titleTags":null,"type":2},{"acm":"3.ms.2_1_1m93l9s.0.70871-69004.ni0a5r4QNZ6Ld.sd_117-c_2_32_444336521_0_59_0-t_-c1_10057922_nil_nil_0_0_40_0-lc_32","cfav":"0","clientUrl":"http://item.meilishuo.com/h5/detail/1m93l9s?acm=3.ms.2_1_1m93l9s.0.70871-69004.ni0a5r4QNZ6Ld.sd_117-c_2_32_444336521_0_59_0-t_-c1_10057922_nil_nil_0_0_40_0-lc_32&cparam=MTUzODA1MTE3NF8xZXAzY2p1X2JiMjc5Zjk3MTAxNjRlZmJlOGEzMzE2YmJjZGMzODJmXzMyXzRfNDQ0MzM2NTIxXzBfMF81OV8wXzc5Ml8wXzA=","cparam":"MTUzODA1MTE3NF8xZXAzY2p1X2JiMjc5Zjk3MTAxNjRlZmJlOGEzMzE2YmJjZGMzODJmXzMyXzRfNDQ0MzM2NTIxXzBfMF81OV8wXzc5Ml8wXzA=","iid":"1m93l9s","itemMarks":"352 351","itemType":7,"leftbottom_taglist":[],"lefttop_taglist":[],"link":"http://item.meilishuo.com/h5/detail/1m93l9s?acm=3.ms.2_1_1m93l9s.0.70871-69004.ni0a5r4QNZ6Ld.sd_117-c_2_32_444336521_0_59_0-t_-c1_10057922_nil_nil_0_0_40_0-lc_32&cparam=MTUzODA1MTE3NF8xZXAzY2p1X2JiMjc5Zjk3MTAxNjRlZmJlOGEzMzE2YmJjZGMzODJmXzMyXzRfNDQ0MzM2NTIxXzBfMF81OV8wXzc5Ml8wXzA=","orgPrice":"\uffe5158.00","popularStar":null,"price":"69.90","props":["\u3010\u9001\u8170\u5e26\u30112018\u79cb\u51ac\u65b0\u6b3e\u5bbd\u677e\u80d6mm200\u65a4\u706f\u82af\u7ed2\u77ed\u88e4\u5973\u79cb\u51ac\u5916\u7a7f\u677e\u7d27\u8170\u9614\u817f\u6253\u5e95A\u5b57\u9774\u88e4"],"ptpC":"_mb_mls_10057922_wap-index_noab-noab","sale":"0","shopId":"110074","show":{"h":416,"img":"http://s3.mogucdn.com/mlcdn/c45406/180927_1ghedb2gl95dde7aabg42gecj8l8j_640x960.jpg_320x999.jpg","w":320},"showLarge":{"h":840,"img":"http://s3.mogucdn.com/mlcdn/c45406/180927_1ghedb2gl95dde7aabg42gecj8l8j_640x960.jpg_560x999.jpg","w":560},"title":"\u3010\u9001\u8170\u5e26\u30112018\u79cb\u51ac\u65b0\u6b3e\u5bbd\u677e\u80d6mm200\u65a4\u706f\u82af\u7ed2\u77ed\u88e4\u5973\u79cb\u51ac\u5916\u7a7f\u677e\u7d27\u8170\u9614\u817f\u6253\u5e95A\u5b57\u9774\u88e4","titleTags":null,"type":2},{"acm":"3.ms.2_1_1m91q1c.0.70871-69004.ni0a5r4QNZ6Ld.sd_117-c_2_32_444054732_0_60_0-t_-c1_10057922_nil_nil_0_0_30_0-lc_32","cfav":"0","clientUrl":"http://item.meilishuo.com/h5/detail/1m91q1c?acm=3.ms.2_1_1m91q1c.0.70871-69004.ni0a5r4QNZ6Ld.sd_117-c_2_32_444054732_0_60_0-t_-c1_10057922_nil_nil_0_0_30_0-lc_32&cparam=MTUzODA1MTE3NF8xZW9yOW93X2YxMDcxNTYwYzMzMmIyNjhmYjkzODhmYmIwZmI5NjFkXzMyXzVfNDQ0MDU0NzMyXzBfMF82MF8wXzUxNV8wXzA=","cparam":"MTUzODA1MTE3NF8xZW9yOW93X2YxMDcxNTYwYzMzMmIyNjhmYjkzODhmYmIwZmI5NjFkXzMyXzVfNDQ0MDU0NzMyXzBfMF82MF8wXzUxNV8wXzA=","iid":"1m91q1c","itemMarks":"352 351","itemType":7,"leftbottom_taglist":[],"lefttop_taglist":[],"link":"http://item.meilishuo.com/h5/detail/1m91q1c?acm=3.ms.2_1_1m91q1c.0.70871-69004.ni0a5r4QNZ6Ld.sd_117-c_2_32_444054732_0_60_0-t_-c1_10057922_nil_nil_0_0_30_0-lc_32&cparam=MTUzODA1MTE3NF8xZW9yOW93X2YxMDcxNTYwYzMzMmIyNjhmYjkzODhmYmIwZmI5NjFkXzMyXzVfNDQ0MDU0NzMyXzBfMF82MF8wXzUxNV8wXzA=","orgPrice":"\uffe568.00","popularStar":null,"price":"68.00","props":["\u79cb\u5b632018\u65b0\u6b3e\u97e9\u7248\u6761\u7eb9T\u6064\u5973\u957f\u8896\u5bbd\u677e\u5b66\u751f\u767e\u642d\u5c0f\u6e05\u65b0\u6253\u5e95\u886b\u539f\u5bbf\u98ce\u6175\u61d2\u6e2f\u5473\u4e0a\u8863\u670d"],"ptpC":"_mb_mls_10057922_wap-index_noab-noab","sale":"0","shopId":"1302401586","show":{"h":416,"img":"http://s3.mogucdn.com/mlcdn/55cf19/180926_1j176fab5g21kd3ib9jlgj751dcgh_640x960.jpg_320x999.jpg","w":320},"showLarge":{"h":840,"img":"http://s11.mogucdn.com/mlcdn/55cf19/180926_1j176fab5g21kd3ib9jlgj751dcgh_640x960.jpg_560x999.jpg","w":560},"title":"\u79cb\u5b632018\u65b0\u6b3e\u97e9\u7248\u6761\u7eb9T\u6064\u5973\u957f\u8896\u5bbd\u677e\u5b66\u751f\u767e\u642d\u5c0f\u6e05\u65b0\u6253\u5e95\u886b\u539f\u5bbf\u98ce\u6175\u61d2\u6e2f\u5473\u4e0a\u8863\u670d","titleTags":null,"type":2},{"acm":"3.ms.0_4_1m93ho0.0.13386-69004.ni0a5r4QNZ6Ld.t_-sd_117-lc_16","cfav":0,"clientUrl":"http://item.meilishuo.com/h5/detail/1m93ho0?acm=3.ms.0_4_1m93ho0.0.13386-69004.ni0a5r4QNZ6Ld.t_-sd_117-lc_16","cparam":null,"iid":"1m93ho0","itemMarks":"-1","itemType":5,"leftbottom_taglist":[],"lefttop_taglist":[],"link":"http://item.meilishuo.com/h5/detail/1m93ho0?acm=3.ms.0_4_1m93ho0.0.13386-69004.ni0a5r4QNZ6Ld.t_-sd_117-lc_16","orgPrice":"\uffe546.98","popularStar":0,"price":"46.98","props":["\u590d\u53e4\u767e\u642d\u7eaf\u8272\u534a\u8eab\u88d9\u79cb\u59732018\u65b0\u6b3e\u97e9\u7248\u5b66\u751f\u9ad8\u8170\u663e\u7626\u4e2d\u957f\u6b3e\u4f11\u95f2\u88d9\u5b50"],"ptpC":"_mb_mls_10057922_wap-index_noab-noab","sale":0,"shopId":1300768755,"show":{"h":416,"img":"http://s3.mogucdn.com/mlcdn/c45406/180927_425f2bd485a8c9gcd73190i0iede3_640x930.jpg_320x999.jpg","w":320},"showLarge":{"h":814,"img":"http://s3.mogucdn.com/mlcdn/c45406/180927_425f2bd485a8c9gcd73190i0iede3_640x930.jpg_560x999.jpg","w":560},"title":"\u590d\u53e4\u767e\u642d\u7eaf\u8272\u534a\u8eab\u88d9\u79cb\u59732018\u65b0\u6b3e\u97e9\u7248\u5b66\u751f\u9ad8\u8170\u663e\u7626\u4e2d\u957f\u6b3e\u4f11\u95f2\u88d9\u5b50","titleTags":null,"type":2},{"acm":"3.ms.0_4_1m93h6w.0.13386-69004.ni0a5r4QNZ6Ld.t_-sd_117-lc_16","cfav":0,"clientUrl":"http://item.meilishuo.com/h5/detail/1m93h6w?acm=3.ms.0_4_1m93h6w.0.13386-69004.ni0a5r4QNZ6Ld.t_-sd_117-lc_16","cparam":null,"iid":"1m93h6w","itemMarks":"1525","itemType":5,"leftbottom_taglist":[],"lefttop_taglist":[],"link":"http://item.meilishuo.com/h5/detail/1m93h6w?acm=3.ms.0_4_1m93h6w.0.13386-69004.ni0a5r4QNZ6Ld.t_-sd_117-lc_16","orgPrice":"\uffe5284.00","popularStar":0,"price":"284.00","props":["\u5c0f\u897f\u88c5\u5957\u88c5\u5973\u79cb\u88c52018\u65b0\u6b3e\u97e9\u7248\u5c0f\u9999\u98ce\u65f6\u5c1a\u6c14\u8d28\u4f11\u95f2\u957f\u8896\u4f11\u95f2chic\u77ed\u88d9\u897f\u670d\u4e24\u4ef6\u5957"],"ptpC":"_mb_mls_10057922_wap-index_noab-noab","sale":0,"shopId":103511,"show":{"h":416,"img":"http://s3.mogucdn.com/mlcdn/c45406/180927_0ek2cgd2bfcc402h15d00l09g21d1_640x960.jpg_320x999.jpg","w":320},"showLarge":{"h":840,"img":"http://s3.mogucdn.com/mlcdn/c45406/180927_0ek2cgd2bfcc402h15d00l09g21d1_640x960.jpg_560x999.jpg","w":560},"title":"\u5c0f\u897f\u88c5\u5957\u88c5\u5973\u79cb\u88c52018\u65b0\u6b3e\u97e9\u7248\u5c0f\u9999\u98ce\u65f6\u5c1a\u6c14\u8d28\u4f11\u95f2\u957f\u8896\u4f11\u95f2chic\u77ed\u88d9\u897f\u670d\u4e24\u4ef6\u5957","titleTags":null,"type":2},{"acm":"3.ms.2_1_1m91taw.0.70871-69004.ni0a5r4QNZ6Ld.sd_117-c_2_32_444054733_0_61_0-t_-c1_10057922_nil_nil_0_0_30_0-lc_32","cfav":"0","clientUrl":"http://item.meilishuo.com/h5/detail/1m91taw?acm=3.ms.2_1_1m91taw.0.70871-69004.ni0a5r4QNZ6Ld.sd_117-c_2_32_444054733_0_61_0-t_-c1_10057922_nil_nil_0_0_30_0-lc_32&cparam=MTUzODA1MTE3NF8xZW9yOW95XzBlOTI4NDFlNzFkZGRjZTVjMjQyZWNlNjVlMjI2ZjM4XzMyXzZfNDQ0MDU0NzMzXzBfMF82MV8wXzUxNV8wXzA=","cparam":"MTUzODA1MTE3NF8xZW9yOW95XzBlOTI4NDFlNzFkZGRjZTVjMjQyZWNlNjVlMjI2ZjM4XzMyXzZfNDQ0MDU0NzMzXzBfMF82MV8wXzUxNV8wXzA=","iid":"1m91taw","itemMarks":"352 351","itemType":7,"leftbottom_taglist":[],"lefttop_taglist":[],"link":"http://item.meilishuo.com/h5/detail/1m91taw?acm=3.ms.2_1_1m91taw.0.70871-69004.ni0a5r4QNZ6Ld.sd_117-c_2_32_444054733_0_61_0-t_-c1_10057922_nil_nil_0_0_30_0-lc_32&cparam=MTUzODA1MTE3NF8xZW9yOW95XzBlOTI4NDFlNzFkZGRjZTVjMjQyZWNlNjVlMjI2ZjM4XzMyXzZfNDQ0MDU0NzMzXzBfMF82MV8wXzUxNV8wXzA=","orgPrice":"\uffe570.00","popularStar":null,"price":"70.00","props":["\u4e07\u5e74\u7ecf\u5178\u6761\u7eb9\u4e0a\u8863\u5973\u88c5\u79cb2018\u97e9\u7248\u65b0\u6b3e\u5bbd\u677e\u767e\u642d\u663e\u7626\u62fc\u8272\u6761\u7eb9\u957f\u8896T\u6064\u5973\u5b66\u751f\u539f\u5bbf\u6175\u61d2\u98ce"],"ptpC":"_mb_mls_10057922_wap-index_noab-noab","sale":"0","shopId":"1302401586","show":{"h":416,"img":"http://s3.mogucdn.com/mlcdn/55cf19/180926_7078259k7h0l2ihf67k2hc7ca79ic_640x960.jpg_320x999.jpg","w":320},"showLarge":{"h":840,"img":"http://s11.mogucdn.com/mlcdn/55cf19/180926_7078259k7h0l2ihf67k2hc7ca79ic_640x960.jpg_560x999.jpg","w":560},"title":"\u4e07\u5e74\u7ecf\u5178\u6761\u7eb9\u4e0a\u8863\u5973\u88c5\u79cb2018\u97e9\u7248\u65b0\u6b3e\u5bbd\u677e\u767e\u642d\u663e\u7626\u62fc\u8272\u6761\u7eb9\u957f\u8896T\u6064\u5973\u5b66\u751f\u539f\u5bbf\u6175\u61d2\u98ce","titleTags":null,"type":2},{"acm":"3.ms.2_1_1m5vemo.0.70871-69004.ni0a5r4QNZ6Ld.sd_117-c_2_32_444377116_0_62_0-t_-c1_10057922_nil_nil_0_0_30_0-lc_32","cfav":"80","clientUrl":"http://item.meilishuo.com/h5/detail/1m5vemo?acm=3.ms.2_1_1m5vemo.0.70871-69004.ni0a5r4QNZ6Ld.sd_117-c_2_32_444377116_0_62_0-t_-c1_10057922_nil_nil_0_0_30_0-lc_32&cparam=MTUzODA1MTE3NF8xZXA1Mzc0XzliNWUyZTlmMjg2ZjJkMDQ4NmEyMjRlNGJlYmM0NTM1XzMyXzdfNDQ0Mzc3MTE2XzBfMF82Ml8wXzM0NV8wXzA=","cparam":"MTUzODA1MTE3NF8xZXA1Mzc0XzliNWUyZTlmMjg2ZjJkMDQ4NmEyMjRlNGJlYmM0NTM1XzMyXzdfNDQ0Mzc3MTE2XzBfMF82Ml8wXzM0NV8wXzA=","iid":"1m5vemo","itemMarks":"1525","itemType":7,"leftbottom_taglist":[],"lefttop_taglist":[],"link":"http://item.meilishuo.com/h5/detail/1m5vemo?acm=3.ms.2_1_1m5vemo.0.70871-69004.ni0a5r4QNZ6Ld.sd_117-c_2_32_444377116_0_62_0-t_-c1_10057922_nil_nil_0_0_30_0-lc_32&cparam=MTUzODA1MTE3NF8xZXA1Mzc0XzliNWUyZTlmMjg2ZjJkMDQ4NmEyMjRlNGJlYmM0NTM1XzMyXzdfNDQ0Mzc3MTE2XzBfMF82Ml8wXzM0NV8wXzA=","orgPrice":"\uffe564.29","popularStar":null,"price":"45.00","props":["\u79cb\u5b63\u65b0\u6b3e\u97e9\u7248\u767e\u642d\u5bbd\u677e\u5927\u7801\u7af9\u8282\u68c9V\u9886\u6253\u5e95\u886b\u4e0a\u8863\u4f53\u60642018\u79cb\u51ac\u7eaf\u8272\u7b80\u7ea6\u4fee\u8eab\u663e\u7626\u7eaf\u68c9\u957f\u8896t\u6064\u5973"],"ptpC":"_mb_mls_10057922_wap-index_noab-noab","sale":"24","shopId":"1300046885","show":{"h":416,"img":"http://s11.mogucdn.com/mlcdn/c45406/180711_120e006l0eaj97fal3cfkhhjhdg8e_640x959.jpg_320x999.jpg","w":320},"showLarge":{"h":840,"img":"http://s3.mogucdn.com/mlcdn/c45406/180711_120e006l0eaj97fal3cfkhhjhdg8e_640x959.jpg_560x999.jpg","w":560},"title":"\u79cb\u5b63\u65b0\u6b3e\u97e9\u7248\u767e\u642d\u5bbd\u677e\u5927\u7801\u7af9\u8282\u68c9V\u9886\u6253\u5e95\u886b\u4e0a\u8863\u4f53\u60642018\u79cb\u51ac\u7eaf\u8272\u7b80\u7ea6\u4fee\u8eab\u663e\u7626\u7eaf\u68c9\u957f\u8896t\u6064\u5973","titleTags":null,"type":2},{"acm":"3.ms.0_4_1m93h2q.0.13386-69004.ni0a5r4QNZ6Ld.t_-sd_117-lc_16","cfav":0,"clientUrl":"http://item.meilishuo.com/h5/detail/1m93h2q?acm=3.ms.0_4_1m93h2q.0.13386-69004.ni0a5r4QNZ6Ld.t_-sd_117-lc_16","cparam":null,"iid":"1m93h2q","itemMarks":"-1","itemType":5,"leftbottom_taglist":[],"lefttop_taglist":[],"link":"http://item.meilishuo.com/h5/detail/1m93h2q?acm=3.ms.0_4_1m93h2q.0.13386-69004.ni0a5r4QNZ6Ld.t_-sd_117-lc_16","orgPrice":"\uffe598.58","popularStar":0,"price":"69.00","props":["\u677e\u677e\u57ae\u57ae\u6175\u61d2\u98ce\u9ebb\u82b1\u767d\u8272\u6bdb\u8863\u5bbd\u677e\u5957\u5934\u9488\u7ec7\u886b\u4e0a\u8863+\u5b66\u9662\u98ce\u590d\u53e4\u683c\u7eb9\u767e\u8936\u534a\u88d9\u4e24\u4ef6\u59572018\u79cb\u5b63\u65b0\u6b3e"],"ptpC":"_mb_mls_10057922_wap-index_noab-noab","sale":0,"shopId":1302420346,"show":{"h":416,"img":"http://s11.mogucdn.com/mlcdn/c45406/180927_4f4aal24b7ega87947kib5119lk24_640x960.jpg_320x999.jpg","w":320},"showLarge":{"h":840,"img":"http://s3.mogucdn.com/mlcdn/c45406/180927_4f4aal24b7ega87947kib5119lk24_640x960.jpg_560x999.jpg","w":560},"title":"\u677e\u677e\u57ae\u57ae\u6175\u61d2\u98ce\u9ebb\u82b1\u767d\u8272\u6bdb\u8863\u5bbd\u677e\u5957\u5934\u9488\u7ec7\u886b\u4e0a\u8863+\u5b66\u9662\u98ce\u590d\u53e4\u683c\u7eb9\u767e\u8936\u534a\u88d9\u4e24\u4ef6\u59572018\u79cb\u5b63\u65b0\u6b3e","titleTags":null,"type":2},{"acm":"3.ms.0_4_1m93h20.0.13386-69004.ni0a5r4QNZ6Ld.t_-sd_117-lc_16","cfav":0,"clientUrl":"http://item.meilishuo.com/h5/detail/1m93h20?acm=3.ms.0_4_1m93h20.0.13386-69004.ni0a5r4QNZ6Ld.t_-sd_117-lc_16","cparam":null,"iid":"1m93h20","itemMarks":"1525","itemType":5,"leftbottom_taglist":[],"lefttop_taglist":[],"link":"http://item.meilishuo.com/h5/detail/1m93h20?acm=3.ms.0_4_1m93h20.0.13386-69004.ni0a5r4QNZ6Ld.t_-sd_117-lc_16","orgPrice":"\uffe598.58","popularStar":0,"price":"69.00","props":["2018\u79cb\u51ac\u65b0\u6b3e\u65f6\u5c1a\u5957\u88c5\u97e9\u7248\u6c14\u8d28\u4e2a\u6027\u5f69\u8272\u7eb9\u7406\u7f16\u7ec7\u5706\u9886\u5957\u5934\u6bdb\u8863\u9ad8\u8170\u663e\u7626\u9488\u7ec7\u534a\u8eab\u88d9\u4e24\u4ef6\u5957"],"ptpC":"_mb_mls_10057922_wap-index_noab-noab","sale":0,"shopId":107846,"show":{"h":416,"img":"http://s11.mogucdn.com/mlcdn/c45406/180927_49cej384d7e260d8ib4bg7k0aihbi_640x960.jpg_320x999.jpg","w":320},"showLarge":{"h":840,"img":"http://s3.mogucdn.com/mlcdn/c45406/180927_49cej384d7e260d8ib4bg7k0aihbi_640x960.jpg_560x999.jpg","w":560},"title":"2018\u79cb\u51ac\u65b0\u6b3e\u65f6\u5c1a\u5957\u88c5\u97e9\u7248\u6c14\u8d28\u4e2a\u6027\u5f69\u8272\u7eb9\u7406\u7f16\u7ec7\u5706\u9886\u5957\u5934\u6bdb\u8863\u9ad8\u8170\u663e\u7626\u9488\u7ec7\u534a\u8eab\u88d9\u4e24\u4ef6\u5957","titleTags":null,"type":2},{"acm":"3.ms.2_1_1m6z49e.0.70871-69004.ni0a5r4QNZ6Ld.sd_117-c_2_32_444377108_0_63_0-t_-c1_10057922_nil_nil_0_0_30_0-lc_32","cfav":"95","clientUrl":"http://item.meilishuo.com/h5/detail/1m6z49e?acm=3.ms.2_1_1m6z49e.0.70871-69004.ni0a5r4QNZ6Ld.sd_117-c_2_32_444377108_0_63_0-t_-c1_10057922_nil_nil_0_0_30_0-lc_32&cparam=MTUzODA1MTE3NF8xZXA1MzZvXzY4NTljOGQ4MGYwYWM4MTI0NzZhNTBiM2M3NTQ4NGNlXzMyXzhfNDQ0Mzc3MTA4XzBfMF82M18wXzM0NV8wXzA=","cparam":"MTUzODA1MTE3NF8xZXA1MzZvXzY4NTljOGQ4MGYwYWM4MTI0NzZhNTBiM2M3NTQ4NGNlXzMyXzhfNDQ0Mzc3MTA4XzBfMF82M18wXzM0NV8wXzA=","iid":"1m6z49e","itemMarks":"1525","itemType":7,"leftbottom_taglist":[],"lefttop_taglist":[],"link":"http://item.meilishuo.com/h5/detail/1m6z49e?acm=3.ms.2_1_1m6z49e.0.70871-69004.ni0a5r4QNZ6Ld.sd_117-c_2_32_444377108_0_63_0-t_-c1_10057922_nil_nil_0_0_30_0-lc_32&cparam=MTUzODA1MTE3NF8xZXA1MzZvXzY4NTljOGQ4MGYwYWM4MTI0NzZhNTBiM2M3NTQ4NGNlXzMyXzhfNDQ0Mzc3MTA4XzBfMF82M18wXzM0NV8wXzA=","orgPrice":"\uffe564.29","popularStar":null,"price":"45.00","props":["\u79cb\u5b632018\u65b0\u6b3e\u767e\u642d\u5b66\u751f\u95fa\u871c\u88c5V\u9886\u957f\u8896\u6761\u7eb9\u6253\u5e95\u886b\u5bbd\u677e\u4e0a\u8863\u79cb\u51ac\u97e9\u7248\u4fee\u8eab\u663e\u7626\u77ed\u6b3e\u7eaf\u68c9t\u6064\u5973\u5c0f\u886b"],"ptpC":"_mb_mls_10057922_wap-index_noab-noab","sale":"58","shopId":"1300046885","show":{"h":416,"img":"http://s11.mogucdn.com/mlcdn/c45406/180807_43jj257hd8gd5g04605957la67f6j_640x960.jpg_320x999.jpg","w":320},"showLarge":{"h":840,"img":"http://s3.mogucdn.com/mlcdn/c45406/180807_43jj257hd8gd5g04605957la67f6j_640x960.jpg_560x999.jpg","w":560},"title":"\u79cb\u5b632018\u65b0\u6b3e\u767e\u642d\u5b66\u751f\u95fa\u871c\u88c5V\u9886\u957f\u8896\u6761\u7eb9\u6253\u5e95\u886b\u5bbd\u677e\u4e0a\u8863\u79cb\u51ac\u97e9\u7248\u4fee\u8eab\u663e\u7626\u77ed\u6b3e\u7eaf\u68c9t\u6064\u5973\u5c0f\u886b","titleTags":null,"type":2},{"acm":"3.ms.2_1_1m8zmoa.0.70871-69004.ni0a5r4QNZ6Ld.sd_117-c_2_32_444290750_2042447_64_0-t_-c1_10057922_nil_nil_0_2042447_35_0-lc_32","cfav":"12","clientUrl":"http://item.meilishuo.com/h5/detail/1m8zmoa?acm=3.ms.2_1_1m8zmoa.0.70871-69004.ni0a5r4QNZ6Ld.sd_117-c_2_32_444290750_2042447_64_0-t_-c1_10057922_nil_nil_0_2042447_35_0-lc_32&cparam=MTUzODA1MTE3NF8xZXAxZHgwXzcyYzBlZTkwZTM5MzRkOWVhMDMzZTUyOTg0OWM2MzNjXzMyXzlfNDQ0MjkwNzUwXzBfMjA0MjQ0N182NF8wXzE5N18wXzA=","cparam":"MTUzODA1MTE3NF8xZXAxZHgwXzcyYzBlZTkwZTM5MzRkOWVhMDMzZTUyOTg0OWM2MzNjXzMyXzlfNDQ0MjkwNzUwXzBfMjA0MjQ0N182NF8wXzE5N18wXzA=","iid":"1m8zmoa","itemMarks":"352 351","itemType":7,"leftbottom_taglist":[],"lefttop_taglist":[],"link":"http://item.meilishuo.com/h5/detail/1m8zmoa?acm=3.ms.2_1_1m8zmoa.0.70871-69004.ni0a5r4QNZ6Ld.sd_117-c_2_32_444290750_2042447_64_0-t_-c1_10057922_nil_nil_0_2042447_35_0-lc_32&cparam=MTUzODA1MTE3NF8xZXAxZHgwXzcyYzBlZTkwZTM5MzRkOWVhMDMzZTUyOTg0OWM2MzNjXzMyXzlfNDQ0MjkwNzUwXzBfMjA0MjQ0N182NF8wXzE5N18wXzA=","orgPrice":"\uffe599.00","popularStar":null,"price":"55.00","props":["\u3010\u79cb\u51ac\u52a0\u539a\u3011\u706f\u82af\u7ed22018\u65b0\u54c1\u767e\u642d\u4f11\u95f2\u88e4\u5973\u97e9\u7248\u6bdb\u5462\u88e4\u5b50\u9ad8\u8170\u663e\u7626\u5bbd\u677e\u4e5d\u5206\u54c8\u4f26\u88e4\u6761\u7eb9\u5927\u7801\u5c0f\u811a\u88e4"],"ptpC":"_mb_mls_10057922_wap-index_noab-noab","sale":"192","shopId":"105980","show":{"h":416,"img":"http://s11.mogucdn.com/mlcdn/17f85e/180926_76fee3df733b8h463gaj3lg6592bb_640x960.jpg_320x999.jpg","w":320},"showLarge":{"h":840,"img":"http://s11.mogucdn.com/mlcdn/17f85e/180926_76fee3df733b8h463gaj3lg6592bb_640x960.jpg_560x999.jpg","w":560},"title":"\u3010\u79cb\u51ac\u52a0\u539a\u3011\u706f\u82af\u7ed22018\u65b0\u54c1\u767e\u642d\u4f11\u95f2\u88e4\u5973\u97e9\u7248\u6bdb\u5462\u88e4\u5b50\u9ad8\u8170\u663e\u7626\u5bbd\u677e\u4e5d\u5206\u54c8\u4f26\u88e4\u6761\u7eb9\u5927\u7801\u5c0f\u811a\u88e4","titleTags":null,"type":2},{"acm":"3.ms.2_1_1m70m9w.0.70871-69004.ni0a5r4QNZ6Ld.sd_117-c_2_32_444377112_0_65_0-t_-c1_10057922_nil_nil_0_0_30_0-lc_32","cfav":"194","clientUrl":"http://item.meilishuo.com/h5/detail/1m70m9w?acm=3.ms.2_1_1m70m9w.0.70871-69004.ni0a5r4QNZ6Ld.sd_117-c_2_32_444377112_0_65_0-t_-c1_10057922_nil_nil_0_0_30_0-lc_32&cparam=MTUzODA1MTE3NF8xZXA1MzZ3XzIxZTZjN2QwMTE0Y2E5MzkyYmEzZjYzYTk4MTJhNjY0XzMyXzEwXzQ0NDM3NzExMl8wXzBfNjVfMF8zNDVfMF8w","cparam":"MTUzODA1MTE3NF8xZXA1MzZ3XzIxZTZjN2QwMTE0Y2E5MzkyYmEzZjYzYTk4MTJhNjY0XzMyXzEwXzQ0NDM3NzExMl8wXzBfNjVfMF8zNDVfMF8w","iid":"1m70m9w","itemMarks":"1525","itemType":7,"leftbottom_taglist":[],"lefttop_taglist":[],"link":"http://item.meilishuo.com/h5/detail/1m70m9w?acm=3.ms.2_1_1m70m9w.0.70871-69004.ni0a5r4QNZ6Ld.sd_117-c_2_32_444377112_0_65_0-t_-c1_10057922_nil_nil_0_0_30_0-lc_32&cparam=MTUzODA1MTE3NF8xZXA1MzZ3XzIxZTZjN2QwMTE0Y2E5MzkyYmEzZjYzYTk4MTJhNjY0XzMyXzEwXzQ0NDM3NzExMl8wXzBfNjVfMF8zNDVfMF8w","orgPrice":"\uffe564.29","popularStar":null,"price":"45.00","props":["\u7eaf\u68c9\u62fc\u63a5\u4e00\u5b57\u9886\u4fee\u8eab\u663e\u7626\u957f\u8896\u6253\u5e95\u886b\u77ed\u6b3et\u6064\u59732018\u79cb\u5b63\u65b0\u6b3e\u97e9\u7248\u5b66\u751f\u95fa\u871c\u88c5\u767e\u642d\u7eaf\u8272\u4e0a\u8863\u5c0f\u886b"],"ptpC":"_mb_mls_10057922_wap-index_noab-noab","sale":"78","shopId":"1300046885","show":{"h":416,"img":"http://s11.mogucdn.com/mlcdn/c45406/180808_55gdc2k83ej42i9a9k83565518k3i_640x960.jpg_320x999.jpg","w":320},"showLarge":{"h":840,"img":"http://s3.mogucdn.com/mlcdn/c45406/180808_55gdc2k83ej42i9a9k83565518k3i_640x960.jpg_560x999.jpg","w":560},"title":"\u7eaf\u68c9\u62fc\u63a5\u4e00\u5b57\u9886\u4fee\u8eab\u663e\u7626\u957f\u8896\u6253\u5e95\u886b\u77ed\u6b3et\u6064\u59732018\u79cb\u5b63\u65b0\u6b3e\u97e9\u7248\u5b66\u751f\u95fa\u871c\u88c5\u767e\u642d\u7eaf\u8272\u4e0a\u8863\u5c0f\u886b","titleTags":null,"type":2},{"acm":"3.ms.2_1_1m70m28.0.70871-69004.ni0a5r4QNZ6Ld.sd_117-c_2_32_444377107_0_66_0-t_-c1_10057922_nil_nil_0_0_30_0-lc_32","cfav":"9","clientUrl":"http://item.meilishuo.com/h5/detail/1m70m28?acm=3.ms.2_1_1m70m28.0.70871-69004.ni0a5r4QNZ6Ld.sd_117-c_2_32_444377107_0_66_0-t_-c1_10057922_nil_nil_0_0_30_0-lc_32&cparam=MTUzODA1MTE3NF8xZXA1MzZtXzNjODBjNTY4YWVjYzZjNmM0NWIyMWNlODZlZDRiYzY5XzMyXzExXzQ0NDM3NzEwN18wXzBfNjZfMF8zNDVfMF8w","cparam":"MTUzODA1MTE3NF8xZXA1MzZtXzNjODBjNTY4YWVjYzZjNmM0NWIyMWNlODZlZDRiYzY5XzMyXzExXzQ0NDM3NzEwN18wXzBfNjZfMF8zNDVfMF8w","iid":"1m70m28","itemMarks":"1525","itemType":7,"leftbottom_taglist":[],"lefttop_taglist":[],"link":"http://item.meilishuo.com/h5/detail/1m70m28?acm=3.ms.2_1_1m70m28.0.70871-69004.ni0a5r4QNZ6Ld.sd_117-c_2_32_444377107_0_66_0-t_-c1_10057922_nil_nil_0_0_30_0-lc_32&cparam=MTUzODA1MTE3NF8xZXA1MzZtXzNjODBjNTY4YWVjYzZjNmM0NWIyMWNlODZlZDRiYzY5XzMyXzExXzQ0NDM3NzEwN18wXzBfNjZfMF8zNDVfMF8w","orgPrice":"\uffe564.29","popularStar":null,"price":"45.00","props":["\u79cb\u51ac\u65b0\u6b3eV\u9886\u649e\u8272\u6761\u7eb9\u957f\u8896\u6253\u5e95\u886b\u5bbd\u677e\u77ed\u6b3e\u4e0a\u8863\u5c0f\u886b2018\u79cb\u5b63\u97e9\u7248\u767e\u642d\u5b66\u751f\u95fa\u871c\u88c5\u663e\u7626\u7eaf\u68c9t\u6064\u5973"],"ptpC":"_mb_mls_10057922_wap-index_noab-noab","sale":"6","shopId":"1300046885","show":{"h":416,"img":"http://s11.mogucdn.com/mlcdn/c45406/180808_830ji849kbjbci113j19e11igkf44_640x960.jpg_320x999.jpg","w":320},"showLarge":{"h":840,"img":"http://s3.mogucdn.com/mlcdn/c45406/180808_830ji849kbjbci113j19e11igkf44_640x960.jpg_560x999.jpg","w":560},"title":"\u79cb\u51ac\u65b0\u6b3eV\u9886\u649e\u8272\u6761\u7eb9\u957f\u8896\u6253\u5e95\u886b\u5bbd\u677e\u77ed\u6b3e\u4e0a\u8863\u5c0f\u886b2018\u79cb\u5b63\u97e9\u7248\u767e\u642d\u5b66\u751f\u95fa\u871c\u88c5\u663e\u7626\u7eaf\u68c9t\u6064\u5973","titleTags":null,"type":2},{"acm":"3.ms.0_4_1m93h00.0.13386-69004.ni0a5r4QNZ6Ld.t_-sd_117-lc_16","cfav":0,"clientUrl":"http://item.meilishuo.com/h5/detail/1m93h00?acm=3.ms.0_4_1m93h00.0.13386-69004.ni0a5r4QNZ6Ld.t_-sd_117-lc_16","cparam":null,"iid":"1m93h00","itemMarks":"-1","itemType":5,"leftbottom_taglist":[],"lefttop_taglist":[],"link":"http://item.meilishuo.com/h5/detail/1m93h00?acm=3.ms.0_4_1m93h00.0.13386-69004.ni0a5r4QNZ6Ld.t_-sd_117-lc_16","orgPrice":"\uffe545.00","popularStar":0,"price":"45.00","props":["2018\u65b0\u6b3e\u79cb\u88c5\u5973\u88c5\u751c\u7f8e\u767e\u642d\u65f6\u5c1a\u6175\u61d2\u98ce\u5927\u7801\u663e\u7626\u9542\u7a7a\u6bdb\u8863\u97e9\u7248\u5973\u5b66\u751f\u95fa\u871c\u88c5\u9ad8\u8170\u534a\u8eab\u88d9\u5957\u88c5\u4e24\u4ef6\u5957"],"ptpC":"_mb_mls_10057922_wap-index_noab-noab","sale":0,"shopId":1302406018,"show":{"h":416,"img":"http://s11.mogucdn.com/mlcdn/c45406/180927_80lb8e4lkgk543i53gg80i5938a2b_640x960.jpg_320x999.jpg","w":320},"showLarge":{"h":840,"img":"http://s11.mogucdn.com/mlcdn/c45406/180927_80lb8e4lkgk543i53gg80i5938a2b_640x960.jpg_560x999.jpg","w":560},"title":"2018\u65b0\u6b3e\u79cb\u88c5\u5973\u88c5\u751c\u7f8e\u767e\u642d\u65f6\u5c1a\u6175\u61d2\u98ce\u5927\u7801\u663e\u7626\u9542\u7a7a\u6bdb\u8863\u97e9\u7248\u5973\u5b66\u751f\u95fa\u871c\u88c5\u9ad8\u8170\u534a\u8eab\u88d9\u5957\u88c5\u4e24\u4ef6\u5957","titleTags":null,"type":2},{"acm":"3.ms.0_4_1m93h1g.0.13386-69004.ni0a5r4QNZ6Ld.t_-sd_117-lc_16","cfav":0,"clientUrl":"http://item.meilishuo.com/h5/detail/1m93h1g?acm=3.ms.0_4_1m93h1g.0.13386-69004.ni0a5r4QNZ6Ld.t_-sd_117-lc_16","cparam":null,"iid":"1m93h1g","itemMarks":"1525","itemType":5,"leftbottom_taglist":[],"lefttop_taglist":[],"link":"http://item.meilishuo.com/h5/detail/1m93h1g?acm=3.ms.0_4_1m93h1g.0.13386-69004.ni0a5r4QNZ6Ld.t_-sd_117-lc_16","orgPrice":"\uffe5168.58","popularStar":0,"price":"118.00","props":["2018\u79cb\u5b63\u65b0\u6b3e\u97e9\u7248\u65f6\u5c1a\u767e\u642d\u6c14\u8d28\u9488\u7ec7\u5957\u88c5\u6b63\u53cd\u4e24\u7a7f\u6253\u5e95\u886b\u4f11\u95f2\u76f4\u7b52\u957f\u88e4\u5b50"],"ptpC":"_mb_mls_10057922_wap-index_noab-noab","sale":0,"shopId":1302444297,"show":{"h":416,"img":"http://s3.mogucdn.com/mlcdn/c45406/180927_1aa433jd081agk4lhibidhefkfh96_640x960.jpg_320x999.jpg","w":320},"showLarge":{"h":840,"img":"http://s11.mogucdn.com/mlcdn/c45406/180927_1aa433jd081agk4lhibidhefkfh96_640x960.jpg_560x999.jpg","w":560},"title":"2018\u79cb\u5b63\u65b0\u6b3e\u97e9\u7248\u65f6\u5c1a\u767e\u642d\u6c14\u8d28\u9488\u7ec7\u5957\u88c5\u6b63\u53cd\u4e24\u7a7f\u6253\u5e95\u886b\u4f11\u95f2\u76f4\u7b52\u957f\u88e4\u5b50","titleTags":null,"type":2},{"acm":"3.ms.2_1_1m8a710.0.70871-69004.ni0a5r4QNZ6Ld.sd_117-c_2_32_444211099_2042685_67_0-t_-c1_10057922_nil_nil_0_2042685_40_0-lc_32","cfav":"3","clientUrl":"http://item.meilishuo.com/h5/detail/1m8a710?acm=3.ms.2_1_1m8a710.0.70871-69004.ni0a5r4QNZ6Ld.sd_117-c_2_32_444211099_2042685_67_0-t_-c1_10057922_nil_nil_0_2042685_40_0-lc_32&cparam=MTUzODA1MTE3NF8xZW94eXp5X2YyMGZhMThkYjZhNDQ3MDI1ODJmYTIyMmU5YjBkM2VhXzMyXzEyXzQ0NDIxMTA5OV8wXzIwNDI2ODVfNjdfMF80MDhfMF8w","cparam":"MTUzODA1MTE3NF8xZW94eXp5X2YyMGZhMThkYjZhNDQ3MDI1ODJmYTIyMmU5YjBkM2VhXzMyXzEyXzQ0NDIxMTA5OV8wXzIwNDI2ODVfNjdfMF80MDhfMF8w","iid":"1m8a710","itemMarks":"1525","itemType":7,"leftbottom_taglist":[],"lefttop_taglist":[],"link":"http://item.meilishuo.com/h5/detail/1m8a710?acm=3.ms.2_1_1m8a710.0.70871-69004.ni0a5r4QNZ6Ld.sd_117-c_2_32_444211099_2042685_67_0-t_-c1_10057922_nil_nil_0_2042685_40_0-lc_32&cparam=MTUzODA1MTE3NF8xZW94eXp5X2YyMGZhMThkYjZhNDQ3MDI1ODJmYTIyMmU5YjBkM2VhXzMyXzEyXzQ0NDIxMTA5OV8wXzIwNDI2ODVfNjdfMF80MDhfMF8w","orgPrice":"\uffe542.60","popularStar":null,"price":"29.80","props":["\u540a\u5e26\u80cc\u5fc3\u5973\u590f2018\u79cb\u5b63\u65b0\u6b3e\u5185\u642d\u540a\u5e26\u886b\u77ed\u6b3e\u6027\u611f\u4fee\u8eab\u9488\u7ec7\u6253\u5e95\u886b\u4e0a\u8863\u663e\u7626"],"ptpC":"_mb_mls_10057922_wap-index_noab-noab","sale":"2","shopId":"20679411","show":{"h":416,"img":"http://s3.mogucdn.com/mlcdn/17f85e/180927_5i77e04lhaalbg3dai0j4588lbahh_640x960.jpg_320x999.jpg","w":320},"showLarge":{"h":840,"img":"http://s11.mogucdn.com/mlcdn/17f85e/180927_5i77e04lhaalbg3dai0j4588lbahh_640x960.jpg_560x999.jpg","w":560},"title":"\u540a\u5e26\u80cc\u5fc3\u5973\u590f2018\u79cb\u5b63\u65b0\u6b3e\u5185\u642d\u540a\u5e26\u886b\u77ed\u6b3e\u6027\u611f\u4fee\u8eab\u9488\u7ec7\u6253\u5e95\u886b\u4e0a\u8863\u663e\u7626","titleTags":null,"type":2},{"acm":"3.ms.2_1_1m7jtbq.0.70871-69004.ni0a5r4QNZ6Ld.sd_117-c_2_32_444377113_0_68_0-t_-c1_10057922_nil_nil_0_0_30_0-lc_32","cfav":"12","clientUrl":"http://item.meilishuo.com/h5/detail/1m7jtbq?acm=3.ms.2_1_1m7jtbq.0.70871-69004.ni0a5r4QNZ6Ld.sd_117-c_2_32_444377113_0_68_0-t_-c1_10057922_nil_nil_0_0_30_0-lc_32&cparam=MTUzODA1MTE3NF8xZXA1MzZ5XzlmMTQ0ZjJmY2M4ZTFlMTU4NTlkYjEwNGUyMDQxOTBhXzMyXzEzXzQ0NDM3NzExM18wXzBfNjhfMF8zNDVfMF8w","cparam":"MTUzODA1MTE3NF8xZXA1MzZ5XzlmMTQ0ZjJmY2M4ZTFlMTU4NTlkYjEwNGUyMDQxOTBhXzMyXzEzXzQ0NDM3NzExM18wXzBfNjhfMF8zNDVfMF8w","iid":"1m7jtbq","itemMarks":"1525","itemType":7,"leftbottom_taglist":[],"lefttop_taglist":[],"link":"http://item.meilishuo.com/h5/detail/1m7jtbq?acm=3.ms.2_1_1m7jtbq.0.70871-69004.ni0a5r4QNZ6Ld.sd_117-c_2_32_444377113_0_68_0-t_-c1_10057922_nil_nil_0_0_30_0-lc_32&cparam=MTUzODA1MTE3NF8xZXA1MzZ5XzlmMTQ0ZjJmY2M4ZTFlMTU4NTlkYjEwNGUyMDQxOTBhXzMyXzEzXzQ0NDM3NzExM18wXzBfNjhfMF8zNDVfMF8w","orgPrice":"\uffe564.29","popularStar":null,"price":"45.00","props":["\u79cb\u5b63\u65b0\u6b3e\u767e\u642d\u5b66\u751f\u95fa\u871c\u88c5V\u9886\u957f\u8896\u7af9\u8282\u68c9t\u6064\u59732018\u79cb\u51ac\u97e9\u7248\u5bbd\u677e\u663e\u7626\u7eaf\u8272\u6253\u5e95\u886b\u77ed\u6b3e\u4e0a\u8863\u670d\u4f53\u6064"],"ptpC":"_mb_mls_10057922_wap-index_noab-noab","sale":"14","shopId":"1300046885","show":{"h":416,"img":"http://s3.mogucdn.com/mlcdn/c45406/180822_5d29k4j5g79jg043f591f6igbcdg6_640x960.jpg_320x999.jpg","w":320},"showLarge":{"h":840,"img":"http://s11.mogucdn.com/mlcdn/c45406/180822_5d29k4j5g79jg043f591f6igbcdg6_640x960.jpg_560x999.jpg","w":560},"title":"\u79cb\u5b63\u65b0\u6b3e\u767e\u642d\u5b66\u751f\u95fa\u871c\u88c5V\u9886\u957f\u8896\u7af9\u8282\u68c9t\u6064\u59732018\u79cb\u51ac\u97e9\u7248\u5bbd\u677e\u663e\u7626\u7eaf\u8272\u6253\u5e95\u886b\u77ed\u6b3e\u4e0a\u8863\u670d\u4f53\u6064","titleTags":null,"type":2},{"acm":"3.ms.0_4_1m93gro.0.13386-69004.ni0a5r4QNZ6Ld.t_-sd_117-lc_16","cfav":0,"clientUrl":"http://item.meilishuo.com/h5/detail/1m93gro?acm=3.ms.0_4_1m93gro.0.13386-69004.ni0a5r4QNZ6Ld.t_-sd_117-lc_16","cparam":null,"iid":"1m93gro","itemMarks":"-1","itemType":5,"leftbottom_taglist":[],"lefttop_taglist":[],"link":"http://item.meilishuo.com/h5/detail/1m93gro?acm=3.ms.0_4_1m93gro.0.13386-69004.ni0a5r4QNZ6Ld.t_-sd_117-lc_16","orgPrice":"\uffe5170.00","popularStar":0,"price":"119.00","props":["\u79cb\u88c52018\u65b0\u6b3e\u97e9\u7248\u5bbd\u677e\u6175\u61d2\u5c0f\u6e05\u65b0\u51cf\u9f84\u663e\u7626\u4e0b\u8863\u5931\u8e2a\u79cb\u5b63\u4e0a\u8863\u767e\u642d\u5b66\u9662\u98ce\u65f6\u5c1a\u649e\u8272\u6761\u7eb9\u767d\u8272\u886c\u886b\u5973"],"ptpC":"_mb_mls_10057922_wap-index_noab-noab","sale":0,"shopId":21005478,"show":{"h":416,"img":"http://s11.mogucdn.com/mlcdn/c45406/180927_1ia6l3ffebfa4agg7g7hci9a8c9id_640x854.jpg_320x999.jpg","w":320},"showLarge":{"h":748,"img":"http://s3.mogucdn.com/mlcdn/c45406/180927_1ia6l3ffebfa4agg7g7hci9a8c9id_640x854.jpg_560x999.jpg","w":560},"title":"\u79cb\u88c52018\u65b0\u6b3e\u97e9\u7248\u5bbd\u677e\u6175\u61d2\u5c0f\u6e05\u65b0\u51cf\u9f84\u663e\u7626\u4e0b\u8863\u5931\u8e2a\u79cb\u5b63\u4e0a\u8863\u767e\u642d\u5b66\u9662\u98ce\u65f6\u5c1a\u649e\u8272\u6761\u7eb9\u767d\u8272\u886c\u886b\u5973","titleTags":null,"type":2},{"acm":"3.ms.0_4_1m93gyw.0.13386-69004.ni0a5r4QNZ6Ld.t_-sd_117-lc_16","cfav":0,"clientUrl":"http://item.meilishuo.com/h5/detail/1m93gyw?acm=3.ms.0_4_1m93gyw.0.13386-69004.ni0a5r4QNZ6Ld.t_-sd_117-lc_16","cparam":null,"iid":"1m93gyw","itemMarks":"1525","itemType":5,"leftbottom_taglist":[],"lefttop_taglist":[],"link":"http://item.meilishuo.com/h5/detail/1m93gyw?acm=3.ms.0_4_1m93gyw.0.13386-69004.ni0a5r4QNZ6Ld.t_-sd_117-lc_16","orgPrice":"\uffe5113.00","popularStar":0,"price":"113.00","props":["2018\u65b0\u6b3e\u97e9\u7248\u5bbd\u677e\u5957\u5934\u6bdb\u8863\u4e0a\u8863\u957f\u8896\u9488\u7ec7\u886b+\u9ad8\u8170\u5f00\u53c9\u534a\u8eab\u88d9\u88d9\u5b50\u7f51\u7ea2\u5957\u88c5\u65f6\u5c1a\u4e24\u4ef6\u5957\u5973"],"ptpC":"_mb_mls_10057922_wap-index_noab-noab","sale":0,"shopId":434834,"show":{"h":416,"img":"http://s11.mogucdn.com/mlcdn/c45406/180927_6394ce21k2912bi60db4i8h98fldk_640x850.jpg_320x999.jpg","w":320},"showLarge":{"h":744,"img":"http://s11.mogucdn.com/mlcdn/c45406/180927_6394ce21k2912bi60db4i8h98fldk_640x850.jpg_560x999.jpg","w":560},"title":"2018\u65b0\u6b3e\u97e9\u7248\u5bbd\u677e\u5957\u5934\u6bdb\u8863\u4e0a\u8863\u957f\u8896\u9488\u7ec7\u886b+\u9ad8\u8170\u5f00\u53c9\u534a\u8eab\u88d9\u88d9\u5b50\u7f51\u7ea2\u5957\u88c5\u65f6\u5c1a\u4e24\u4ef6\u5957\u5973","titleTags":null,"type":2}],"page":4,"param":{"_mgjuuid":"0ebd0346-7dbe-4afc-a4f8-13f1bd3c1f0e","cKey":"wap-index","cpcEventId":70005,"cpc_offset":0,"eventId":70003,"fcid":"10057922","page":"4","ptpPartC":"_mb_mls_10057922_wap-index_noab-noab","ptpWallCpc":"_wall_cpc","ptpWallDoc":"_wall_docs","section":"0","sort":"new"},"ptpPartC":"_mb_mls_10057922_wap-index_noab-noab","sort":"new","title":"\u7f8e\u4e3d\u8bf4wap\u9996\u9875","total":41766},"returnCode":"1001","returnMessage":null,"success":true}
