{"data":{"cpc_offset":0,"filter":{"list":[{"fcid":"10057922","sort":"pop","style":null,"title":"\u6d41\u884c","type":"sort"},{"fcid":"10057922","sort":"sell","style":null,"title":"\u70ed\u9500","type":"sort"},{"fcid":"10057922","sort":"new","style":null,"title":"\u4e0a\u65b0","type":"sort"}],"title":"\u7f8e\u4e3d\u8bf4wap\u9996\u9875"},"isEnd":false,"list":[{"acm":"3.ms.0_4_1m93gqc.0.13386-69004.ni0a5r4QO6iyL.t_-sd_117-lc_16","cfav":0,"clientUrl":"http://item.meilishuo.com/h5/detail/1m93gqc?acm=3.ms.0_4_1m93gqc.0.13386-69004.ni0a5r4QO6iyL.t_-sd_117-lc_16","cparam":null,"iid":"1m93gqc","itemMarks":"-1","itemType":5,"leftbottom_taglist":[],"lefttop_taglist":[],"link":"http://item.meilishuo.com/h5/detail/1m93gqc?acm=3.ms.0_4_1m93gqc.0.13386-69004.ni0a5r4QO6iyL.t_-sd_117-lc_16","orgPrice":"\uffe5178.58","popularStar":0,"price":"178.58","props":["\u4e24\u4ef6\u5957\u5973\u79cb2018\u65b0\u6b3e\u97e9\u7248chic\u957f\u8896\u5355\u6392\u6263\u725b\u4ed4\u5916\u5957+\u9ad8\u8170\u663e\u7626\u6c14\u8d28\u5f00\u53c9\u540a\u5e26\u8fde\u8863\u88d9\u65f6\u5c1a\u5957\u88c5"],"ptpC":"_mb_mls_10057922_wap-index_noab-noab","sale":0,"shopId":102691,"show":{"h":416,"img":"http://s3.mogucdn.com/mlcdn/c45406/180927_1hiie23kll0gbe1525d7dbd8jf18l_640x960.jpg_320x999.jpg","w":320},"showLarge":{"h":840,"img":"http://s11.mogucdn.com/mlcdn/c45406/180927_1hiie23kll0gbe1525d7dbd8jf18l_640x960.jpg_560x999.jpg","w":560},"title":"\u4e24\u4ef6\u5957\u5973\u79cb2018\u65b0\u6b3e\u97e9\u7248chic\u957f\u8896\u5355\u6392\u6263\u725b\u4ed4\u5916\u5957+\u9ad8\u8170\u663e\u7626\u6c14\u8d28\u5f00\u53c9\u540a\u5e26\u8fde\u8863\u88d9\u65f6\u5c1a\u5957\u88c5","titleTags":null,"type":2},{"acm":"3.ms.0_4_1m93gms.0.13386-69004.ni0a5r4QO6iyL.t_-sd_117-lc_16","cfav":0,"clientUrl":"http://item.meilishuo.com/h5/detail/1m93gms?acm=3.ms.0_4_1m93gms.0.13386-69004.ni0a5r4QO6iyL.t_-sd_117-lc_16","cparam":null,"iid":"1m93gms","itemMarks":"-1","itemType":5,"leftbottom_taglist":[],"lefttop_taglist":[],"link":"http://item.meilishuo.com/h5/detail/1m93gms?acm=3.ms.0_4_1m93gms.0.13386-69004.ni0a5r4QO6iyL.t_-sd_117-lc_16","orgPrice":"\uffe5114.00","popularStar":0,"price":"79.80","props":["2018\u79cb\u5b63\u65b0\u6b3e\u5047\u4e24\u4ef6\u5957\u683c\u5b50\u62fc\u63a5\u8774\u8776\u7ed3\u5973\u957f\u8896\u8fde\u8863\u88d9\u6dd1\u5973\u6c14\u8d28\u663e\u7626\u6536\u8170\u6253\u5e95a\u5b57\u88d9\u5b50"],"ptpC":"_mb_mls_10057922_wap-index_noab-noab","sale":0,"shopId":107897,"show":{"h":416,"img":"http://s11.mogucdn.com/mlcdn/c45406/180927_10kde7cc5k19h431ifgc8ka2hhc5g_640x960.jpg_320x999.jpg","w":320},"showLarge":{"h":840,"img":"http://s3.mogucdn.com/mlcdn/c45406/180927_10kde7cc5k19h431ifgc8ka2hhc5g_640x960.jpg_560x999.jpg","w":560},"title":"2018\u79cb\u5b63\u65b0\u6b3e\u5047\u4e24\u4ef6\u5957\u683c\u5b50\u62fc\u63a5\u8774\u8776\u7ed3\u5973\u957f\u8896\u8fde\u8863\u88d9\u6dd1\u5973\u6c14\u8d28\u663e\u7626\u6536\u8170\u6253\u5e95a\u5b57\u88d9\u5b50","titleTags":null,"type":2},{"acm":"3.ms.0_4_1m93gde.0.13386-69004.ni0a5r4QO6iyL.t_-sd_117-lc_16","cfav":0,"clientUrl":"http://item.meilishuo.com/h5/detail/1m93gde?acm=3.ms.0_4_1m93gde.0.13386-69004.ni0a5r4QO6iyL.t_-sd_117-lc_16","cparam":null,"iid":"1m93gde","itemMarks":"-1","itemType":5,"leftbottom_taglist":[],"lefttop_taglist":[],"link":"http://item.meilishuo.com/h5/detail/1m93gde?acm=3.ms.0_4_1m93gde.0.13386-69004.ni0a5r4QO6iyL.t_-sd_117-lc_16","orgPrice":"\uffe584.29","popularStar":0,"price":"59.00","props":["2018\u79cb\u5b63\u65b0\u6b3e\u97e9\u7248\u4e2d\u957f\u6b3e\u62fc\u8272\u5957\u5934\u6bdb\u8863\u5973\u9488\u7ec7\u886b\u9ad8\u8170\u4fee\u8eab\u663e\u7626\u6bdb\u8fb9\u9ed1\u8272\u5c0f\u811a\u88e4\u65f6\u5c1a\u5957\u88c5\u4e24\u4ef6\u5957\u5973"],"ptpC":"_mb_mls_10057922_wap-index_noab-noab","sale":0,"shopId":1302415818,"show":{"h":416,"img":"http://s3.mogucdn.com/mlcdn/c45406/180927_45ijb371bhii8ac73bl59h93kkg7j_640x854.jpg_320x999.jpg","w":320},"showLarge":{"h":748,"img":"http://s11.mogucdn.com/mlcdn/c45406/180927_45ijb371bhii8ac73bl59h93kkg7j_640x854.jpg_560x999.jpg","w":560},"title":"2018\u79cb\u5b63\u65b0\u6b3e\u97e9\u7248\u4e2d\u957f\u6b3e\u62fc\u8272\u5957\u5934\u6bdb\u8863\u5973\u9488\u7ec7\u886b\u9ad8\u8170\u4fee\u8eab\u663e\u7626\u6bdb\u8fb9\u9ed1\u8272\u5c0f\u811a\u88e4\u65f6\u5c1a\u5957\u88c5\u4e24\u4ef6\u5957\u5973","titleTags":null,"type":2},{"acm":"3.ms.0_4_1m93ga2.0.13386-69004.ni0a5r4QO6iyL.t_-sd_117-lc_16","cfav":0,"clientUrl":"http://item.meilishuo.com/h5/detail/1m93ga2?acm=3.ms.0_4_1m93ga2.0.13386-69004.ni0a5r4QO6iyL.t_-sd_117-lc_16","cparam":null,"iid":"1m93ga2","itemMarks":"-1","itemType":5,"leftbottom_taglist":[],"lefttop_taglist":[],"link":"http://item.meilishuo.com/h5/detail/1m93ga2?acm=3.ms.0_4_1m93ga2.0.13386-69004.ni0a5r4QO6iyL.t_-sd_117-lc_16","orgPrice":"\uffe5139.90","popularStar":0,"price":"139.90","props":["\u5957\u88c5\u88d9\u5973\u521d\u79cb2018\u65b0\u6b3e\u65f6\u5c1a\u5973\u795e\u4eae\u4e1d\u5bbd\u677e\u536b\u8863\u683c\u5b50\u534a\u8eab\u88d9\u65e9\u79cb\u4e24\u4ef6\u5957"],"ptpC":"_mb_mls_10057922_wap-index_noab-noab","sale":0,"shopId":1302420152,"show":{"h":416,"img":"http://s3.mogucdn.com/mlcdn/c45406/180927_7k05hee4395gcg4el4e96klebb3l0_640x960.jpg_320x999.jpg","w":320},"showLarge":{"h":840,"img":"http://s3.mogucdn.com/mlcdn/c45406/180927_7k05hee4395gcg4el4e96klebb3l0_640x960.jpg_560x999.jpg","w":560},"title":"\u5957\u88c5\u88d9\u5973\u521d\u79cb2018\u65b0\u6b3e\u65f6\u5c1a\u5973\u795e\u4eae\u4e1d\u5bbd\u677e\u536b\u8863\u683c\u5b50\u534a\u8eab\u88d9\u65e9\u79cb\u4e24\u4ef6\u5957","titleTags":null,"type":2},{"acm":"3.ms.0_4_1m93gfs.0.13386-69004.ni0a5r4QO6iyL.t_-sd_117-lc_16","cfav":0,"clientUrl":"http://item.meilishuo.com/h5/detail/1m93gfs?acm=3.ms.0_4_1m93gfs.0.13386-69004.ni0a5r4QO6iyL.t_-sd_117-lc_16","cparam":null,"iid":"1m93gfs","itemMarks":"1525","itemType":5,"leftbottom_taglist":[],"lefttop_taglist":[],"link":"http://item.meilishuo.com/h5/detail/1m93gfs?acm=3.ms.0_4_1m93gfs.0.13386-69004.ni0a5r4QO6iyL.t_-sd_117-lc_16","orgPrice":"\uffe585.58","popularStar":0,"price":"59.90","props":["\u5973\u795e\u65f6\u5c1a\u5957\u88c5\u79cb\u88c52018\u65b0\u6b3e\u97e9\u7248\u96ea\u7eba\u886b\u80cc\u5fc3\u9a6c\u7532\u88d9\u7f51\u7ea2\u65f6\u5c0f\u6e05\u65b0\u751c\u7f8e\u4ed9\u5973\u5b66\u751f\u6c14\u8d28\u663e\u7626\u4e24\u4ef6\u5957\u5973\u6f6e"],"ptpC":"_mb_mls_10057922_wap-index_noab-noab","sale":0,"shopId":1302423227,"show":{"h":416,"img":"http://s3.mogucdn.com/mlcdn/c45406/180927_04a1l2kkecdb2efe8f12ikee2378h_640x960.jpg_320x999.jpg","w":320},"showLarge":{"h":840,"img":"http://s3.mogucdn.com/mlcdn/c45406/180927_04a1l2kkecdb2efe8f12ikee2378h_640x960.jpg_560x999.jpg","w":560},"title":"\u5973\u795e\u65f6\u5c1a\u5957\u88c5\u79cb\u88c52018\u65b0\u6b3e\u97e9\u7248\u96ea\u7eba\u886b\u80cc\u5fc3\u9a6c\u7532\u88d9\u7f51\u7ea2\u65f6\u5c0f\u6e05\u65b0\u751c\u7f8e\u4ed9\u5973\u5b66\u751f\u6c14\u8d28\u663e\u7626\u4e24\u4ef6\u5957\u5973\u6f6e","titleTags":null,"type":2},{"acm":"3.ms.0_4_1m93g9q.0.13386-69004.ni0a5r4QO6iyL.t_-sd_117-lc_16","cfav":0,"clientUrl":"http://item.meilishuo.com/h5/detail/1m93g9q?acm=3.ms.0_4_1m93g9q.0.13386-69004.ni0a5r4QO6iyL.t_-sd_117-lc_16","cparam":null,"iid":"1m93g9q","itemMarks":"1525","itemType":5,"leftbottom_taglist":[],"lefttop_taglist":[],"link":"http://item.meilishuo.com/h5/detail/1m93g9q?acm=3.ms.0_4_1m93g9q.0.13386-69004.ni0a5r4QO6iyL.t_-sd_117-lc_16","orgPrice":"\uffe582.86","popularStar":0,"price":"58.00","props":["2018\u79cb\u5b63\u65b0\u6b3e\u97e9\u7248\u65f6\u5c1a\u767e\u642d\u6dd1\u5973\u6c14\u8d28\u9488\u7ec7\u534a\u88d9\u4e2d\u957f\u6b3e\u5305\u81c0\u88d9\u5b50\u5973\u6f6e"],"ptpC":"_mb_mls_10057922_wap-index_noab-noab","sale":0,"shopId":1302444297,"show":{"h":416,"img":"http://s11.mogucdn.com/mlcdn/c45406/180927_00ge74iadek5l1b5463gl92eildi2_640x960.jpg_320x999.jpg","w":320},"showLarge":{"h":840,"img":"http://s11.mogucdn.com/mlcdn/c45406/180927_00ge74iadek5l1b5463gl92eildi2_640x960.jpg_560x999.jpg","w":560},"title":"2018\u79cb\u5b63\u65b0\u6b3e\u97e9\u7248\u65f6\u5c1a\u767e\u642d\u6dd1\u5973\u6c14\u8d28\u9488\u7ec7\u534a\u88d9\u4e2d\u957f\u6b3e\u5305\u81c0\u88d9\u5b50\u5973\u6f6e","titleTags":null,"type":2},{"acm":"3.ms.0_4_1m93fy0.0.13386-69004.ni0a5r4QO6iyL.t_-sd_117-lc_16","cfav":0,"clientUrl":"http://item.meilishuo.com/h5/detail/1m93fy0?acm=3.ms.0_4_1m93fy0.0.13386-69004.ni0a5r4QO6iyL.t_-sd_117-lc_16","cparam":null,"iid":"1m93fy0","itemMarks":"-1","itemType":5,"leftbottom_taglist":[],"lefttop_taglist":[],"link":"http://item.meilishuo.com/h5/detail/1m93fy0?acm=3.ms.0_4_1m93fy0.0.13386-69004.ni0a5r4QO6iyL.t_-sd_117-lc_16","orgPrice":"\uffe598.58","popularStar":0,"price":"69.00","props":["chic\u5b66\u9662\u98ce\u683c\u5b50\u6bdb\u8863\u9488\u7ec7\u5f00\u886b\u5916\u5957\u4e0a\u8863\u5973+\u767e\u642d\u534a\u8eab\u88d9\u5973\u79cb\u9ad8\u8170A\u5b57\u88d9\u5b50\u4e24\u4ef6\u59572018\u65b0\u6b3e"],"ptpC":"_mb_mls_10057922_wap-index_noab-noab","sale":0,"shopId":1302420346,"show":{"h":416,"img":"http://s11.mogucdn.com/mlcdn/c45406/180927_3ab6ggbajg2b2785edibkh6e22hf6_640x960.jpg_320x999.jpg","w":320},"showLarge":{"h":840,"img":"http://s3.mogucdn.com/mlcdn/c45406/180927_3ab6ggbajg2b2785edibkh6e22hf6_640x960.jpg_560x999.jpg","w":560},"title":"chic\u5b66\u9662\u98ce\u683c\u5b50\u6bdb\u8863\u9488\u7ec7\u5f00\u886b\u5916\u5957\u4e0a\u8863\u5973+\u767e\u642d\u534a\u8eab\u88d9\u5973\u79cb\u9ad8\u8170A\u5b57\u88d9\u5b50\u4e24\u4ef6\u59572018\u65b0\u6b3e","titleTags":null,"type":2},{"acm":"3.ms.0_4_1m93g5q.0.13386-69004.ni0a5r4QO6iyL.t_-sd_117-lc_16","cfav":0,"clientUrl":"http://item.meilishuo.com/h5/detail/1m93g5q?acm=3.ms.0_4_1m93g5q.0.13386-69004.ni0a5r4QO6iyL.t_-sd_117-lc_16","cparam":null,"iid":"1m93g5q","itemMarks":"-1","itemType":5,"leftbottom_taglist":[],"lefttop_taglist":[],"link":"http://item.meilishuo.com/h5/detail/1m93g5q?acm=3.ms.0_4_1m93g5q.0.13386-69004.ni0a5r4QO6iyL.t_-sd_117-lc_16","orgPrice":"\uffe577.00","popularStar":0,"price":"53.90","props":["\u79cb\u5b632018\u65b0\u6b3e\u6c14\u8d28\u767e\u642d\u9ad8\u8170\u5f00\u53c9\u725b\u4ed4\u88d9\u97e9\u7248\u5b66\u9662\u98cechic\u534a\u8eab\u88d9\u5b66\u751f\u7eaf\u8272A\u5b57\u4e2d\u957f\u88d9\u5973"],"ptpC":"_mb_mls_10057922_wap-index_noab-noab","sale":0,"shopId":21756800,"show":{"h":416,"img":"http://s3.mogucdn.com/mlcdn/c45406/180927_2l0h31jbjec2531g8ckc13hf6j64l_640x960.jpg_320x999.jpg","w":320},"showLarge":{"h":840,"img":"http://s3.mogucdn.com/mlcdn/c45406/180927_2l0h31jbjec2531g8ckc13hf6j64l_640x960.jpg_560x999.jpg","w":560},"title":"\u79cb\u5b632018\u65b0\u6b3e\u6c14\u8d28\u767e\u642d\u9ad8\u8170\u5f00\u53c9\u725b\u4ed4\u88d9\u97e9\u7248\u5b66\u9662\u98cechic\u534a\u8eab\u88d9\u5b66\u751f\u7eaf\u8272A\u5b57\u4e2d\u957f\u88d9\u5973","titleTags":null,"type":2},{"acm":"3.ms.0_4_1m93g4q.0.13386-69004.ni0a5r4QO6iyL.t_-sd_117-lc_16","cfav":0,"clientUrl":"http://item.meilishuo.com/h5/detail/1m93g4q?acm=3.ms.0_4_1m93g4q.0.13386-69004.ni0a5r4QO6iyL.t_-sd_117-lc_16","cparam":null,"iid":"1m93g4q","itemMarks":"-1","itemType":5,"leftbottom_taglist":[],"lefttop_taglist":[],"link":"http://item.meilishuo.com/h5/detail/1m93g4q?acm=3.ms.0_4_1m93g4q.0.13386-69004.ni0a5r4QO6iyL.t_-sd_117-lc_16","orgPrice":"\uffe5126.00","popularStar":0,"price":"126.00","props":["\u6c14\u8d28\u65f6\u5c1a\u5957\u88c5\u88d9\u5973\u521d\u79cb2018\u65b0\u6b3e\u65f6\u5c1a\u5973\u795e\u4eae\u4e1d\u5bbd\u677e\u77ed\u6b3e\u536b\u8863\u683c\u5b50\u4e2d\u957f\u6b3e\u534a\u8eab\u88d9\u65e9\u79cb\u4e24\u4ef6\u5957"],"ptpC":"_mb_mls_10057922_wap-index_noab-noab","sale":0,"shopId":1302404744,"show":{"h":416,"img":"http://s3.mogucdn.com/mlcdn/c45406/180927_2fk0f663h74iece5cc79k0jc42d80_640x960.jpg_320x999.jpg","w":320},"showLarge":{"h":840,"img":"http://s3.mogucdn.com/mlcdn/c45406/180927_2fk0f663h74iece5cc79k0jc42d80_640x960.jpg_560x999.jpg","w":560},"title":"\u6c14\u8d28\u65f6\u5c1a\u5957\u88c5\u88d9\u5973\u521d\u79cb2018\u65b0\u6b3e\u65f6\u5c1a\u5973\u795e\u4eae\u4e1d\u5bbd\u677e\u77ed\u6b3e\u536b\u8863\u683c\u5b50\u4e2d\u957f\u6b3e\u534a\u8eab\u88d9\u65e9\u79cb\u4e24\u4ef6\u5957","titleTags":null,"type":2},{"acm":"3.ms.0_4_1m93fua.0.13386-69004.ni0a5r4QO6iyL.t_-sd_117-lc_16","cfav":0,"clientUrl":"http://item.meilishuo.com/h5/detail/1m93fua?acm=3.ms.0_4_1m93fua.0.13386-69004.ni0a5r4QO6iyL.t_-sd_117-lc_16","cparam":null,"iid":"1m93fua","itemMarks":"1525","itemType":5,"leftbottom_taglist":[],"lefttop_taglist":[],"link":"http://item.meilishuo.com/h5/detail/1m93fua?acm=3.ms.0_4_1m93fua.0.13386-69004.ni0a5r4QO6iyL.t_-sd_117-lc_16","orgPrice":"\uffe598.58","popularStar":0,"price":"69.00","props":["2018\u79cb\u5b63\u65b0\u6b3e\u97e9\u7248\u6e2f\u5473\u590d\u53e4\u5c0f\u6e05\u65b0\u5b66\u751f\u8fde\u5e3d\u957f\u8896\u77ed\u6b3e\u536b\u8863+\u5bbd\u677e\u663e\u7626\u4e5d\u5206\u4f11\u95f2\u706f\u7b3c\u88e4\u65f6\u5c1a\u5957\u88c5\u5973\u6f6e"],"ptpC":"_mb_mls_10057922_wap-index_noab-noab","sale":0,"shopId":110620,"show":{"h":416,"img":"http://s3.mogucdn.com/mlcdn/c45406/180927_505i4aga0jfaihf42fgbi62b1397h_640x960.jpg_320x999.jpg","w":320},"showLarge":{"h":840,"img":"http://s3.mogucdn.com/mlcdn/c45406/180927_505i4aga0jfaihf42fgbi62b1397h_640x960.jpg_560x999.jpg","w":560},"title":"2018\u79cb\u5b63\u65b0\u6b3e\u97e9\u7248\u6e2f\u5473\u590d\u53e4\u5c0f\u6e05\u65b0\u5b66\u751f\u8fde\u5e3d\u957f\u8896\u77ed\u6b3e\u536b\u8863+\u5bbd\u677e\u663e\u7626\u4e5d\u5206\u4f11\u95f2\u706f\u7b3c\u88e4\u65f6\u5c1a\u5957\u88c5\u5973\u6f6e","titleTags":null,"type":2},{"acm":"3.ms.0_4_1m93ftk.0.13386-69004.ni0a5r4QO6iyL.t_-sd_117-lc_16","cfav":0,"clientUrl":"http://item.meilishuo.com/h5/detail/1m93ftk?acm=3.ms.0_4_1m93ftk.0.13386-69004.ni0a5r4QO6iyL.t_-sd_117-lc_16","cparam":null,"iid":"1m93ftk","itemMarks":"-1","itemType":5,"leftbottom_taglist":[],"lefttop_taglist":[],"link":"http://item.meilishuo.com/h5/detail/1m93ftk?acm=3.ms.0_4_1m93ftk.0.13386-69004.ni0a5r4QO6iyL.t_-sd_117-lc_16","orgPrice":"\uffe5108.00","popularStar":0,"price":"108.00","props":["2018\u6625\u5b63\u65b0\u6b3e\u5973\u4f11\u95f2\u8dd1\u6b65\u8fd0\u52a8\u670d\u5957\u88c5\u97e9\u7248\u65f6\u5c1a\u6f6e\u5927\u7801\u5bbd\u677e\u536b\u8863\u4e24\u4ef6\u5957"],"ptpC":"_mb_mls_10057922_wap-index_noab-noab","sale":0,"shopId":1302422717,"show":{"h":416,"img":"http://s3.mogucdn.com/mlcdn/c45406/180927_5d255e0ablk82h58i6kh79ca4i8f8_640x960.jpg_320x999.jpg","w":320},"showLarge":{"h":840,"img":"http://s3.mogucdn.com/mlcdn/c45406/180927_5d255e0ablk82h58i6kh79ca4i8f8_640x960.jpg_560x999.jpg","w":560},"title":"2018\u6625\u5b63\u65b0\u6b3e\u5973\u4f11\u95f2\u8dd1\u6b65\u8fd0\u52a8\u670d\u5957\u88c5\u97e9\u7248\u65f6\u5c1a\u6f6e\u5927\u7801\u5bbd\u677e\u536b\u8863\u4e24\u4ef6\u5957","titleTags":null,"type":2},{"acm":"3.ms.0_4_1m93faa.0.13386-69004.ni0a5r4QO6iyL.t_-sd_117-lc_16","cfav":0,"clientUrl":"http://item.meilishuo.com/h5/detail/1m93faa?acm=3.ms.0_4_1m93faa.0.13386-69004.ni0a5r4QO6iyL.t_-sd_117-lc_16","cparam":null,"iid":"1m93faa","itemMarks":"1525","itemType":5,"leftbottom_taglist":[],"lefttop_taglist":[],"link":"http://item.meilishuo.com/h5/detail/1m93faa?acm=3.ms.0_4_1m93faa.0.13386-69004.ni0a5r4QO6iyL.t_-sd_117-lc_16","orgPrice":"\uffe574.68","popularStar":0,"price":"74.68","props":["\u65e9\u79cb\u65b0\u6b3e\u5973\u88c52018\u97e9\u7248chic\u886c\u8863\u6e2f\u5473\u6c14\u8d28\u5bbd\u677e\u7cfb\u5e26\u6536\u8170\u663e\u7626\u957f\u8896\u886c\u886b"],"ptpC":"_mb_mls_10057922_wap-index_noab-noab","sale":0,"shopId":1302418669,"show":{"h":416,"img":"http://s3.mogucdn.com/mlcdn/c45406/180927_2g8h2f0j4064ihbb1039f5jek5475_640x960.jpg_320x999.jpg","w":320},"showLarge":{"h":840,"img":"http://s11.mogucdn.com/mlcdn/c45406/180927_2g8h2f0j4064ihbb1039f5jek5475_640x960.jpg_560x999.jpg","w":560},"title":"\u65e9\u79cb\u65b0\u6b3e\u5973\u88c52018\u97e9\u7248chic\u886c\u8863\u6e2f\u5473\u6c14\u8d28\u5bbd\u677e\u7cfb\u5e26\u6536\u8170\u663e\u7626\u957f\u8896\u886c\u886b","titleTags":null,"type":2}],"page":5,"param":{"_mgjuuid":"9471e49d-695b-4f09-87c7-f61a1c430917","cKey":"wap-index","cpcEventId":70005,"cpc_offset":0,"eventId":70003,"fcid":"10057922","page":"5","ptpPartC":"_mb_mls_10057922_wap-index_noab-noab","ptpWallCpc":"_wall_cpc","ptpWallDoc":"_wall_docs","section":"0","sort":"new"},"ptpPartC":"_mb_mls_10057922_wap-index_noab-noab","sort":"new","title":"\u7f8e\u4e3d\u8bf4wap\u9996\u9875","total":41671},"returnCode":"1001","returnMessage":null,"success":true}
