{"data":{"cpc_offset":0,"filter":{"list":[{"fcid":"10057922","sort":"pop","style":null,"title":"\u6d41\u884c","type":"sort"},{"fcid":"10057922","sort":"sell","style":null,"title":"\u70ed\u9500","type":"sort"},{"fcid":"10057922","sort":"new","style":null,"title":"\u4e0a\u65b0","type":"sort"}],"title":"\u7f8e\u4e3d\u8bf4wap\u9996\u9875"},"isEnd":false,"list":[{"acm":"3.ms.0_4_1m93ezs.0.13386-69004.s026ur4QO9wBc.t_-sd_117-lc_16","cfav":0,"clientUrl":"http://item.meilishuo.com/h5/detail/1m93ezs?acm=3.ms.0_4_1m93ezs.0.13386-69004.s026ur4QO9wBc.t_-sd_117-lc_16","cparam":null,"iid":"1m93ezs","itemMarks":"1525","itemType":5,"leftbottom_taglist":[],"lefttop_taglist":[],"link":"http://item.meilishuo.com/h5/detail/1m93ezs?acm=3.ms.0_4_1m93ezs.0.13386-69004.s026ur4QO9wBc.t_-sd_117-lc_16","orgPrice":"\uffe597.15","popularStar":0,"price":"68.00","props":["\u79cb\u5b63\u65b0\u6b3e2018\u6e2f\u98ce\u590d\u53e4chic\u77ed\u6b3e\u767e\u642d\u76ae\u8863\u5916\u5957+\u6c14\u8d28V\u9886\u540a\u5e26\u9488\u7ec7\u8fde\u8863\u88d9\u4e24\u4ef6\u5957\u65f6\u5c1a\u5957\u88c5\u5973"],"ptpC":"_mb_mls_10057922_wap-index_noab-noab","sale":0,"shopId":111011,"show":{"h":416,"img":"http://s11.mogucdn.com/mlcdn/c45406/180927_561g0eia27hgfa08ii9a9ibg74i6k_640x960.jpg_320x999.jpg","w":320},"showLarge":{"h":840,"img":"http://s3.mogucdn.com/mlcdn/c45406/180927_561g0eia27hgfa08ii9a9ibg74i6k_640x960.jpg_560x999.jpg","w":560},"title":"\u79cb\u5b63\u65b0\u6b3e2018\u6e2f\u98ce\u590d\u53e4chic\u77ed\u6b3e\u767e\u642d\u76ae\u8863\u5916\u5957+\u6c14\u8d28V\u9886\u540a\u5e26\u9488\u7ec7\u8fde\u8863\u88d9\u4e24\u4ef6\u5957\u65f6\u5c1a\u5957\u88c5\u5973","titleTags":null,"type":2},{"acm":"3.ms.0_4_1m93eya.0.13386-69004.s026ur4QO9wBc.t_-sd_117-lc_16","cfav":0,"clientUrl":"http://item.meilishuo.com/h5/detail/1m93eya?acm=3.ms.0_4_1m93eya.0.13386-69004.s026ur4QO9wBc.t_-sd_117-lc_16","cparam":null,"iid":"1m93eya","itemMarks":"1525","itemType":5,"leftbottom_taglist":[],"lefttop_taglist":[],"link":"http://item.meilishuo.com/h5/detail/1m93eya?acm=3.ms.0_4_1m93eya.0.13386-69004.s026ur4QO9wBc.t_-sd_117-lc_16","orgPrice":"\uffe5128.00","popularStar":0,"price":"89.00","props":["2018\u79cb\u5b63\u65b0\u6b3e\u97e9\u7248\u65f6\u5c1a\u5c0f\u9999\u98ce\u7cbe\u81f4\u6728\u8033\u8fb9V\u9886\u957f\u8896\u4e2d\u957f\u6b3e\u8fde\u8863\u88d9\u4fee\u8eab\u663e\u7626\u5927\u6446\u88d9\u86cb\u7cd5\u88d9\u5973\u79cb"],"ptpC":"_mb_mls_10057922_wap-index_noab-noab","sale":0,"shopId":22531744,"show":{"h":416,"img":"http://s11.mogucdn.com/mlcdn/55cf19/180927_69k9afhhc8d33ika9akb687ga74i9_640x960.jpg_320x999.jpg","w":320},"showLarge":{"h":840,"img":"http://s11.mogucdn.com/mlcdn/55cf19/180927_69k9afhhc8d33ika9akb687ga74i9_640x960.jpg_560x999.jpg","w":560},"title":"2018\u79cb\u5b63\u65b0\u6b3e\u97e9\u7248\u65f6\u5c1a\u5c0f\u9999\u98ce\u7cbe\u81f4\u6728\u8033\u8fb9V\u9886\u957f\u8896\u4e2d\u957f\u6b3e\u8fde\u8863\u88d9\u4fee\u8eab\u663e\u7626\u5927\u6446\u88d9\u86cb\u7cd5\u88d9\u5973\u79cb","titleTags":null,"type":2},{"acm":"3.ms.0_4_1m93emk.0.13386-69004.s026ur4QO9wBc.t_-sd_117-lc_16","cfav":0,"clientUrl":"http://item.meilishuo.com/h5/detail/1m93emk?acm=3.ms.0_4_1m93emk.0.13386-69004.s026ur4QO9wBc.t_-sd_117-lc_16","cparam":null,"iid":"1m93emk","itemMarks":"-1","itemType":5,"leftbottom_taglist":[],"lefttop_taglist":[],"link":"http://item.meilishuo.com/h5/detail/1m93emk?acm=3.ms.0_4_1m93emk.0.13386-69004.s026ur4QO9wBc.t_-sd_117-lc_16","orgPrice":"\uffe598.58","popularStar":0,"price":"69.00","props":["2018\u79cb\u5b63\u4e0a\u65b0\u65b0\u6b3eins\u8d85\u706b\u5957\u5934\u5b57\u6bcd\u8d34\u5e03\u6a58\u8272\u536b\u8863\u5973+\u65f6\u5c1a\u767e\u642d\u7b80\u5355\u534a\u8eab\u77ed\u88d9\u4e24\u4ef6\u5957"],"ptpC":"_mb_mls_10057922_wap-index_noab-noab","sale":0,"shopId":1302420346,"show":{"h":416,"img":"http://s11.mogucdn.com/mlcdn/c45406/180927_5kbdgfg09680j6498dl5lbh2bc5aa_640x960.jpg_320x999.jpg","w":320},"showLarge":{"h":840,"img":"http://s11.mogucdn.com/mlcdn/c45406/180927_5kbdgfg09680j6498dl5lbh2bc5aa_640x960.jpg_560x999.jpg","w":560},"title":"2018\u79cb\u5b63\u4e0a\u65b0\u65b0\u6b3eins\u8d85\u706b\u5957\u5934\u5b57\u6bcd\u8d34\u5e03\u6a58\u8272\u536b\u8863\u5973+\u65f6\u5c1a\u767e\u642d\u7b80\u5355\u534a\u8eab\u77ed\u88d9\u4e24\u4ef6\u5957","titleTags":null,"type":2},{"acm":"3.ms.0_4_1m93efs.0.13386-69004.s026ur4QO9wBc.t_-sd_117-lc_16","cfav":0,"clientUrl":"http://item.meilishuo.com/h5/detail/1m93efs?acm=3.ms.0_4_1m93efs.0.13386-69004.s026ur4QO9wBc.t_-sd_117-lc_16","cparam":null,"iid":"1m93efs","itemMarks":"1525","itemType":5,"leftbottom_taglist":[],"lefttop_taglist":[],"link":"http://item.meilishuo.com/h5/detail/1m93efs?acm=3.ms.0_4_1m93efs.0.13386-69004.s026ur4QO9wBc.t_-sd_117-lc_16","orgPrice":"\uffe5170.00","popularStar":0,"price":"170.00","props":["2018\u79cb\u5b63\u65b0\u6b3e\u97e9\u7248\u767e\u642d\u751c\u7f8eV\u9886\u9ad8\u8170\u663e\u7626\u7cfb\u5e26\u4e0d\u89c4\u5219\u9488\u7ec7\u88d9\u7acb\u4f53\u7ebd\u6263\u8377\u53f6\u8fb9\u8fde\u8863\u88d9\u5973"],"ptpC":"_mb_mls_10057922_wap-index_noab-noab","sale":0,"shopId":1302409870,"show":{"h":416,"img":"http://s11.mogucdn.com/mlcdn/55cf19/180927_6c86ff27ejj9b3bjll6ddadd24973_640x960.jpg_320x999.jpg","w":320},"showLarge":{"h":840,"img":"http://s3.mogucdn.com/mlcdn/55cf19/180927_6c86ff27ejj9b3bjll6ddadd24973_640x960.jpg_560x999.jpg","w":560},"title":"2018\u79cb\u5b63\u65b0\u6b3e\u97e9\u7248\u767e\u642d\u751c\u7f8eV\u9886\u9ad8\u8170\u663e\u7626\u7cfb\u5e26\u4e0d\u89c4\u5219\u9488\u7ec7\u88d9\u7acb\u4f53\u7ebd\u6263\u8377\u53f6\u8fb9\u8fde\u8863\u88d9\u5973","titleTags":null,"type":2},{"acm":"3.ms.0_4_1m93ebe.0.13386-69004.s026ur4QO9wBc.t_-sd_117-lc_16","cfav":0,"clientUrl":"http://item.meilishuo.com/h5/detail/1m93ebe?acm=3.ms.0_4_1m93ebe.0.13386-69004.s026ur4QO9wBc.t_-sd_117-lc_16","cparam":null,"iid":"1m93ebe","itemMarks":"-1","itemType":5,"leftbottom_taglist":[],"lefttop_taglist":[],"link":"http://item.meilishuo.com/h5/detail/1m93ebe?acm=3.ms.0_4_1m93ebe.0.13386-69004.s026ur4QO9wBc.t_-sd_117-lc_16","orgPrice":"\uffe5125.00","popularStar":0,"price":"125.00","props":["2018\u79cb\u5b63\u65b0\u6b3e\u97e9\u7248\u65f6\u5c1a\u9ad8\u8170\u7cfb\u5e26\u7ffb\u9886\u706f\u7b3c\u8896\u7eaf\u8272\u8fde\u8863\u88d9\u5973J5"],"ptpC":"_mb_mls_10057922_wap-index_noab-noab","sale":0,"shopId":1302424394,"show":{"h":416,"img":"http://s3.mogucdn.com/mlcdn/c45406/180927_8b8g5el2b11f7590kakli81181iak_640x960.jpg_320x999.jpg","w":320},"showLarge":{"h":840,"img":"http://s3.mogucdn.com/mlcdn/c45406/180927_8b8g5el2b11f7590kakli81181iak_640x960.jpg_560x999.jpg","w":560},"title":"2018\u79cb\u5b63\u65b0\u6b3e\u97e9\u7248\u65f6\u5c1a\u9ad8\u8170\u7cfb\u5e26\u7ffb\u9886\u706f\u7b3c\u8896\u7eaf\u8272\u8fde\u8863\u88d9\u5973J5","titleTags":null,"type":2},{"acm":"3.ms.0_4_1m93e3i.0.13386-69004.s026ur4QO9wBc.t_-sd_117-lc_16","cfav":0,"clientUrl":"http://item.meilishuo.com/h5/detail/1m93e3i?acm=3.ms.0_4_1m93e3i.0.13386-69004.s026ur4QO9wBc.t_-sd_117-lc_16","cparam":null,"iid":"1m93e3i","itemMarks":"1525","itemType":5,"leftbottom_taglist":[],"lefttop_taglist":[],"link":"http://item.meilishuo.com/h5/detail/1m93e3i?acm=3.ms.0_4_1m93e3i.0.13386-69004.s026ur4QO9wBc.t_-sd_117-lc_16","orgPrice":"\uffe594.29","popularStar":0,"price":"66.00","props":["2018\u79cb\u5b63\u65b0\u6b3e\u65f6\u5c1a\u5973\u88c5\u97e9\u7248\u6027\u611f\u540d\u5a9b\u751c\u7f8e\u6c14\u8d28\u8d85\u706b\u65f6\u9ae6\u767e\u642d\u663e\u7626\u7f57\u7eb9\u9488\u7ec7\u5e03\u957f\u8896\u8fde\u8863\u88d9  \u9001\u76ae\u5e26"],"ptpC":"_mb_mls_10057922_wap-index_noab-noab","sale":0,"shopId":110805,"show":{"h":416,"img":"http://s3.mogucdn.com/mlcdn/55cf19/180927_3lic5g696kjc1g942i6ik0de89g4b_640x960.jpg_320x999.jpg","w":320},"showLarge":{"h":840,"img":"http://s11.mogucdn.com/mlcdn/55cf19/180927_3lic5g696kjc1g942i6ik0de89g4b_640x960.jpg_560x999.jpg","w":560},"title":"2018\u79cb\u5b63\u65b0\u6b3e\u65f6\u5c1a\u5973\u88c5\u97e9\u7248\u6027\u611f\u540d\u5a9b\u751c\u7f8e\u6c14\u8d28\u8d85\u706b\u65f6\u9ae6\u767e\u642d\u663e\u7626\u7f57\u7eb9\u9488\u7ec7\u5e03\u957f\u8896\u8fde\u8863\u88d9  \u9001\u76ae\u5e26","titleTags":null,"type":2},{"acm":"3.ms.0_4_1m93e38.0.13386-69004.s026ur4QO9wBc.t_-sd_117-lc_16","cfav":0,"clientUrl":"http://item.meilishuo.com/h5/detail/1m93e38?acm=3.ms.0_4_1m93e38.0.13386-69004.s026ur4QO9wBc.t_-sd_117-lc_16","cparam":null,"iid":"1m93e38","itemMarks":"-1","itemType":5,"leftbottom_taglist":[],"lefttop_taglist":[],"link":"http://item.meilishuo.com/h5/detail/1m93e38?acm=3.ms.0_4_1m93e38.0.13386-69004.s026ur4QO9wBc.t_-sd_117-lc_16","orgPrice":"\uffe571.29","popularStar":0,"price":"71.29","props":["\u80d6mm\u9614\u817f\u88e42018\u79cb\u51ac\u65b0\u6b3e\u5927\u7801\u5973\u88c5\u91d1\u4e1d\u7ed2\u4f11\u95f2\u88e4\u9ad8\u8170\u5bbd\u677e\u767e\u8936\u957f\u88e4\u5973"],"ptpC":"_mb_mls_10057922_wap-index_noab-noab","sale":0,"shopId":1302420714,"show":{"h":416,"img":"http://s3.mogucdn.com/mlcdn/c45406/180927_4387igibk6dkle0k413def2ied3g3_640x960.jpg_320x999.jpg","w":320},"showLarge":{"h":840,"img":"http://s11.mogucdn.com/mlcdn/c45406/180927_4387igibk6dkle0k413def2ied3g3_640x960.jpg_560x999.jpg","w":560},"title":"\u80d6mm\u9614\u817f\u88e42018\u79cb\u51ac\u65b0\u6b3e\u5927\u7801\u5973\u88c5\u91d1\u4e1d\u7ed2\u4f11\u95f2\u88e4\u9ad8\u8170\u5bbd\u677e\u767e\u8936\u957f\u88e4\u5973","titleTags":null,"type":2},{"acm":"3.ms.0_4_1m93ef0.0.13386-69004.s026ur4QO9wBc.t_-sd_117-lc_16","cfav":0,"clientUrl":"http://item.meilishuo.com/h5/detail/1m93ef0?acm=3.ms.0_4_1m93ef0.0.13386-69004.s026ur4QO9wBc.t_-sd_117-lc_16","cparam":null,"iid":"1m93ef0","itemMarks":"-1","itemType":5,"leftbottom_taglist":[],"lefttop_taglist":[],"link":"http://item.meilishuo.com/h5/detail/1m93ef0?acm=3.ms.0_4_1m93ef0.0.13386-69004.s026ur4QO9wBc.t_-sd_117-lc_16","orgPrice":"\uffe599.00","popularStar":0,"price":"69.30","props":["2018\u65b0\u6b3e\u97e9\u7248\u65f6\u5c1a\u4f11\u95f2\u5957\u88c5\u79cb\u5b63\u5973\u88c5\u5b57\u6bcd\u62fc\u63a5\u957f\u8896\u536b\u8863+\u4e0d\u89c4\u5219\u534a\u8eab\u88d9\u4e24\u4ef6\u5957"],"ptpC":"_mb_mls_10057922_wap-index_noab-noab","sale":0,"shopId":21629277,"show":{"h":416,"img":"http://s3.mogucdn.com/mlcdn/c45406/180927_6h23k73a8a1c23565hja6fk10bi67_640x960.jpg_320x999.jpg","w":320},"showLarge":{"h":840,"img":"http://s3.mogucdn.com/mlcdn/c45406/180927_6h23k73a8a1c23565hja6fk10bi67_640x960.jpg_560x999.jpg","w":560},"title":"2018\u65b0\u6b3e\u97e9\u7248\u65f6\u5c1a\u4f11\u95f2\u5957\u88c5\u79cb\u5b63\u5973\u88c5\u5b57\u6bcd\u62fc\u63a5\u957f\u8896\u536b\u8863+\u4e0d\u89c4\u5219\u534a\u8eab\u88d9\u4e24\u4ef6\u5957","titleTags":null,"type":2},{"acm":"3.ms.0_4_1m93e9y.0.13386-69004.s026ur4QO9wBc.t_-sd_117-lc_16","cfav":0,"clientUrl":"http://item.meilishuo.com/h5/detail/1m93e9y?acm=3.ms.0_4_1m93e9y.0.13386-69004.s026ur4QO9wBc.t_-sd_117-lc_16","cparam":null,"iid":"1m93e9y","itemMarks":"1525","itemType":5,"leftbottom_taglist":[],"lefttop_taglist":[],"link":"http://item.meilishuo.com/h5/detail/1m93e9y?acm=3.ms.0_4_1m93e9y.0.13386-69004.s026ur4QO9wBc.t_-sd_117-lc_16","orgPrice":"\uffe5170.00","popularStar":0,"price":"170.00","props":["2018\u65b0\u6b3e\u97e9\u7248\u79cb\u5b63\u5973\u5957\u88c5\u6c14\u8d28\u5bbd\u677e\u4f11\u95f2\u767e\u642d\u9488\u7ec7\u7f69\u886b+\u540a\u5e26\u957f\u88d9\u7f51\u7eb1\u8fde\u8863\u88d9\u7f51\u7ea2\u5b66\u751f\u4e24\u4ef6\u5957"],"ptpC":"_mb_mls_10057922_wap-index_noab-noab","sale":0,"shopId":1302442898,"show":{"h":416,"img":"http://s3.mogucdn.com/mlcdn/c45406/180927_2edgj4d27417a88eh80100dh1cflk_640x960.jpg_320x999.jpg","w":320},"showLarge":{"h":840,"img":"http://s11.mogucdn.com/mlcdn/c45406/180927_2edgj4d27417a88eh80100dh1cflk_640x960.jpg_560x999.jpg","w":560},"title":"2018\u65b0\u6b3e\u97e9\u7248\u79cb\u5b63\u5973\u5957\u88c5\u6c14\u8d28\u5bbd\u677e\u4f11\u95f2\u767e\u642d\u9488\u7ec7\u7f69\u886b+\u540a\u5e26\u957f\u88d9\u7f51\u7eb1\u8fde\u8863\u88d9\u7f51\u7ea2\u5b66\u751f\u4e24\u4ef6\u5957","titleTags":null,"type":2},{"acm":"3.ms.0_4_1m93e7y.0.13386-69004.s026ur4QO9wBc.t_-sd_117-lc_16","cfav":0,"clientUrl":"http://item.meilishuo.com/h5/detail/1m93e7y?acm=3.ms.0_4_1m93e7y.0.13386-69004.s026ur4QO9wBc.t_-sd_117-lc_16","cparam":null,"iid":"1m93e7y","itemMarks":"1525","itemType":5,"leftbottom_taglist":[],"lefttop_taglist":[],"link":"http://item.meilishuo.com/h5/detail/1m93e7y?acm=3.ms.0_4_1m93e7y.0.13386-69004.s026ur4QO9wBc.t_-sd_117-lc_16","orgPrice":"\uffe5112.86","popularStar":0,"price":"79.00","props":["2018\u79cb\u5b63\u65b0\u6b3e\u97e9\u7248\u8936\u76b1\u5fc3\u673a\u8bbe\u8ba1\u611f\u7b80\u7ea6\u6c14\u8d28\u88d9\u5b50\u7f51\u7ea2\u95fa\u871c\u88c5\u4e2d\u957f\u6b3e\u5355\u6392\u6263V\u9886\u9ad8\u8170A\u5b57\u88d9\u8fde\u8863\u88d9"],"ptpC":"_mb_mls_10057922_wap-index_noab-noab","sale":0,"shopId":20999822,"show":{"h":416,"img":"http://s11.mogucdn.com/mlcdn/c45406/180927_31751ikfgf8ddbagk1599k57g2267_640x960.jpg_320x999.jpg","w":320},"showLarge":{"h":840,"img":"http://s11.mogucdn.com/mlcdn/c45406/180927_31751ikfgf8ddbagk1599k57g2267_640x960.jpg_560x999.jpg","w":560},"title":"2018\u79cb\u5b63\u65b0\u6b3e\u97e9\u7248\u8936\u76b1\u5fc3\u673a\u8bbe\u8ba1\u611f\u7b80\u7ea6\u6c14\u8d28\u88d9\u5b50\u7f51\u7ea2\u95fa\u871c\u88c5\u4e2d\u957f\u6b3e\u5355\u6392\u6263V\u9886\u9ad8\u8170A\u5b57\u88d9\u8fde\u8863\u88d9","titleTags":null,"type":2},{"acm":"3.ms.0_4_1m93dze.0.13386-69004.s026ur4QO9wBc.t_-sd_117-lc_16","cfav":0,"clientUrl":"http://item.meilishuo.com/h5/detail/1m93dze?acm=3.ms.0_4_1m93dze.0.13386-69004.s026ur4QO9wBc.t_-sd_117-lc_16","cparam":null,"iid":"1m93dze","itemMarks":"1525","itemType":5,"leftbottom_taglist":[],"lefttop_taglist":[],"link":"http://item.meilishuo.com/h5/detail/1m93dze?acm=3.ms.0_4_1m93dze.0.13386-69004.s026ur4QO9wBc.t_-sd_117-lc_16","orgPrice":"\uffe546.00","popularStar":0,"price":"46.00","props":["\u957f\u8896\u886c\u8863\u59732018\u79cb\u88c5\u65b0\u6b3e\u97e9\u7248\u6536\u8170\u663e\u7626\u4e0a\u8863\u767e\u642d\u683c\u5b50\u886c\u886b\u5b66\u9662\u98ce\u886c\u8863"],"ptpC":"_mb_mls_10057922_wap-index_noab-noab","sale":0,"shopId":1302422879,"show":{"h":416,"img":"http://s11.mogucdn.com/mlcdn/c45406/180927_31gjj40c2f50d55kk95929g3c0i71_640x960.jpg_320x999.jpg","w":320},"showLarge":{"h":840,"img":"http://s11.mogucdn.com/mlcdn/c45406/180927_31gjj40c2f50d55kk95929g3c0i71_640x960.jpg_560x999.jpg","w":560},"title":"\u957f\u8896\u886c\u8863\u59732018\u79cb\u88c5\u65b0\u6b3e\u97e9\u7248\u6536\u8170\u663e\u7626\u4e0a\u8863\u767e\u642d\u683c\u5b50\u886c\u886b\u5b66\u9662\u98ce\u886c\u8863","titleTags":null,"type":2},{"acm":"3.ms.0_4_1m93e5m.0.13386-69004.s026ur4QO9wBc.t_-sd_117-lc_16","cfav":0,"clientUrl":"http://item.meilishuo.com/h5/detail/1m93e5m?acm=3.ms.0_4_1m93e5m.0.13386-69004.s026ur4QO9wBc.t_-sd_117-lc_16","cparam":null,"iid":"1m93e5m","itemMarks":"1525","itemType":5,"leftbottom_taglist":[],"lefttop_taglist":[],"link":"http://item.meilishuo.com/h5/detail/1m93e5m?acm=3.ms.0_4_1m93e5m.0.13386-69004.s026ur4QO9wBc.t_-sd_117-lc_16","orgPrice":"\uffe5112.86","popularStar":0,"price":"79.00","props":["2018\u79cb\u51ac\u65b0\u54c1\u65f6\u5c1a\u5957\u88c5\u5c11\u5973\u5fc3\u5b66\u9662\u98ce\u706f\u7b3c\u8896\u9488\u7ec7\u5f00\u886b\u5973V\u9886\u6bdb\u8863\u5916\u5957\u642d\u914d\u957f\u88d9\u4e24\u4ef6\u5957\u65f6\u9ae6\u5957\u88c5\u5973"],"ptpC":"_mb_mls_10057922_wap-index_noab-noab","sale":0,"shopId":10480243,"show":{"h":416,"img":"http://s3.mogucdn.com/mlcdn/c45406/180927_0bkl5i1ljjh28lggcaei9d2k0delk_640x960.jpg_320x999.jpg","w":320},"showLarge":{"h":840,"img":"http://s11.mogucdn.com/mlcdn/c45406/180927_0bkl5i1ljjh28lggcaei9d2k0delk_640x960.jpg_560x999.jpg","w":560},"title":"2018\u79cb\u51ac\u65b0\u54c1\u65f6\u5c1a\u5957\u88c5\u5c11\u5973\u5fc3\u5b66\u9662\u98ce\u706f\u7b3c\u8896\u9488\u7ec7\u5f00\u886b\u5973V\u9886\u6bdb\u8863\u5916\u5957\u642d\u914d\u957f\u88d9\u4e24\u4ef6\u5957\u65f6\u9ae6\u5957\u88c5\u5973","titleTags":null,"type":2}],"page":6,"param":{"_mgjuuid":"9b06633c-cfb3-4467-9c4d-d6c857081dc6","cKey":"wap-index","cpcEventId":70005,"cpc_offset":0,"eventId":70003,"fcid":"10057922","page":"6","ptpPartC":"_mb_mls_10057922_wap-index_noab-noab","ptpWallCpc":"_wall_cpc","ptpWallDoc":"_wall_docs","section":"0","sort":"new"},"ptpPartC":"_mb_mls_10057922_wap-index_noab-noab","sort":"new","title":"\u7f8e\u4e3d\u8bf4wap\u9996\u9875","total":41671},"returnCode":"1001","returnMessage":null,"success":true}
