{"data":{"cpc_offset":0,"filter":{"list":[{"fcid":"10057922","sort":"pop","style":null,"title":"\u6d41\u884c","type":"sort"},{"fcid":"10057922","sort":"sell","style":null,"title":"\u70ed\u9500","type":"sort"},{"fcid":"10057922","sort":"new","style":null,"title":"\u4e0a\u65b0","type":"sort"}],"title":"\u7f8e\u4e3d\u8bf4wap\u9996\u9875"},"isEnd":false,"list":[{"acm":"3.ms.0_4_1m70y5k.0.13384-69004.s026ur4QK5gf1.t_-sd_117-lc_16","cfav":49,"clientUrl":"http://item.meilishuo.com/h5/detail/1m70y5k?acm=3.ms.0_4_1m70y5k.0.13384-69004.s026ur4QK5gf1.t_-sd_117-lc_16","cparam":null,"iid":"1m70y5k","itemMarks":"1525 353 181","itemType":10,"leftbottom_taglist":[],"lefttop_taglist":[],"link":"http://item.meilishuo.com/h5/detail/1m70y5k?acm=3.ms.0_4_1m70y5k.0.13384-69004.s026ur4QK5gf1.t_-sd_117-lc_16","orgPrice":"\uffe584.29","popularStar":0,"price":"59.00","props":["2018\u79cb\u5b63\u65b0\u6b3e\u97e9\u7248\u767e\u642d\u683c\u5b50\u957f\u8896\u886c\u886b+\u524d\u77ed\u540e\u957f\u9488\u7ec7\u6c14\u8d28\u5f00\u886b\u5916\u5957+\u9ad8\u8170\u76f4\u7b52\u4e5d\u5206\u725b\u4ed4\u88e4\u4e09\u4ef6\u5957\u88c5"],"ptpC":"_mb_mls_10057922_wap-index_noab-noab","sale":4886,"shopId":10664478,"show":{"h":416,"img":"http://s11.mogucdn.com/mlcdn/c45406/180808_600abce0g8dc8i4f6ic7k27i7837l_640x960.jpg_320x999.jpg","w":320},"showLarge":{"h":840,"img":"http://s3.mogucdn.com/mlcdn/c45406/180808_600abce0g8dc8i4f6ic7k27i7837l_640x960.jpg_560x999.jpg","w":560},"title":"2018\u79cb\u5b63\u65b0\u6b3e\u97e9\u7248\u767e\u642d\u683c\u5b50\u957f\u8896\u886c\u886b+\u524d\u77ed\u540e\u957f\u9488\u7ec7\u6c14\u8d28\u5f00\u886b\u5916\u5957+\u9ad8\u8170\u76f4\u7b52\u4e5d\u5206\u725b\u4ed4\u88e4\u4e09\u4ef6\u5957\u88c5","titleTags":null,"type":2},{"acm":"3.ms.0_4_1m745k0.0.13384-69004.s026ur4QK5gf1.t_-sd_117-lc_16","cfav":73,"clientUrl":"http://item.meilishuo.com/h5/detail/1m745k0?acm=3.ms.0_4_1m745k0.0.13384-69004.s026ur4QK5gf1.t_-sd_117-lc_16","cparam":null,"iid":"1m745k0","itemMarks":"1525","itemType":10,"leftbottom_taglist":[],"lefttop_taglist":[],"link":"http://item.meilishuo.com/h5/detail/1m745k0?acm=3.ms.0_4_1m745k0.0.13384-69004.s026ur4QK5gf1.t_-sd_117-lc_16","orgPrice":"\uffe597.15","popularStar":0,"price":"68.00","props":["2018\u79cb\u5b63\u65b0\u6b3e\u97e9\u7248\u5973\u88c5\u5b57\u6bcd\u5370\u82b1\u5bbd\u677e\u8fde\u5e3d\u4f11\u95f2\u536b\u8863\u642d\u914d\u677e\u7d27\u8170\u4e5d\u5206\u725b\u4ed4\u88e4\u4e24\u4ef6\u5957\u5973\u65f6\u5c1a\u8fd0\u52a8\u5957\u88c5\u6f6e"],"ptpC":"_mb_mls_10057922_wap-index_noab-noab","sale":3680,"shopId":1302423026,"show":{"h":416,"img":"http://s11.mogucdn.com/mlcdn/c45406/180811_1k5hfa6d803575df3lkb6j67l5j3c_640x960.jpg_320x999.jpg","w":320},"showLarge":{"h":840,"img":"http://s11.mogucdn.com/mlcdn/c45406/180811_1k5hfa6d803575df3lkb6j67l5j3c_640x960.jpg_560x999.jpg","w":560},"title":"2018\u79cb\u5b63\u65b0\u6b3e\u97e9\u7248\u5973\u88c5\u5b57\u6bcd\u5370\u82b1\u5bbd\u677e\u8fde\u5e3d\u4f11\u95f2\u536b\u8863\u642d\u914d\u677e\u7d27\u8170\u4e5d\u5206\u725b\u4ed4\u88e4\u4e24\u4ef6\u5957\u5973\u65f6\u5c1a\u8fd0\u52a8\u5957\u88c5\u6f6e","titleTags":null,"type":2},{"acm":"3.ms.2_1_1lrzvr8.0.70867-69004.s026ur4QK5gf1.sd_117-c_2_32_355439208_1085278668_1_0-t_-c1_10057922_nil_nil_2_1085278668_30_0-lc_32","cfav":"1079","clientUrl":"http://item.meilishuo.com/h5/detail/1lrzvr8?acm=3.ms.2_1_1lrzvr8.0.70867-69004.s026ur4QK5gf1.sd_117-c_2_32_355439208_1085278668_1_0-t_-c1_10057922_nil_nil_2_1085278668_30_0-lc_32&cparam=MTUzODA1MDI0NF8xYnI4bGM4XzE0NThhM2YxNGNiMTNkNTU0MjNhOTEzOWM4MmJlZmY1XzMyXzBfMzU1NDM5MjA4XzBfMF8xXzBfMTAzXzBfMA==","cparam":"MTUzODA1MDI0NF8xYnI4bGM4XzE0NThhM2YxNGNiMTNkNTU0MjNhOTEzOWM4MmJlZmY1XzMyXzBfMzU1NDM5MjA4XzBfMF8xXzBfMTAzXzBfMA==","iid":"1lrzvr8","itemMarks":"1525","itemType":7,"leftbottom_taglist":["http://s2.mogucdn.com/p2/170307/1_53je1gbj88bjheidae4al1le4h94i_60x28.png"],"lefttop_taglist":[],"link":"http://item.meilishuo.com/h5/detail/1lrzvr8?acm=3.ms.2_1_1lrzvr8.0.70867-69004.s026ur4QK5gf1.sd_117-c_2_32_355439208_1085278668_1_0-t_-c1_10057922_nil_nil_2_1085278668_30_0-lc_32&cparam=MTUzODA1MDI0NF8xYnI4bGM4XzE0NThhM2YxNGNiMTNkNTU0MjNhOTEzOWM4MmJlZmY1XzMyXzBfMzU1NDM5MjA4XzBfMF8xXzBfMTAzXzBfMA==","orgPrice":"\uffe570.00","popularStar":null,"price":"49.00","props":["\u30102\u4ef669\u5143\u3011\u3010\u65b0\u54c1\u7279\u60e0\u3011\u77ed\u8896t\u6064\u59732018\u590f\u88c5\u65b0\u6b3e\u97e9\u7248\u5b66\u751f\u5bbd\u677e\u9ed1\u8272\u4f53\u6064\u5706\u9886\u7eaf\u68c9\u534a\u8896\u4e0a\u8863\u670d"],"ptpC":"_mb_mls_10057922_wap-index_noab-noab","sale":"39","shopId":"1302412599","show":{"h":416,"img":"http://s11.mogucdn.com/mlcdn/c45406/180301_509b6ca365e3i1fiji2fk4kkaihd3_640x960.jpg_320x999.jpg","w":320},"showLarge":{"h":840,"img":"http://s11.mogucdn.com/mlcdn/c45406/180301_509b6ca365e3i1fiji2fk4kkaihd3_640x960.jpg_560x999.jpg","w":560},"title":"\u30102\u4ef669\u5143\u3011\u3010\u65b0\u54c1\u7279\u60e0\u3011\u77ed\u8896t\u6064\u59732018\u590f\u88c5\u65b0\u6b3e\u97e9\u7248\u5b66\u751f\u5bbd\u677e\u9ed1\u8272\u4f53\u6064\u5706\u9886\u7eaf\u68c9\u534a\u8896\u4e0a\u8863\u670d","titleTags":null,"type":2},{"acm":"3.ms.2_1_1jw0sr2.0.70867-69004.s026ur4QK5gf1.sd_117-c_2_32_346732365_228525953_2_0-t_-c1_10057922_nil_nil_1_228525953_85_0-lc_32","cfav":"1260","clientUrl":"http://item.meilishuo.com/h5/detail/1jw0sr2?acm=3.ms.2_1_1jw0sr2.0.70867-69004.s026ur4QK5gf1.sd_117-c_2_32_346732365_228525953_2_0-t_-c1_10057922_nil_nil_1_228525953_85_0-lc_32&cparam=MTUzODA1MDI0NF8xYmd2Y3VxX2YzMWIzMmE5ZDhlM2E1NTk0NjRkN2M2YzQ2MzIyNTM5XzMyXzFfMzQ2NzMyMzY1XzBfMF8yXzBfMzI1XzBfMA==","cparam":"MTUzODA1MDI0NF8xYmd2Y3VxX2YzMWIzMmE5ZDhlM2E1NTk0NjRkN2M2YzQ2MzIyNTM5XzMyXzFfMzQ2NzMyMzY1XzBfMF8yXzBfMzI1XzBfMA==","iid":"1jw0sr2","itemMarks":"1525 352 72 351","itemType":7,"leftbottom_taglist":["http://s2.mogucdn.com/p2/170307/1_5k6k8eiffl43633479294a49f8gci_60x28.png"],"lefttop_taglist":[],"link":"http://item.meilishuo.com/h5/detail/1jw0sr2?acm=3.ms.2_1_1jw0sr2.0.70867-69004.s026ur4QK5gf1.sd_117-c_2_32_346732365_228525953_2_0-t_-c1_10057922_nil_nil_1_228525953_85_0-lc_32&cparam=MTUzODA1MDI0NF8xYmd2Y3VxX2YzMWIzMmE5ZDhlM2E1NTk0NjRkN2M2YzQ2MzIyNTM5XzMyXzFfMzQ2NzMyMzY1XzBfMF8yXzBfMzI1XzBfMA==","orgPrice":"\uffe559.00","popularStar":null,"price":"56.64","props":["2018 \u65b0\u6b3e\u5973\u88c5\u4e0a\u8863\u6587\u827a\u68c9\u9ebb\u77ed\u8896t\u6064 V\u9886\u886bT\u6064\u5973\u77ed\u8896\u5973T\u6856"],"ptpC":"_mb_mls_10057922_wap-index_noab-noab","sale":"51","shopId":"20483465","show":{"h":416,"img":"http://s11.mogucdn.com/p2/170301/106341701_4kfgdd3001475k8h1l365al2k5ed6_640x960.jpg_320x999.jpg","w":320},"showLarge":{"h":840,"img":"http://s11.mogucdn.com/p2/170301/106341701_4kfgdd3001475k8h1l365al2k5ed6_640x960.jpg_560x999.jpg","w":560},"title":"2018 \u65b0\u6b3e\u5973\u88c5\u4e0a\u8863\u6587\u827a\u68c9\u9ebb\u77ed\u8896t\u6064 V\u9886\u886bT\u6064\u5973\u77ed\u8896\u5973T\u6856","titleTags":null,"type":2},{"acm":"3.ms.0_4_1m7s9c4.0.13384-69004.s026ur4QK5gf1.t_-sd_117-lc_16","cfav":179,"clientUrl":"http://item.meilishuo.com/h5/detail/1m7s9c4?acm=3.ms.0_4_1m7s9c4.0.13384-69004.s026ur4QK5gf1.t_-sd_117-lc_16","cparam":null,"iid":"1m7s9c4","itemMarks":"-1","itemType":10,"leftbottom_taglist":[],"lefttop_taglist":[],"link":"http://item.meilishuo.com/h5/detail/1m7s9c4?acm=3.ms.0_4_1m7s9c4.0.13384-69004.s026ur4QK5gf1.t_-sd_117-lc_16","orgPrice":"\uffe5127.00","popularStar":0,"price":"88.90","props":["\u79cb\u88c5\u59732018\u65b0\u6b3e\u65e9\u79cb\u5973\u88c5\u88d9\u5b50\u97e9\u7248\u9488\u7ec7\u8fde\u8863\u88d9+\u886c\u886b\u4e0a\u8863\u65f6\u5c1a\u5957\u88c5"],"ptpC":"_mb_mls_10057922_wap-index_noab-noab","sale":32070,"shopId":1302421618,"show":{"h":416,"img":"http://s11.mogucdn.com/mlcdn/c45406/180828_550k23i82cbibh32602fl43jc9aid_800x1200.jpg_320x999.jpg","w":320},"showLarge":{"h":840,"img":"http://s3.mogucdn.com/mlcdn/c45406/180828_550k23i82cbibh32602fl43jc9aid_800x1200.jpg_560x999.jpg","w":560},"title":"\u79cb\u88c5\u59732018\u65b0\u6b3e\u65e9\u79cb\u5973\u88c5\u88d9\u5b50\u97e9\u7248\u9488\u7ec7\u8fde\u8863\u88d9+\u886c\u886b\u4e0a\u8863\u65f6\u5c1a\u5957\u88c5","titleTags":null,"type":2},{"acm":"3.ms.0_4_1m7rp9w.0.13384-69004.s026ur4QK5gf1.t_-sd_117-lc_16","cfav":167,"clientUrl":"http://item.meilishuo.com/h5/detail/1m7rp9w?acm=3.ms.0_4_1m7rp9w.0.13384-69004.s026ur4QK5gf1.t_-sd_117-lc_16","cparam":null,"iid":"1m7rp9w","itemMarks":"1525","itemType":10,"leftbottom_taglist":[],"lefttop_taglist":[],"link":"http://item.meilishuo.com/h5/detail/1m7rp9w?acm=3.ms.0_4_1m7rp9w.0.13384-69004.s026ur4QK5gf1.t_-sd_117-lc_16","orgPrice":"\uffe5155.72","popularStar":0,"price":"109.00","props":["\u79cb\u88c5\u59732018\u65b0\u6b3e\u5957\u88c5\u65f6\u5c1a\u665a\u665a\u98ce\u6c14\u8d28chic\u6e2f\u5473\u5973\u795e\u7f51\u7ea2\u4e24\u4ef6\u5957\u88c5\u4fcf\u76ae"],"ptpC":"_mb_mls_10057922_wap-index_noab-noab","sale":4173,"shopId":20288336,"show":{"h":416,"img":"http://s11.mogucdn.com/mlcdn/c45406/180827_1590j44g2bk619i6655ji20ihikfb_640x960.jpg_320x999.jpg","w":320},"showLarge":{"h":840,"img":"http://s11.mogucdn.com/mlcdn/c45406/180827_1590j44g2bk619i6655ji20ihikfb_640x960.jpg_560x999.jpg","w":560},"title":"\u79cb\u88c5\u59732018\u65b0\u6b3e\u5957\u88c5\u65f6\u5c1a\u665a\u665a\u98ce\u6c14\u8d28chic\u6e2f\u5473\u5973\u795e\u7f51\u7ea2\u4e24\u4ef6\u5957\u88c5\u4fcf\u76ae","titleTags":null,"type":2},{"acm":"3.ms.2_1_1lyp2vg.0.70867-69004.s026ur4QK5gf1.sd_117-c_2_32_440018617_1986848_3_0-t_-c1_10057922_nil_nil_0_1986848_30_0-lc_32","cfav":"16705","clientUrl":"http://item.meilishuo.com/h5/detail/1lyp2vg?acm=3.ms.2_1_1lyp2vg.0.70867-69004.s026ur4QK5gf1.sd_117-c_2_32_440018617_1986848_3_0-t_-c1_10057922_nil_nil_0_1986848_30_0-lc_32&cparam=MTUzODA1MDI0NF8xZWp5OTRhXzY3MTk5MGYyZjgyNDNlYTBjNzI0YTJmNDc4YjdkYzdjXzMyXzJfNDQwMDE4NjE3XzBfMTk4Njg0OF8zXzBfNV8wXzA=","cparam":"MTUzODA1MDI0NF8xZWp5OTRhXzY3MTk5MGYyZjgyNDNlYTBjNzI0YTJmNDc4YjdkYzdjXzMyXzJfNDQwMDE4NjE3XzBfMTk4Njg0OF8zXzBfNV8wXzA=","iid":"1lyp2vg","itemMarks":"1525 352 1497 1232 351","itemType":7,"leftbottom_taglist":[],"lefttop_taglist":[],"link":"http://item.meilishuo.com/h5/detail/1lyp2vg?acm=3.ms.2_1_1lyp2vg.0.70867-69004.s026ur4QK5gf1.sd_117-c_2_32_440018617_1986848_3_0-t_-c1_10057922_nil_nil_0_1986848_30_0-lc_32&cparam=MTUzODA1MDI0NF8xZWp5OTRhXzY3MTk5MGYyZjgyNDNlYTBjNzI0YTJmNDc4YjdkYzdjXzMyXzJfNDQwMDE4NjE3XzBfMTk4Njg0OF8zXzBfNV8wXzA=","orgPrice":"\uffe5108.00","popularStar":null,"price":"39.00","props":["2018\u6625\u590f\u5b63\u65b0\u6b3e\u516b\u8272\u7eaf\u8272\u6d45\u8272\u7cfb\u65f6\u5c1a\u7b80\u7ea6\u97e9\u8303\u7eaf\u68c9\u5b66\u751f\u4f11\u95f2\u767e\u642d\u57fa\u7840\u6b3e\u7eaf\u8272\u5706\u9886\u77ed\u8896\u4e0a\u8863\u5973T\u6064"],"ptpC":"_mb_mls_10057922_wap-index_noab-noab","sale":"10419","shopId":"1302425481","show":{"h":416,"img":"http://s11.mogucdn.com/mlcdn/17f85e/180426_7k4fd5fj9kfe5a7g089b1e10ec8b9_640x960.jpg_320x999.jpg","w":320},"showLarge":{"h":840,"img":"http://s11.mogucdn.com/mlcdn/17f85e/180426_7k4fd5fj9kfe5a7g089b1e10ec8b9_640x960.jpg_560x999.jpg","w":560},"title":"2018\u6625\u590f\u5b63\u65b0\u6b3e\u516b\u8272\u7eaf\u8272\u6d45\u8272\u7cfb\u65f6\u5c1a\u7b80\u7ea6\u97e9\u8303\u7eaf\u68c9\u5b66\u751f\u4f11\u95f2\u767e\u642d\u57fa\u7840\u6b3e\u7eaf\u8272\u5706\u9886\u77ed\u8896\u4e0a\u8863\u5973T\u6064","titleTags":null,"type":2},{"acm":"3.ms.2_1_1m4tdhy.0.70867-69004.s026ur4QK5gf1.sd_117-c_2_32_415780334_1257105158_4_0-t_-c1_10057922_nil_nil_2_1257105158_42_0-lc_32","cfav":"1561","clientUrl":"http://item.meilishuo.com/h5/detail/1m4tdhy?acm=3.ms.2_1_1m4tdhy.0.70867-69004.s026ur4QK5gf1.sd_117-c_2_32_415780334_1257105158_4_0-t_-c1_10057922_nil_nil_2_1257105158_42_0-lc_32&cparam=MTUzODA1MDI0NF8xZHIzOGQwX2IxZWIyZmQzN2NmMDNiZmI1Y2I3YWJjN2E0MDRjNTM4XzMyXzNfNDE1NzgwMzM0XzBfMF80XzBfNzQ0XzBfMA==","cparam":"MTUzODA1MDI0NF8xZHIzOGQwX2IxZWIyZmQzN2NmMDNiZmI1Y2I3YWJjN2E0MDRjNTM4XzMyXzNfNDE1NzgwMzM0XzBfMF80XzBfNzQ0XzBfMA==","iid":"1m4tdhy","itemMarks":"1525","itemType":7,"leftbottom_taglist":[],"lefttop_taglist":[],"link":"http://item.meilishuo.com/h5/detail/1m4tdhy?acm=3.ms.2_1_1m4tdhy.0.70867-69004.s026ur4QK5gf1.sd_117-c_2_32_415780334_1257105158_4_0-t_-c1_10057922_nil_nil_2_1257105158_42_0-lc_32&cparam=MTUzODA1MDI0NF8xZHIzOGQwX2IxZWIyZmQzN2NmMDNiZmI1Y2I3YWJjN2E0MDRjNTM4XzMyXzNfNDE1NzgwMzM0XzBfMF80XzBfNzQ0XzBfMA==","orgPrice":"\uffe554.00","popularStar":null,"price":"37.00","props":["\u6768\u5e42\u660e\u661f\u540c\u6b3e2018\u65b0\u6b3e\u767d\u8272ins\u8d85\u706b\u77ed\u8896t\u6064\u5973\u5b57\u6bcd\u5bbd\u677e\u7eaf\u68c9\u767e\u642d\u4e0a\u8863"],"ptpC":"_mb_mls_10057922_wap-index_noab-noab","sale":"1557","shopId":"1302442895","show":{"h":416,"img":"http://s11.mogucdn.com/mlcdn/c45406/180624_4afhg8gg9743k8h5lab2jifficd3e_640x960.png_320x999.jpg","w":320},"showLarge":{"h":840,"img":"http://s3.mogucdn.com/mlcdn/c45406/180624_4afhg8gg9743k8h5lab2jifficd3e_640x960.png_560x999.jpg","w":560},"title":"\u6768\u5e42\u660e\u661f\u540c\u6b3e2018\u65b0\u6b3e\u767d\u8272ins\u8d85\u706b\u77ed\u8896t\u6064\u5973\u5b57\u6bcd\u5bbd\u677e\u7eaf\u68c9\u767e\u642d\u4e0a\u8863","titleTags":null,"type":2},{"acm":"3.ms.2_1_1m8a710.0.70867-69004.s026ur4QK5gf1.sd_117-c_2_32_444211099_2042685_5_0-t_-c1_10057922_nil_nil_0_2042685_40_0-lc_32","cfav":"3","clientUrl":"http://item.meilishuo.com/h5/detail/1m8a710?acm=3.ms.2_1_1m8a710.0.70867-69004.s026ur4QK5gf1.sd_117-c_2_32_444211099_2042685_5_0-t_-c1_10057922_nil_nil_0_2042685_40_0-lc_32&cparam=MTUzODA1MDI0NF8xZW94eXp5X2I1YWY0MmNlODc4ZTg0ODI1MWNkZTQxZDEzYTI1N2JmXzMyXzRfNDQ0MjExMDk5XzBfMjA0MjY4NV81XzBfNDA4XzBfMA==","cparam":"MTUzODA1MDI0NF8xZW94eXp5X2I1YWY0MmNlODc4ZTg0ODI1MWNkZTQxZDEzYTI1N2JmXzMyXzRfNDQ0MjExMDk5XzBfMjA0MjY4NV81XzBfNDA4XzBfMA==","iid":"1m8a710","itemMarks":"1525","itemType":7,"leftbottom_taglist":[],"lefttop_taglist":[],"link":"http://item.meilishuo.com/h5/detail/1m8a710?acm=3.ms.2_1_1m8a710.0.70867-69004.s026ur4QK5gf1.sd_117-c_2_32_444211099_2042685_5_0-t_-c1_10057922_nil_nil_0_2042685_40_0-lc_32&cparam=MTUzODA1MDI0NF8xZW94eXp5X2I1YWY0MmNlODc4ZTg0ODI1MWNkZTQxZDEzYTI1N2JmXzMyXzRfNDQ0MjExMDk5XzBfMjA0MjY4NV81XzBfNDA4XzBfMA==","orgPrice":"\uffe542.60","popularStar":null,"price":"29.80","props":["\u540a\u5e26\u80cc\u5fc3\u5973\u590f2018\u79cb\u5b63\u65b0\u6b3e\u5185\u642d\u540a\u5e26\u886b\u77ed\u6b3e\u6027\u611f\u4fee\u8eab\u9488\u7ec7\u6253\u5e95\u886b\u4e0a\u8863\u663e\u7626"],"ptpC":"_mb_mls_10057922_wap-index_noab-noab","sale":"2","shopId":"20679411","show":{"h":416,"img":"http://s3.mogucdn.com/mlcdn/17f85e/180927_5i77e04lhaalbg3dai0j4588lbahh_640x960.jpg_320x999.jpg","w":320},"showLarge":{"h":840,"img":"http://s11.mogucdn.com/mlcdn/17f85e/180927_5i77e04lhaalbg3dai0j4588lbahh_640x960.jpg_560x999.jpg","w":560},"title":"\u540a\u5e26\u80cc\u5fc3\u5973\u590f2018\u79cb\u5b63\u65b0\u6b3e\u5185\u642d\u540a\u5e26\u886b\u77ed\u6b3e\u6027\u611f\u4fee\u8eab\u9488\u7ec7\u6253\u5e95\u886b\u4e0a\u8863\u663e\u7626","titleTags":null,"type":2},{"acm":"3.ms.2_1_1lqxuvu.0.70867-69004.s026ur4QK5gf1.sd_117-c_2_32_437825990_393064633_6_0-t_-c1_10057922_nil_nil_1_393064633_36_0-lc_32","cfav":"4585","clientUrl":"http://item.meilishuo.com/h5/detail/1lqxuvu?acm=3.ms.2_1_1lqxuvu.0.70867-69004.s026ur4QK5gf1.sd_117-c_2_32_437825990_393064633_6_0-t_-c1_10057922_nil_nil_1_393064633_36_0-lc_32&cparam=MTUzODA1MDI0NF8xZWhjOWZvX2JhOTJjM2FjNDljZTk0Yzk2ZTM1ODM0ZmRiOWM4YTJhXzMyXzVfNDM3ODI1OTkwXzBfMF82XzBfMTY0XzBfMA==","cparam":"MTUzODA1MDI0NF8xZWhjOWZvX2JhOTJjM2FjNDljZTk0Yzk2ZTM1ODM0ZmRiOWM4YTJhXzMyXzVfNDM3ODI1OTkwXzBfMF82XzBfMTY0XzBfMA==","iid":"1lqxuvu","itemMarks":"1525 352 351","itemType":7,"leftbottom_taglist":[],"lefttop_taglist":[],"link":"http://item.meilishuo.com/h5/detail/1lqxuvu?acm=3.ms.2_1_1lqxuvu.0.70867-69004.s026ur4QK5gf1.sd_117-c_2_32_437825990_393064633_6_0-t_-c1_10057922_nil_nil_1_393064633_36_0-lc_32&cparam=MTUzODA1MDI0NF8xZWhjOWZvX2JhOTJjM2FjNDljZTk0Yzk2ZTM1ODM0ZmRiOWM4YTJhXzMyXzVfNDM3ODI1OTkwXzBfMF82XzBfMTY0XzBfMA==","orgPrice":"\uffe542.84","popularStar":null,"price":"29.98","props":["\u9ad8\u9886\u9ed1\u767d\u6761\u7eb9\u957f\u8896t\u6064\u59732018\u6625\u79cb\u65b0\u6b3e\u97e9\u7248\u5bbd\u677e\u767e\u642d\u5b66\u751f\u5185\u642d\u6253\u5e95\u886b"],"ptpC":"_mb_mls_10057922_wap-index_noab-noab","sale":"657","shopId":"20234338","show":{"h":416,"img":"http://s3.mogucdn.com/mlcdn/c45406/180126_37ifg8gib16j03llfbj0i75c7dgb6_640x961.jpg_320x999.jpg","w":320},"showLarge":{"h":841,"img":"http://s11.mogucdn.com/mlcdn/c45406/180126_37ifg8gib16j03llfbj0i75c7dgb6_640x961.jpg_560x999.jpg","w":560},"title":"\u9ad8\u9886\u9ed1\u767d\u6761\u7eb9\u957f\u8896t\u6064\u59732018\u6625\u79cb\u65b0\u6b3e\u97e9\u7248\u5bbd\u677e\u767e\u642d\u5b66\u751f\u5185\u642d\u6253\u5e95\u886b","titleTags":null,"type":2},{"acm":"3.ms.0_4_1m7jj7a.0.13384-69004.s026ur4QK5gf1.t_-sd_117-lc_16","cfav":93,"clientUrl":"http://item.meilishuo.com/h5/detail/1m7jj7a?acm=3.ms.0_4_1m7jj7a.0.13384-69004.s026ur4QK5gf1.t_-sd_117-lc_16","cparam":null,"iid":"1m7jj7a","itemMarks":"-1","itemType":10,"leftbottom_taglist":[],"lefttop_taglist":[],"link":"http://item.meilishuo.com/h5/detail/1m7jj7a?acm=3.ms.0_4_1m7jj7a.0.13384-69004.s026ur4QK5gf1.t_-sd_117-lc_16","orgPrice":"\uffe5211.43","popularStar":0,"price":"148.00","props":["\u5957\u88c5\u5973\u6625\u79cb2018\u65b0\u6b3e\u65f6\u5c1a\u590d\u53e4\u6c14\u8d28\u4e2a\u6027\u8fde\u5e3d\u536b\u8863\u4e24\u4ef6\u5957"],"ptpC":"_mb_mls_10057922_wap-index_noab-noab","sale":28990,"shopId":1302421618,"show":{"h":416,"img":"http://s3.mogucdn.com/mlcdn/c45406/180825_4figj590flej05g556d6ll8ka09a7_640x902.jpg_320x999.jpg","w":320},"showLarge":{"h":790,"img":"http://s3.mogucdn.com/mlcdn/c45406/180825_4figj590flej05g556d6ll8ka09a7_640x902.jpg_560x999.jpg","w":560},"title":"\u5957\u88c5\u5973\u6625\u79cb2018\u65b0\u6b3e\u65f6\u5c1a\u590d\u53e4\u6c14\u8d28\u4e2a\u6027\u8fde\u5e3d\u536b\u8863\u4e24\u4ef6\u5957","titleTags":null,"type":2},{"acm":"3.ms.0_4_1kihxey.0.13384-69004.s026ur4QK5gf1.t_-sd_117-lc_16","cfav":115,"clientUrl":"http://item.meilishuo.com/h5/detail/1kihxey?acm=3.ms.0_4_1kihxey.0.13384-69004.s026ur4QK5gf1.t_-sd_117-lc_16","cparam":null,"iid":"1kihxey","itemMarks":"1711","itemType":10,"leftbottom_taglist":[],"lefttop_taglist":[],"link":"http://item.meilishuo.com/h5/detail/1kihxey?acm=3.ms.0_4_1kihxey.0.13384-69004.s026ur4QK5gf1.t_-sd_117-lc_16","orgPrice":"\uffe557.00","popularStar":0,"price":"57.00","props":["2018\u6625\u79cb\u5b63\u65b0\u6b3e\u97e9\u7248\u767e\u642d\u8fde\u5e3d\u536b\u8863+\u677e\u7d27\u8170\u957f\u88e4\u65f6\u5c1a\u8fd0\u52a8\u5957\u88c5\u4e24\u4ef6\u5957\u5973\u5b66\u751f"],"ptpC":"_mb_mls_10057922_wap-index_noab-noab","sale":3901,"shopId":1302408860,"show":{"h":416,"img":"http://s11.mogucdn.com/mlcdn/c45406/170823_0d997dch3jkl8ed225ejbba76j2lf_640x832.jpg_320x999.jpg","w":320},"showLarge":{"h":728,"img":"http://s3.mogucdn.com/mlcdn/c45406/170823_0d997dch3jkl8ed225ejbba76j2lf_640x832.jpg_560x999.jpg","w":560},"title":"2018\u6625\u79cb\u5b63\u65b0\u6b3e\u97e9\u7248\u767e\u642d\u8fde\u5e3d\u536b\u8863+\u677e\u7d27\u8170\u957f\u88e4\u65f6\u5c1a\u8fd0\u52a8\u5957\u88c5\u4e24\u4ef6\u5957\u5973\u5b66\u751f","titleTags":null,"type":2},{"acm":"3.ms.2_1_1m1camo.0.70867-69004.s026ur4QK5gf1.sd_117-c_2_32_376755071_1212066415_7_0-t_-c1_10057922_nil_nil_2_1212066415_20_0-lc_32","cfav":"3961","clientUrl":"http://item.meilishuo.com/h5/detail/1m1camo?acm=3.ms.2_1_1m1camo.0.70867-69004.s026ur4QK5gf1.sd_117-c_2_32_376755071_1212066415_7_0-t_-c1_10057922_nil_nil_2_1212066415_20_0-lc_32&cparam=MTUzODA1MDI0NF8xY2dtYzZ1XzhjNDU1ZWEwOTBhYTE4MzUzNDljNjc4NDRmN2QyZmVmXzMyXzZfMzc2NzU1MDcxXzBfMF83XzBfNTY1XzBfMA==","cparam":"MTUzODA1MDI0NF8xY2dtYzZ1XzhjNDU1ZWEwOTBhYTE4MzUzNDljNjc4NDRmN2QyZmVmXzMyXzZfMzc2NzU1MDcxXzBfMF83XzBfNTY1XzBfMA==","iid":"1m1camo","itemMarks":"1525 352 351","itemType":7,"leftbottom_taglist":[],"lefttop_taglist":[],"link":"http://item.meilishuo.com/h5/detail/1m1camo?acm=3.ms.2_1_1m1camo.0.70867-69004.s026ur4QK5gf1.sd_117-c_2_32_376755071_1212066415_7_0-t_-c1_10057922_nil_nil_2_1212066415_20_0-lc_32&cparam=MTUzODA1MDI0NF8xY2dtYzZ1XzhjNDU1ZWEwOTBhYTE4MzUzNDljNjc4NDRmN2QyZmVmXzMyXzZfMzc2NzU1MDcxXzBfMF83XzBfNTY1XzBfMA==","orgPrice":"\uffe570.00","popularStar":null,"price":"49.00","props":["2018\u6625\u79cb\u5b63\u65b0\u6b3e\u97e9\u7248\u539f\u5bbf\u98ce\u95fa\u871c\u88c5\u5706\u9886\u5957\u5934\u77ed\u8896t\u6064\u5973\u4e2d\u957f\u6b3e\u7eaf\u8272\u767e\u642d\u4e0a\u8863\u5bbd\u677e\u5927\u7801\u5b66\u751f\u534a\u8896\u4f53\u6064"],"ptpC":"_mb_mls_10057922_wap-index_noab-noab","sale":"1532","shopId":"108443","show":{"h":416,"img":"http://s3.mogucdn.com/mlcdn/c45406/180514_104a5k2f09808h371j8b3h299e870_640x960.jpg_320x999.jpg","w":320},"showLarge":{"h":840,"img":"http://s3.mogucdn.com/mlcdn/c45406/180514_104a5k2f09808h371j8b3h299e870_640x960.jpg_560x999.jpg","w":560},"title":"2018\u6625\u79cb\u5b63\u65b0\u6b3e\u97e9\u7248\u539f\u5bbf\u98ce\u95fa\u871c\u88c5\u5706\u9886\u5957\u5934\u77ed\u8896t\u6064\u5973\u4e2d\u957f\u6b3e\u7eaf\u8272\u767e\u642d\u4e0a\u8863\u5bbd\u677e\u5927\u7801\u5b66\u751f\u534a\u8896\u4f53\u6064","titleTags":null,"type":2},{"acm":"3.ms.2_1_1m7kote.0.70867-69004.s026ur4QK5gf1.sd_117-c_2_32_443917446_460484121_8_0-t_-c1_10057922_nil_nil_1_460484121_30_0-lc_32","cfav":"320","clientUrl":"http://item.meilishuo.com/h5/detail/1m7kote?acm=3.ms.2_1_1m7kote.0.70867-69004.s026ur4QK5gf1.sd_117-c_2_32_443917446_460484121_8_0-t_-c1_10057922_nil_nil_1_460484121_30_0-lc_32&cparam=MTUzODA1MDI0NF8xZW9sZHR3XzAxMjQxYzcyMmE0NTI1NmJlZmRhYjMzMWQ1MmNjOGIxXzMyXzdfNDQzOTE3NDQ2XzBfMF84XzBfMTdfMF8w","cparam":"MTUzODA1MDI0NF8xZW9sZHR3XzAxMjQxYzcyMmE0NTI1NmJlZmRhYjMzMWQ1MmNjOGIxXzMyXzdfNDQzOTE3NDQ2XzBfMF84XzBfMTdfMF8w","iid":"1m7kote","itemMarks":"-1","itemType":7,"leftbottom_taglist":[],"lefttop_taglist":[],"link":"http://item.meilishuo.com/h5/detail/1m7kote?acm=3.ms.2_1_1m7kote.0.70867-69004.s026ur4QK5gf1.sd_117-c_2_32_443917446_460484121_8_0-t_-c1_10057922_nil_nil_1_460484121_30_0-lc_32&cparam=MTUzODA1MDI0NF8xZW9sZHR3XzAxMjQxYzcyMmE0NTI1NmJlZmRhYjMzMWQ1MmNjOGIxXzMyXzdfNDQzOTE3NDQ2XzBfMF84XzBfMTdfMF8w","orgPrice":"\uffe540.00","popularStar":null,"price":"40.00","props":["\u6625\u79cb2018ins\u8d85\u706b\u7684\u65b0\u6b3e\u97e9\u7248\u7b80\u7ea6\u767e\u642d\u5bbd\u677e\u5b57\u6bcd\u5370\u82b1\u957f\u8896T\u6064\u5b66\u751f\u4f11\u95f2\u4f53\u6064\u663e\u7626\u4e0a\u8863\u6f6e"],"ptpC":"_mb_mls_10057922_wap-index_noab-noab","sale":"120","shopId":"1302404510","show":{"h":416,"img":"http://s11.mogucdn.com/mlcdn/55cf19/180823_33g37bc72gj20h08ee57c18262iad_640x960.jpg_320x999.jpg","w":320},"showLarge":{"h":840,"img":"http://s11.mogucdn.com/mlcdn/55cf19/180823_33g37bc72gj20h08ee57c18262iad_640x960.jpg_560x999.jpg","w":560},"title":"\u6625\u79cb2018ins\u8d85\u706b\u7684\u65b0\u6b3e\u97e9\u7248\u7b80\u7ea6\u767e\u642d\u5bbd\u677e\u5b57\u6bcd\u5370\u82b1\u957f\u8896T\u6064\u5b66\u751f\u4f11\u95f2\u4f53\u6064\u663e\u7626\u4e0a\u8863\u6f6e","titleTags":null,"type":2},{"acm":"3.ms.0_4_1m8k4ps.0.13384-69004.s026ur4QK5gf1.t_-sd_117-lc_16","cfav":276,"clientUrl":"http://item.meilishuo.com/h5/detail/1m8k4ps?acm=3.ms.0_4_1m8k4ps.0.13384-69004.s026ur4QK5gf1.t_-sd_117-lc_16","cparam":null,"iid":"1m8k4ps","itemMarks":"-1","itemType":10,"leftbottom_taglist":[],"lefttop_taglist":[],"link":"http://item.meilishuo.com/h5/detail/1m8k4ps?acm=3.ms.0_4_1m8k4ps.0.13384-69004.s026ur4QK5gf1.t_-sd_117-lc_16","orgPrice":"\uffe5199.00","popularStar":0,"price":"98.00","props":["\u65f6\u5c1a\u5957\u88c5\u4e24\u4ef6\u59572018\u97e9\u7248\u7f51\u7ea2\u793e\u4f1a\u5bbd\u677e\u8fde\u5e3d\u536b\u8863+\u9ad8\u8170\u663e\u7626\u5f00\u53c9\u534a\u8eab\u88d9\u5b66\u9662\u98ce\u4f11\u95f2\u79cb\u88c5\u5973\u5957\u88c5\u65b0\u6b3e"],"ptpC":"_mb_mls_10057922_wap-index_noab-noab","sale":23765,"shopId":22533618,"show":{"h":416,"img":"http://s11.mogucdn.com/mlcdn/c45406/180914_3aabiea9jgkj2a7hlgfie4011bljj_640x960.jpg_320x999.jpg","w":320},"showLarge":{"h":840,"img":"http://s3.mogucdn.com/mlcdn/c45406/180914_3aabiea9jgkj2a7hlgfie4011bljj_640x960.jpg_560x999.jpg","w":560},"title":"\u65f6\u5c1a\u5957\u88c5\u4e24\u4ef6\u59572018\u97e9\u7248\u7f51\u7ea2\u793e\u4f1a\u5bbd\u677e\u8fde\u5e3d\u536b\u8863+\u9ad8\u8170\u663e\u7626\u5f00\u53c9\u534a\u8eab\u88d9\u5b66\u9662\u98ce\u4f11\u95f2\u79cb\u88c5\u5973\u5957\u88c5\u65b0\u6b3e","titleTags":null,"type":2},{"acm":"3.ms.0_4_1m8ogsc.0.13384-69004.s026ur4QK5gf1.t_-sd_117-lc_16","cfav":162,"clientUrl":"http://item.meilishuo.com/h5/detail/1m8ogsc?acm=3.ms.0_4_1m8ogsc.0.13384-69004.s026ur4QK5gf1.t_-sd_117-lc_16","cparam":null,"iid":"1m8ogsc","itemMarks":"-1","itemType":10,"leftbottom_taglist":[],"lefttop_taglist":[],"link":"http://item.meilishuo.com/h5/detail/1m8ogsc?acm=3.ms.0_4_1m8ogsc.0.13384-69004.s026ur4QK5gf1.t_-sd_117-lc_16","orgPrice":"\uffe5369.00","popularStar":0,"price":"119.00","props":["\u7f51\u7ea2\u540c\u6b3e\u5b9e\u62cd\u79cb\u5b63\u5973\u88c52018\u65b0\u6b3e\u5973\u521d\u604b\u590d\u53e4\u4e2d\u957f\u6b3e\u9488\u7ec7\u8fde\u8863\u88d9\u534a\u8eab\u88d9\u65f6\u5c1a\u5957\u88c5\u4e24\u4ef6\u5957"],"ptpC":"_mb_mls_10057922_wap-index_noab-noab","sale":21355,"shopId":20024660,"show":{"h":416,"img":"http://s11.mogucdn.com/mlcdn/c45406/180917_24666f4kgi486191382ikh2lhc8cg_640x862.jpg_320x999.jpg","w":320},"showLarge":{"h":755,"img":"http://s11.mogucdn.com/mlcdn/c45406/180917_24666f4kgi486191382ikh2lhc8cg_640x862.jpg_560x999.jpg","w":560},"title":"\u7f51\u7ea2\u540c\u6b3e\u5b9e\u62cd\u79cb\u5b63\u5973\u88c52018\u65b0\u6b3e\u5973\u521d\u604b\u590d\u53e4\u4e2d\u957f\u6b3e\u9488\u7ec7\u8fde\u8863\u88d9\u534a\u8eab\u88d9\u65f6\u5c1a\u5957\u88c5\u4e24\u4ef6\u5957","titleTags":null,"type":2},{"acm":"3.ms.2_1_1m8zmoa.0.70867-69004.s026ur4QK5gf1.sd_117-c_2_32_444290750_2042878_9_0-t_-c1_10057922_nil_nil_0_2042878_35_0-lc_32","cfav":"12","clientUrl":"http://item.meilishuo.com/h5/detail/1m8zmoa?acm=3.ms.2_1_1m8zmoa.0.70867-69004.s026ur4QK5gf1.sd_117-c_2_32_444290750_2042878_9_0-t_-c1_10057922_nil_nil_0_2042878_35_0-lc_32&cparam=MTUzODA1MDI0NF8xZXAxZHgwX2I2NTVkODJjOGI1N2Q3ODc1NzBjZmE5MThmMDRjOWNhXzMyXzhfNDQ0MjkwNzUwXzBfMjA0Mjg3OF85XzBfMTk3XzBfMA==","cparam":"MTUzODA1MDI0NF8xZXAxZHgwX2I2NTVkODJjOGI1N2Q3ODc1NzBjZmE5MThmMDRjOWNhXzMyXzhfNDQ0MjkwNzUwXzBfMjA0Mjg3OF85XzBfMTk3XzBfMA==","iid":"1m8zmoa","itemMarks":"352 351","itemType":7,"leftbottom_taglist":[],"lefttop_taglist":[],"link":"http://item.meilishuo.com/h5/detail/1m8zmoa?acm=3.ms.2_1_1m8zmoa.0.70867-69004.s026ur4QK5gf1.sd_117-c_2_32_444290750_2042878_9_0-t_-c1_10057922_nil_nil_0_2042878_35_0-lc_32&cparam=MTUzODA1MDI0NF8xZXAxZHgwX2I2NTVkODJjOGI1N2Q3ODc1NzBjZmE5MThmMDRjOWNhXzMyXzhfNDQ0MjkwNzUwXzBfMjA0Mjg3OF85XzBfMTk3XzBfMA==","orgPrice":"\uffe599.00","popularStar":null,"price":"55.00","props":["\u3010\u79cb\u51ac\u52a0\u539a\u3011\u706f\u82af\u7ed22018\u65b0\u54c1\u767e\u642d\u4f11\u95f2\u88e4\u5973\u97e9\u7248\u6bdb\u5462\u88e4\u5b50\u9ad8\u8170\u663e\u7626\u5bbd\u677e\u4e5d\u5206\u54c8\u4f26\u88e4\u6761\u7eb9\u5927\u7801\u5c0f\u811a\u88e4"],"ptpC":"_mb_mls_10057922_wap-index_noab-noab","sale":"192","shopId":"105980","show":{"h":416,"img":"http://s3.mogucdn.com/mlcdn/17f85e/180927_8b269ca4dgibkck8fj1278a6a2hjf_640x960.jpg_320x999.jpg","w":320},"showLarge":{"h":840,"img":"http://s3.mogucdn.com/mlcdn/17f85e/180927_8b269ca4dgibkck8fj1278a6a2hjf_640x960.jpg_560x999.jpg","w":560},"title":"\u3010\u79cb\u51ac\u52a0\u539a\u3011\u706f\u82af\u7ed22018\u65b0\u54c1\u767e\u642d\u4f11\u95f2\u88e4\u5973\u97e9\u7248\u6bdb\u5462\u88e4\u5b50\u9ad8\u8170\u663e\u7626\u5bbd\u677e\u4e5d\u5206\u54c8\u4f26\u88e4\u6761\u7eb9\u5927\u7801\u5c0f\u811a\u88e4","titleTags":null,"type":2},{"acm":"3.ms.2_1_1m7dvsq.0.70867-69004.s026ur4QK5gf1.sd_117-c_2_32_438963142_459649297_10_0-t_-c1_10057922_nil_nil_1_459649297_30_0-lc_32","cfav":"126","clientUrl":"http://item.meilishuo.com/h5/detail/1m7dvsq?acm=3.ms.2_1_1m7dvsq.0.70867-69004.s026ur4QK5gf1.sd_117-c_2_32_438963142_459649297_10_0-t_-c1_10057922_nil_nil_1_459649297_30_0-lc_32&cparam=MTUzODA1MDI0NF8xZWlwMGFzXzVkZTg3NzlkNWUzMmEwOWMzNjY0ZGU4NDc1YTI1NjE3XzMyXzlfNDM4OTYzMTQyXzBfMF8xMF8wXzI1M18wXzA=","cparam":"MTUzODA1MDI0NF8xZWlwMGFzXzVkZTg3NzlkNWUzMmEwOWMzNjY0ZGU4NDc1YTI1NjE3XzMyXzlfNDM4OTYzMTQyXzBfMF8xMF8wXzI1M18wXzA=","iid":"1m7dvsq","itemMarks":"1525 352 351","itemType":7,"leftbottom_taglist":[],"lefttop_taglist":[],"link":"http://item.meilishuo.com/h5/detail/1m7dvsq?acm=3.ms.2_1_1m7dvsq.0.70867-69004.s026ur4QK5gf1.sd_117-c_2_32_438963142_459649297_10_0-t_-c1_10057922_nil_nil_1_459649297_30_0-lc_32&cparam=MTUzODA1MDI0NF8xZWlwMGFzXzVkZTg3NzlkNWUzMmEwOWMzNjY0ZGU4NDc1YTI1NjE3XzMyXzlfNDM4OTYzMTQyXzBfMF8xMF8wXzI1M18wXzA=","orgPrice":"\uffe555.72","popularStar":null,"price":"39.00","props":["2018\u6625\u79cb\u51ac\u767d\u8272\u4f53\u6064\u5973\u957f\u8896\u5bbd\u677et\u6064\u5973\u6253\u5e95\u886b\u97e9\u7248\u65b0\u6b3e\u5706\u9886\u7eaf\u68c9\u767e\u642d\u4e0a\u8863"],"ptpC":"_mb_mls_10057922_wap-index_noab-noab","sale":"80","shopId":"22051955","show":{"h":416,"img":"http://s3.mogucdn.com/mlcdn/c45406/180818_8fid15g78c3i80854aa6j855hbbcj_640x960.jpg_320x999.jpg","w":320},"showLarge":{"h":840,"img":"http://s3.mogucdn.com/mlcdn/c45406/180818_8fid15g78c3i80854aa6j855hbbcj_640x960.jpg_560x999.jpg","w":560},"title":"2018\u6625\u79cb\u51ac\u767d\u8272\u4f53\u6064\u5973\u957f\u8896\u5bbd\u677et\u6064\u5973\u6253\u5e95\u886b\u97e9\u7248\u65b0\u6b3e\u5706\u9886\u7eaf\u68c9\u767e\u642d\u4e0a\u8863","titleTags":null,"type":2},{"acm":"3.ms.2_1_1m901la.0.70867-69004.s026ur4QK5gf1.sd_117-c_2_32_443337876_0_11_0-t_-c1_10057922_nil_nil_0_0_38_0-lc_32","cfav":"1","clientUrl":"http://item.meilishuo.com/h5/detail/1m901la?acm=3.ms.2_1_1m901la.0.70867-69004.s026ur4QK5gf1.sd_117-c_2_32_443337876_0_11_0-t_-c1_10057922_nil_nil_0_0_38_0-lc_32&cparam=MTUzODA1MDI0NF8xZW53amZrXzIzZWY1YWE4ZDI5Y2ZiOTU0N2ViMzhjMDAwODM2YzQ4XzMyXzEwXzQ0MzMzNzg3Nl8wXzBfMTFfMF85ODFfMF8w","cparam":"MTUzODA1MDI0NF8xZW53amZrXzIzZWY1YWE4ZDI5Y2ZiOTU0N2ViMzhjMDAwODM2YzQ4XzMyXzEwXzQ0MzMzNzg3Nl8wXzBfMTFfMF85ODFfMF8w","iid":"1m901la","itemMarks":"1525","itemType":7,"leftbottom_taglist":[],"lefttop_taglist":[],"link":"http://item.meilishuo.com/h5/detail/1m901la?acm=3.ms.2_1_1m901la.0.70867-69004.s026ur4QK5gf1.sd_117-c_2_32_443337876_0_11_0-t_-c1_10057922_nil_nil_0_0_38_0-lc_32&cparam=MTUzODA1MDI0NF8xZW53amZrXzIzZWY1YWE4ZDI5Y2ZiOTU0N2ViMzhjMDAwODM2YzQ4XzMyXzEwXzQ0MzMzNzg3Nl8wXzBfMTFfMF85ODFfMF8w","orgPrice":"\uffe549.00","popularStar":null,"price":"49.00","props":["\u52a0\u7ed2\u52a0\u539a\u88e4\u5b50\u5973\u79cb\u51ac2018\u65b0\u6b3e\u5b66\u751f\u97e9\u7248\u5bbd\u677e\u663e\u7626\u4f11\u95f2\u54c8\u4f26\u8fd0\u52a8\u536b\u88e4\u79cb"],"ptpC":"_mb_mls_10057922_wap-index_noab-noab","sale":"1","shopId":"1302414647","show":{"h":416,"img":"http://s11.mogucdn.com/mlcdn/55cf19/180925_6bdiibf87e046d836dcjie5l40fk1_641x641.jpg_320x999.jpg","w":320},"showLarge":{"h":560,"img":"http://s11.mogucdn.com/mlcdn/55cf19/180925_6bdiibf87e046d836dcjie5l40fk1_641x641.jpg_560x999.jpg","w":560},"title":"\u52a0\u7ed2\u52a0\u539a\u88e4\u5b50\u5973\u79cb\u51ac2018\u65b0\u6b3e\u5b66\u751f\u97e9\u7248\u5bbd\u677e\u663e\u7626\u4f11\u95f2\u54c8\u4f26\u8fd0\u52a8\u536b\u88e4\u79cb","titleTags":null,"type":2},{"acm":"3.ms.2_1_1lwwv82.0.70867-69004.s026ur4QK5gf1.sd_117-c_2_32_362829383_1168661850_12_0-t_-c1_10057922_nil_nil_2_1168661850_20_0-lc_32","cfav":"6337","clientUrl":"http://item.meilishuo.com/h5/detail/1lwwv82?acm=3.ms.2_1_1lwwv82.0.70867-69004.s026ur4QK5gf1.sd_117-c_2_32_362829383_1168661850_12_0-t_-c1_10057922_nil_nil_2_1168661850_20_0-lc_32&cparam=MTUzODA1MDI0NF8xYzAxZHhpX2Y3M2IzZjFjMzhkZWNmMmQ5Mzg0MGY1ZTM0OWM2OWVjXzMyXzExXzM2MjgyOTM4M18wXzBfMTJfMF81NjVfMF8w","cparam":"MTUzODA1MDI0NF8xYzAxZHhpX2Y3M2IzZjFjMzhkZWNmMmQ5Mzg0MGY1ZTM0OWM2OWVjXzMyXzExXzM2MjgyOTM4M18wXzBfMTJfMF81NjVfMF8w","iid":"1lwwv82","itemMarks":"1525 352 1232 351","itemType":7,"leftbottom_taglist":[],"lefttop_taglist":[],"link":"http://item.meilishuo.com/h5/detail/1lwwv82?acm=3.ms.2_1_1lwwv82.0.70867-69004.s026ur4QK5gf1.sd_117-c_2_32_362829383_1168661850_12_0-t_-c1_10057922_nil_nil_2_1168661850_20_0-lc_32&cparam=MTUzODA1MDI0NF8xYzAxZHhpX2Y3M2IzZjFjMzhkZWNmMmQ5Mzg0MGY1ZTM0OWM2OWVjXzMyXzExXzM2MjgyOTM4M18wXzBfMTJfMF81NjVfMF8w","orgPrice":"\uffe580.00","popularStar":null,"price":"56.00","props":["2018\u65b0\u6b3e\u5973\u88c5\u6625\u88c5\u7b80\u7ea6\u886c\u886b\u5973\u957f\u8896\u96ea\u7eba\u4e0a\u8863\u4fee\u8eab\u6e05\u65b0\u6c14\u8d28\u65f6\u5c1a\u5927\u65b9\u4e2a\u6027\u767e\u642d\u7eaf\u8272\u97e9\u8303\u6253\u5e95\u886c\u8863\u6f6e"],"ptpC":"_mb_mls_10057922_wap-index_noab-noab","sale":"2198","shopId":"108443","show":{"h":416,"img":"http://s11.mogucdn.com/mlcdn/c45406/180519_3a813hd9abgb808kgb2ck3ci1631e_640x960.jpg_320x999.jpg","w":320},"showLarge":{"h":840,"img":"http://s11.mogucdn.com/mlcdn/c45406/180519_3a813hd9abgb808kgb2ck3ci1631e_640x960.jpg_560x999.jpg","w":560},"title":"2018\u65b0\u6b3e\u5973\u88c5\u6625\u88c5\u7b80\u7ea6\u886c\u886b\u5973\u957f\u8896\u96ea\u7eba\u4e0a\u8863\u4fee\u8eab\u6e05\u65b0\u6c14\u8d28\u65f6\u5c1a\u5927\u65b9\u4e2a\u6027\u767e\u642d\u7eaf\u8272\u97e9\u8303\u6253\u5e95\u886c\u8863\u6f6e","titleTags":null,"type":2},{"acm":"3.ms.0_4_1m8jzwo.0.13384-69004.s026ur4QK5gf1.t_-sd_117-lc_16","cfav":173,"clientUrl":"http://item.meilishuo.com/h5/detail/1m8jzwo?acm=3.ms.0_4_1m8jzwo.0.13384-69004.s026ur4QK5gf1.t_-sd_117-lc_16","cparam":null,"iid":"1m8jzwo","itemMarks":"-1","itemType":10,"leftbottom_taglist":[],"lefttop_taglist":[],"link":"http://item.meilishuo.com/h5/detail/1m8jzwo?acm=3.ms.0_4_1m8jzwo.0.13384-69004.s026ur4QK5gf1.t_-sd_117-lc_16","orgPrice":"\uffe578.58","popularStar":0,"price":"55.00","props":["chic\u6e2f\u5473\u79cb\u88c5\u5973\u5957\u88c5\u65b0\u6b3e2018\u97e9\u7248\u683c\u5b50\u897f\u88c5\u5916\u5957+\u663e\u7626\u9ad8\u8170\u7834\u6d1e\u5c0f\u811a\u88e4\u5b66\u9662\u98ce\u65f6\u5c1a\u5957\u88c5\u4e24\u4ef6\u5957"],"ptpC":"_mb_mls_10057922_wap-index_noab-noab","sale":19993,"shopId":22533618,"show":{"h":416,"img":"http://s11.mogucdn.com/mlcdn/c45406/180914_4k0k14g1608gc04k3jh1c6jac47fi_640x960.jpg_320x999.jpg","w":320},"showLarge":{"h":840,"img":"http://s11.mogucdn.com/mlcdn/c45406/180914_4k0k14g1608gc04k3jh1c6jac47fi_640x960.jpg_560x999.jpg","w":560},"title":"chic\u6e2f\u5473\u79cb\u88c5\u5973\u5957\u88c5\u65b0\u6b3e2018\u97e9\u7248\u683c\u5b50\u897f\u88c5\u5916\u5957+\u663e\u7626\u9ad8\u8170\u7834\u6d1e\u5c0f\u811a\u88e4\u5b66\u9662\u98ce\u65f6\u5c1a\u5957\u88c5\u4e24\u4ef6\u5957","titleTags":null,"type":2},{"acm":"3.ms.0_4_1m76l50.0.13384-69004.s026ur4QK5gf1.t_-sd_117-lc_16","cfav":9,"clientUrl":"http://item.meilishuo.com/h5/detail/1m76l50?acm=3.ms.0_4_1m76l50.0.13384-69004.s026ur4QK5gf1.t_-sd_117-lc_16","cparam":null,"iid":"1m76l50","itemMarks":"-1","itemType":10,"leftbottom_taglist":[],"lefttop_taglist":[],"link":"http://item.meilishuo.com/h5/detail/1m76l50?acm=3.ms.0_4_1m76l50.0.13384-69004.s026ur4QK5gf1.t_-sd_117-lc_16","orgPrice":"\uffe5154.29","popularStar":0,"price":"108.00","props":["2018\u79cb\u51ac\u65b0\u6b3eins\u8d85\u706b\u9488\u7ec7\u65f6\u5c1a\u4e24\u4ef6\u5957\u5c0f\u9999\u98ce\u5957\u88c5\u5973"],"ptpC":"_mb_mls_10057922_wap-index_noab-noab","sale":20288,"shopId":1302421618,"show":{"h":416,"img":"http://s3.mogucdn.com/mlcdn/c45406/180815_81dj3id2i70kfeh4eekd94k9ij0k4_640x913.jpg_320x999.jpg","w":320},"showLarge":{"h":799,"img":"http://s3.mogucdn.com/mlcdn/c45406/180815_81dj3id2i70kfeh4eekd94k9ij0k4_640x913.jpg_560x999.jpg","w":560},"title":"2018\u79cb\u51ac\u65b0\u6b3eins\u8d85\u706b\u9488\u7ec7\u65f6\u5c1a\u4e24\u4ef6\u5957\u5c0f\u9999\u98ce\u5957\u88c5\u5973","titleTags":null,"type":2},{"acm":"3.ms.2_1_1m11u6e.0.70867-69004.s026ur4QK5gf1.sd_117-c_2_32_375932268_432541799_13_0-t_-c1_10057922_nil_nil_1_432541799_20_0-lc_32","cfav":"1785","clientUrl":"http://item.meilishuo.com/h5/detail/1m11u6e?acm=3.ms.2_1_1m11u6e.0.70867-69004.s026ur4QK5gf1.sd_117-c_2_32_375932268_432541799_13_0-t_-c1_10057922_nil_nil_1_432541799_20_0-lc_32&cparam=MTUzODA1MDI0NF8xY2ZuMmZrXzIyZTQxNTk2NmQwMDJjMmVkZWNjNGQ3OTJhNzVhNzQ1XzMyXzEyXzM3NTkzMjI2OF8wXzBfMTNfMF81NjVfMF8w","cparam":"MTUzODA1MDI0NF8xY2ZuMmZrXzIyZTQxNTk2NmQwMDJjMmVkZWNjNGQ3OTJhNzVhNzQ1XzMyXzEyXzM3NTkzMjI2OF8wXzBfMTNfMF81NjVfMF8w","iid":"1m11u6e","itemMarks":"1525 352 351","itemType":7,"leftbottom_taglist":[],"lefttop_taglist":[],"link":"http://item.meilishuo.com/h5/detail/1m11u6e?acm=3.ms.2_1_1m11u6e.0.70867-69004.s026ur4QK5gf1.sd_117-c_2_32_375932268_432541799_13_0-t_-c1_10057922_nil_nil_1_432541799_20_0-lc_32&cparam=MTUzODA1MDI0NF8xY2ZuMmZrXzIyZTQxNTk2NmQwMDJjMmVkZWNjNGQ3OTJhNzVhNzQ1XzMyXzEyXzM3NTkzMjI2OF8wXzBfMTNfMF81NjVfMF8w","orgPrice":"\uffe550.00","popularStar":null,"price":"35.00","props":["2018\u6625\u79cb\u5b63\u65b0\u6b3e\u5973\u88c5\u97e9\u7248\u5bbd\u677e\u77ed\u8896t\u6064\u5973chic\u534a\u8896\u6253\u5e95\u6761\u7eb9\u4f53\u6064\u4e0a\u8863"],"ptpC":"_mb_mls_10057922_wap-index_noab-noab","sale":"1323","shopId":"108443","show":{"h":416,"img":"http://s3.mogucdn.com/mlcdn/c45406/180512_8ei0ck7535c2l4dcj96cllieca561_640x960.jpg_320x999.jpg","w":320},"showLarge":{"h":840,"img":"http://s11.mogucdn.com/mlcdn/c45406/180512_8ei0ck7535c2l4dcj96cllieca561_640x960.jpg_560x999.jpg","w":560},"title":"2018\u6625\u79cb\u5b63\u65b0\u6b3e\u5973\u88c5\u97e9\u7248\u5bbd\u677e\u77ed\u8896t\u6064\u5973chic\u534a\u8896\u6253\u5e95\u6761\u7eb9\u4f53\u6064\u4e0a\u8863","titleTags":null,"type":2},{"acm":"3.ms.2_1_1m4xiic.0.70867-69004.s026ur4QK5gf1.sd_117-c_2_32_429458579_2037561_14_0-t_-c1_10057922_nil_nil_0_2037561_30_0-lc_32","cfav":"2489","clientUrl":"http://item.meilishuo.com/h5/detail/1m4xiic?acm=3.ms.2_1_1m4xiic.0.70867-69004.s026ur4QK5gf1.sd_117-c_2_32_429458579_2037561_14_0-t_-c1_10057922_nil_nil_0_2037561_30_0-lc_32&cparam=MTUzODA1MDI0NF8xZTdka3JpXzlkOTUxNDZhMjA1ODE5MDFhODBlNTAzZDdiZWY4NWQ3XzMyXzEzXzQyOTQ1ODU3OV8wXzIwMzc1NjFfMTRfMF84MjlfMF8w","cparam":"MTUzODA1MDI0NF8xZTdka3JpXzlkOTUxNDZhMjA1ODE5MDFhODBlNTAzZDdiZWY4NWQ3XzMyXzEzXzQyOTQ1ODU3OV8wXzIwMzc1NjFfMTRfMF84MjlfMF8w","iid":"1m4xiic","itemMarks":"1525 352 1990 82 61 351","itemType":7,"leftbottom_taglist":[],"lefttop_taglist":[],"link":"http://item.meilishuo.com/h5/detail/1m4xiic?acm=3.ms.2_1_1m4xiic.0.70867-69004.s026ur4QK5gf1.sd_117-c_2_32_429458579_2037561_14_0-t_-c1_10057922_nil_nil_0_2037561_30_0-lc_32&cparam=MTUzODA1MDI0NF8xZTdka3JpXzlkOTUxNDZhMjA1ODE5MDFhODBlNTAzZDdiZWY4NWQ3XzMyXzEzXzQyOTQ1ODU3OV8wXzIwMzc1NjFfMTRfMF84MjlfMF8w","orgPrice":"\uffe569.00","popularStar":null,"price":"38.50","props":["\u3010\u4ef2\u964c\u7f8e\u30112018\u6625\u79cb\u5b63\u65b0\u6b3e\u539f\u5bbf\u98ce\u957f\u8896T\u6064\u5973bf\u6f6e\u5b66\u751f\u97e9\u7248\u62fc\u63a5\u767d\u8272\u590d\u53e4\u6e2f\u5473\u5bbd\u677e\u767e\u642d\u4e0a\u8863\u6253\u5e95"],"ptpC":"_mb_mls_10057922_wap-index_noab-noab","sale":"1577","shopId":"20261545","show":{"h":416,"img":"http://s11.mogucdn.com/mlcdn/17f85e/180914_5k7kk2b8hi6id118lighj6i82730g_640x960.jpg_320x999.jpg","w":320},"showLarge":{"h":840,"img":"http://s3.mogucdn.com/mlcdn/17f85e/180914_5k7kk2b8hi6id118lighj6i82730g_640x960.jpg_560x999.jpg","w":560},"title":"\u3010\u4ef2\u964c\u7f8e\u30112018\u6625\u79cb\u5b63\u65b0\u6b3e\u539f\u5bbf\u98ce\u957f\u8896T\u6064\u5973bf\u6f6e\u5b66\u751f\u97e9\u7248\u62fc\u63a5\u767d\u8272\u590d\u53e4\u6e2f\u5473\u5bbd\u677e\u767e\u642d\u4e0a\u8863\u6253\u5e95","titleTags":null,"type":2},{"acm":"3.ms.0_4_1m6zb50.0.13384-69004.s026ur4QK5gf1.t_-sd_117-lc_16","cfav":5,"clientUrl":"http://item.meilishuo.com/h5/detail/1m6zb50?acm=3.ms.0_4_1m6zb50.0.13384-69004.s026ur4QK5gf1.t_-sd_117-lc_16","cparam":null,"iid":"1m6zb50","itemMarks":"-1","itemType":10,"leftbottom_taglist":[],"lefttop_taglist":[],"link":"http://item.meilishuo.com/h5/detail/1m6zb50?acm=3.ms.0_4_1m6zb50.0.13384-69004.s026ur4QK5gf1.t_-sd_117-lc_16","orgPrice":"\uffe5127.15","popularStar":0,"price":"89.00","props":["\u7f51\u7ea2\u540c\u6b3e2018\u79cb\u5b63\u65b0\u6b3e\u6175\u61d2\u98ce\u7a7a\u8c03\u886b\u9488\u7ec7\u5f00\u886b+\u9488\u7ec7\u534a\u8eab\u88d9\u65f6\u5c1a\u5957\u88c5"],"ptpC":"_mb_mls_10057922_wap-index_noab-noab","sale":20230,"shopId":1302421618,"show":{"h":416,"img":"http://s11.mogucdn.com/mlcdn/c45406/180808_0312e2cd957g59610k88091621gf2_640x954.jpg_320x999.jpg","w":320},"showLarge":{"h":835,"img":"http://s11.mogucdn.com/mlcdn/c45406/180808_0312e2cd957g59610k88091621gf2_640x954.jpg_560x999.jpg","w":560},"title":"\u7f51\u7ea2\u540c\u6b3e2018\u79cb\u5b63\u65b0\u6b3e\u6175\u61d2\u98ce\u7a7a\u8c03\u886b\u9488\u7ec7\u5f00\u886b+\u9488\u7ec7\u534a\u8eab\u88d9\u65f6\u5c1a\u5957\u88c5","titleTags":null,"type":2},{"acm":"3.ms.0_4_1m8loki.0.13384-69004.s026ur4QK5gf1.t_-sd_117-lc_16","cfav":151,"clientUrl":"http://item.meilishuo.com/h5/detail/1m8loki?acm=3.ms.0_4_1m8loki.0.13384-69004.s026ur4QK5gf1.t_-sd_117-lc_16","cparam":null,"iid":"1m8loki","itemMarks":"-1","itemType":10,"leftbottom_taglist":[],"lefttop_taglist":[],"link":"http://item.meilishuo.com/h5/detail/1m8loki?acm=3.ms.0_4_1m8loki.0.13384-69004.s026ur4QK5gf1.t_-sd_117-lc_16","orgPrice":"\uffe5168.00","popularStar":0,"price":"54.00","props":["\u4e2d\u957f\u6b3e\u957f\u8896\u8fde\u8863\u88d9\u79cb\u88c5\u65b0\u6b3e2018\u97e9\u7248\u4f11\u95f2\u80d6mm\u5927\u7801\u5973\u88c5\u88d9\u5b50\u5973\u5b66\u751f\u5bbd\u677e\u677e\u57ae\u57ae\u4e2d\u957f\u6b3e\u536b\u8863\u88d9\u5916\u5957"],"ptpC":"_mb_mls_10057922_wap-index_noab-noab","sale":19043,"shopId":22533618,"show":{"h":416,"img":"http://s11.mogucdn.com/mlcdn/c45406/180916_4di1ek7k3kha3klk02185678b025d_640x960.jpg_320x999.jpg","w":320},"showLarge":{"h":840,"img":"http://s3.mogucdn.com/mlcdn/c45406/180916_4di1ek7k3kha3klk02185678b025d_640x960.jpg_560x999.jpg","w":560},"title":"\u4e2d\u957f\u6b3e\u957f\u8896\u8fde\u8863\u88d9\u79cb\u88c5\u65b0\u6b3e2018\u97e9\u7248\u4f11\u95f2\u80d6mm\u5927\u7801\u5973\u88c5\u88d9\u5b50\u5973\u5b66\u751f\u5bbd\u677e\u677e\u57ae\u57ae\u4e2d\u957f\u6b3e\u536b\u8863\u88d9\u5916\u5957","titleTags":null,"type":2},{"acm":"3.ms.2_1_1lvf1qw.0.70867-69004.s026ur4QK5gf1.sd_117-c_2_32_352660870_0_15_0-t_-c1_10057922_nil_nil_0_0_30_0-lc_32","cfav":"3658","clientUrl":"http://item.meilishuo.com/h5/detail/1lvf1qw?acm=3.ms.2_1_1lvf1qw.0.70867-69004.s026ur4QK5gf1.sd_117-c_2_32_352660870_0_15_0-t_-c1_10057922_nil_nil_0_0_30_0-lc_32&cparam=MTUzODA1MDI0NF8xYm54aHM0XzEzMzFiNTg4NjZkYjc1ZWExY2M5ZThmMDM2MzllYzBmXzMyXzE0XzM1MjY2MDg3MF8wXzBfMTVfMF85MDdfMF8w","cparam":"MTUzODA1MDI0NF8xYm54aHM0XzEzMzFiNTg4NjZkYjc1ZWExY2M5ZThmMDM2MzllYzBmXzMyXzE0XzM1MjY2MDg3MF8wXzBfMTVfMF85MDdfMF8w","iid":"1lvf1qw","itemMarks":"1525 1907","itemType":7,"leftbottom_taglist":[],"lefttop_taglist":[],"link":"http://item.meilishuo.com/h5/detail/1lvf1qw?acm=3.ms.2_1_1lvf1qw.0.70867-69004.s026ur4QK5gf1.sd_117-c_2_32_352660870_0_15_0-t_-c1_10057922_nil_nil_0_0_30_0-lc_32&cparam=MTUzODA1MDI0NF8xYm54aHM0XzEzMzFiNTg4NjZkYjc1ZWExY2M5ZThmMDM2MzllYzBmXzMyXzE0XzM1MjY2MDg3MF8wXzBfMTVfMF85MDdfMF8w","orgPrice":"\uffe552.00","popularStar":null,"price":"52.00","props":["\u957f\u8896/\u77ed\u8896T\u6064\u59732018\u65b0\u6b3e\u68c9\u8d28\u5b66\u751f\u5bbd\u677e\u97e9\u7248\u590f\u5b63\u53ef\u7231\u5361\u901a\u732b\u54aa\u5370\u82b1\u7eaf\u8272\u767e\u642d\u6253\u5e95\u886b\u4e0a\u8863\u5973\u6f6e"],"ptpC":"_mb_mls_10057922_wap-index_noab-noab","sale":"1856","shopId":"1302406937","show":{"h":416,"img":"http://s11.mogucdn.com/mlcdn/c45406/180423_54e410ebffkj73cah5e513584b5fb_800x800.jpg_320x999.jpg","w":320},"showLarge":{"h":560,"img":"http://s11.mogucdn.com/mlcdn/c45406/180423_54e410ebffkj73cah5e513584b5fb_800x800.jpg_560x999.jpg","w":560},"title":"\u957f\u8896/\u77ed\u8896T\u6064\u59732018\u65b0\u6b3e\u68c9\u8d28\u5b66\u751f\u5bbd\u677e\u97e9\u7248\u590f\u5b63\u53ef\u7231\u5361\u901a\u732b\u54aa\u5370\u82b1\u7eaf\u8272\u767e\u642d\u6253\u5e95\u886b\u4e0a\u8863\u5973\u6f6e","titleTags":null,"type":2},{"acm":"3.ms.2_1_1m4mqlm.0.70867-69004.s026ur4QK5gf1.sd_117-c_2_32_404067580_447675166_16_0-t_-c1_10057922_nil_nil_1_447675166_30_0-lc_32","cfav":"68","clientUrl":"http://item.meilishuo.com/h5/detail/1m4mqlm?acm=3.ms.2_1_1m4mqlm.0.70867-69004.s026ur4QK5gf1.sd_117-c_2_32_404067580_447675166_16_0-t_-c1_10057922_nil_nil_1_447675166_30_0-lc_32&cparam=MTUzODA1MDI0NF8xZGQ1NTRnXzNmZjExYTAyOTMwNjYwYTAyMWY2YzdjZTUxZTNmOWI0XzMyXzE1XzQwNDA2NzU4MF8wXzBfMTZfMF84OTFfMF8w","cparam":"MTUzODA1MDI0NF8xZGQ1NTRnXzNmZjExYTAyOTMwNjYwYTAyMWY2YzdjZTUxZTNmOWI0XzMyXzE1XzQwNDA2NzU4MF8wXzBfMTZfMF84OTFfMF8w","iid":"1m4mqlm","itemMarks":"-1","itemType":7,"leftbottom_taglist":[],"lefttop_taglist":[],"link":"http://item.meilishuo.com/h5/detail/1m4mqlm?acm=3.ms.2_1_1m4mqlm.0.70867-69004.s026ur4QK5gf1.sd_117-c_2_32_404067580_447675166_16_0-t_-c1_10057922_nil_nil_1_447675166_30_0-lc_32&cparam=MTUzODA1MDI0NF8xZGQ1NTRnXzNmZjExYTAyOTMwNjYwYTAyMWY2YzdjZTUxZTNmOWI0XzMyXzE1XzQwNDA2NzU4MF8wXzBfMTZfMF84OTFfMF8w","orgPrice":"\uffe570.00","popularStar":null,"price":"70.00","props":["2018\u590f\u5b63\u65b0\u6b3e\u97e9\u7248\u5bbd\u677e\u65e0\u8896\u77ed\u6b3e\u540a\u5e26\u80cc\u5fc3\u5973\u5b66\u751f\u5916\u7a7f\u6e05\u65b0\u6253\u5e95\u96ea\u7eba\u4e0a\u8863\u6f6e"],"ptpC":"_mb_mls_10057922_wap-index_noab-noab","sale":"125","shopId":"1302437061","show":{"h":416,"img":"http://s3.mogucdn.com/mlcdn/c45406/180621_6276g6e01jcl5jh9jjj2i3gl8ciia_640x960.jpg_320x999.jpg","w":320},"showLarge":{"h":840,"img":"http://s3.mogucdn.com/mlcdn/c45406/180621_6276g6e01jcl5jh9jjj2i3gl8ciia_640x960.jpg_560x999.jpg","w":560},"title":"2018\u590f\u5b63\u65b0\u6b3e\u97e9\u7248\u5bbd\u677e\u65e0\u8896\u77ed\u6b3e\u540a\u5e26\u80cc\u5fc3\u5973\u5b66\u751f\u5916\u7a7f\u6e05\u65b0\u6253\u5e95\u96ea\u7eba\u4e0a\u8863\u6f6e","titleTags":null,"type":2},{"acm":"3.ms.2_1_1lrxzfw.0.70867-69004.s026ur4QK5gf1.sd_117-c_2_32_355439477_1289053889_17_0-t_-c1_10057922_nil_nil_2_1289053889_30_0-lc_32","cfav":"7511","clientUrl":"http://item.meilishuo.com/h5/detail/1lrxzfw?acm=3.ms.2_1_1lrxzfw.0.70867-69004.s026ur4QK5gf1.sd_117-c_2_32_355439477_1289053889_17_0-t_-c1_10057922_nil_nil_2_1289053889_30_0-lc_32&cparam=MTUzODA1MDI0NF8xYnI4bHI2XzEwZjU2OTYwYmJmNGNlNGMyZDczYWViYWU2MWY5M2JlXzMyXzE2XzM1NTQzOTQ3N18wXzBfMTdfMF8xMDNfMF8w","cparam":"MTUzODA1MDI0NF8xYnI4bHI2XzEwZjU2OTYwYmJmNGNlNGMyZDczYWViYWU2MWY5M2JlXzMyXzE2XzM1NTQzOTQ3N18wXzBfMTdfMF8xMDNfMF8w","iid":"1lrxzfw","itemMarks":"1525 82","itemType":7,"leftbottom_taglist":[],"lefttop_taglist":[],"link":"http://item.meilishuo.com/h5/detail/1lrxzfw?acm=3.ms.2_1_1lrxzfw.0.70867-69004.s026ur4QK5gf1.sd_117-c_2_32_355439477_1289053889_17_0-t_-c1_10057922_nil_nil_2_1289053889_30_0-lc_32&cparam=MTUzODA1MDI0NF8xYnI4bHI2XzEwZjU2OTYwYmJmNGNlNGMyZDczYWViYWU2MWY5M2JlXzMyXzE2XzM1NTQzOTQ3N18wXzBfMTdfMF8xMDNfMF8w","orgPrice":"\uffe556.00","popularStar":null,"price":"39.00","props":["\u3010\u4e24\u4ef659\u5143\u3011\u3010 \u964d\u4ef7\u5566\uff01\u3011\u77ed\u8896t\u6064\u59732018\u590f\u88c5\u65b0\u6b3e\u97e9\u7248\u6f6e\u5bbd\u677e\u767e\u642d\u5b66\u751f\u4f11\u95f2\u4e0a\u8863"],"ptpC":"_mb_mls_10057922_wap-index_noab-noab","sale":"1323","shopId":"1302412599","show":{"h":416,"img":"http://s11.mogucdn.com/mlcdn/c45406/180827_2783jag38806j2230eh6g8lb6b8cl_640x960.jpg_320x999.jpg","w":320},"showLarge":{"h":840,"img":"http://s11.mogucdn.com/mlcdn/c45406/180827_2783jag38806j2230eh6g8lb6b8cl_640x960.jpg_560x999.jpg","w":560},"title":"\u3010\u4e24\u4ef659\u5143\u3011\u3010 \u964d\u4ef7\u5566\uff01\u3011\u77ed\u8896t\u6064\u59732018\u590f\u88c5\u65b0\u6b3e\u97e9\u7248\u6f6e\u5bbd\u677e\u767e\u642d\u5b66\u751f\u4f11\u95f2\u4e0a\u8863","titleTags":null,"type":2},{"acm":"3.ms.2_1_1m4jogi.0.70867-69004.s026ur4QK5gf1.sd_117-c_2_32_401464435_447260077_18_0-t_-c1_10057922_nil_nil_1_447260077_32_0-lc_32","cfav":"969","clientUrl":"http://item.meilishuo.com/h5/detail/1m4jogi?acm=3.ms.2_1_1m4jogi.0.70867-69004.s026ur4QK5gf1.sd_117-c_2_32_401464435_447260077_18_0-t_-c1_10057922_nil_nil_1_447260077_32_0-lc_32&cparam=MTUzODA1MDI0NF8xZGExanhhXzJhZmQ4Mzg5ZjM5MWRkMjQxMmVhMmM0MWVkYmM3NjYyXzMyXzE3XzQwMTQ2NDQzNV8wXzBfMThfMF81MzhfMF8w","cparam":"MTUzODA1MDI0NF8xZGExanhhXzJhZmQ4Mzg5ZjM5MWRkMjQxMmVhMmM0MWVkYmM3NjYyXzMyXzE3XzQwMTQ2NDQzNV8wXzBfMThfMF81MzhfMF8w","iid":"1m4jogi","itemMarks":"1525","itemType":7,"leftbottom_taglist":[],"lefttop_taglist":[],"link":"http://item.meilishuo.com/h5/detail/1m4jogi?acm=3.ms.2_1_1m4jogi.0.70867-69004.s026ur4QK5gf1.sd_117-c_2_32_401464435_447260077_18_0-t_-c1_10057922_nil_nil_1_447260077_32_0-lc_32&cparam=MTUzODA1MDI0NF8xZGExanhhXzJhZmQ4Mzg5ZjM5MWRkMjQxMmVhMmM0MWVkYmM3NjYyXzMyXzE3XzQwMTQ2NDQzNV8wXzBfMThfMF81MzhfMF8w","orgPrice":"\uffe550.00","popularStar":null,"price":"50.00","props":["2018\u590f\u88c5\u65b0\u6b3e\u97e9\u8303t\u6064\u5973\u77ed\u8896\u5bbd\u677e\u767e\u642d\u97e9\u7248\u5b66\u751f\u534a\u8896ins\u8d85\u706b\u7684\u4e0a\u8863\u4f53\u4f90\u6f6e"],"ptpC":"_mb_mls_10057922_wap-index_noab-noab","sale":"649","shopId":"1302408692","show":{"h":416,"img":"http://s11.mogucdn.com/mlcdn/55cf19/180620_7khjbgkb10kh1g588238i1hhi17gg_640x960.jpg_320x999.jpg","w":320},"showLarge":{"h":840,"img":"http://s11.mogucdn.com/mlcdn/55cf19/180620_7khjbgkb10kh1g588238i1hhi17gg_640x960.jpg_560x999.jpg","w":560},"title":"2018\u590f\u88c5\u65b0\u6b3e\u97e9\u8303t\u6064\u5973\u77ed\u8896\u5bbd\u677e\u767e\u642d\u97e9\u7248\u5b66\u751f\u534a\u8896ins\u8d85\u706b\u7684\u4e0a\u8863\u4f53\u4f90\u6f6e","titleTags":null,"type":2}],"page":1,"param":{"_mgjuuid":"977bbfe1-f9ab-4f86-a905-914889777c3e","cKey":"wap-index","cpcEventId":70005,"cpc_offset":0,"eventId":70003,"fcid":"10057922","page":"1","ptpPartC":"_mb_mls_10057922_wap-index_noab-noab","ptpWallCpc":"_wall_cpc","ptpWallDoc":"_wall_docs","section":"0","sort":"pop"},"ptpPartC":"_mb_mls_10057922_wap-index_noab-noab","sort":"pop","title":"\u7f8e\u4e3d\u8bf4wap\u9996\u9875","total":40935},"returnCode":"1001","returnMessage":null,"success":true}
