{"data":{"cpc_offset":0,"filter":{"list":[{"fcid":"10057922","sort":"pop","style":null,"title":"\u6d41\u884c","type":"sort"},{"fcid":"10057922","sort":"sell","style":null,"title":"\u70ed\u9500","type":"sort"},{"fcid":"10057922","sort":"new","style":null,"title":"\u4e0a\u65b0","type":"sort"}],"title":"\u7f8e\u4e3d\u8bf4wap\u9996\u9875"},"isEnd":false,"list":[{"acm":"3.ms.0_4_1m7bghs.0.53971-69004.ni0a4r4QKP4wb.t_-sd_117-lc_16","cfav":10,"clientUrl":"http://item.meilishuo.com/h5/detail/1m7bghs?acm=3.ms.0_4_1m7bghs.0.53971-69004.ni0a4r4QKP4wb.t_-sd_117-lc_16","cparam":null,"iid":"1m7bghs","itemMarks":"1232","itemType":10,"leftbottom_taglist":[],"lefttop_taglist":[],"link":"http://item.meilishuo.com/h5/detail/1m7bghs?acm=3.ms.0_4_1m7bghs.0.53971-69004.ni0a4r4QKP4wb.t_-sd_117-lc_16","orgPrice":"\uffe5414.00","popularStar":0,"price":"414.00","props":["2018\u79cb\u88c5\u65b0\u6b3e\u65f6\u5c1a\u9ad8\u9886\u6536\u8170\u663e\u7626\u9488\u7ec7\u8fde\u8863\u88d9\u4e2d\u957f\u6b3e\u6bdb\u8863\u88d9\u957f\u6b3e"],"ptpC":"_mb_mls_10057922_wap-index_noab-noab","sale":2155,"shopId":1300941945,"show":{"h":416,"img":"http://s11.mogucdn.com/mlcdn/55cf19/180816_3905kfkkfg63ja251869ljll7j93h_640x960.jpg_320x999.jpg","w":320},"showLarge":{"h":840,"img":"http://s11.mogucdn.com/mlcdn/55cf19/180816_3905kfkkfg63ja251869ljll7j93h_640x960.jpg_560x999.jpg","w":560},"title":"2018\u79cb\u88c5\u65b0\u6b3e\u65f6\u5c1a\u9ad8\u9886\u6536\u8170\u663e\u7626\u9488\u7ec7\u8fde\u8863\u88d9\u4e2d\u957f\u6b3e\u6bdb\u8863\u88d9\u957f\u6b3e","titleTags":null,"type":2},{"acm":"3.ms.0_4_1m769vs.0.53971-69004.ni0a4r4QKP4wb.t_-sd_117-lc_16","cfav":7,"clientUrl":"http://item.meilishuo.com/h5/detail/1m769vs?acm=3.ms.0_4_1m769vs.0.53971-69004.ni0a4r4QKP4wb.t_-sd_117-lc_16","cparam":null,"iid":"1m769vs","itemMarks":"353 181","itemType":10,"leftbottom_taglist":[],"lefttop_taglist":[],"link":"http://item.meilishuo.com/h5/detail/1m769vs?acm=3.ms.0_4_1m769vs.0.53971-69004.ni0a4r4QKP4wb.t_-sd_117-lc_16","orgPrice":"\uffe599.00","popularStar":0,"price":"69.30","props":["2018\u79cb\u5b63\u65b0\u6b3e\u65f6\u5c1a\u5957\u88c5\u5bbd\u677eBF\u98ce\u5b66\u751f\u683c\u5b50\u957f\u8896\u886c\u886b\u5973\u4e0a\u8863+\u97e9\u7248\u767e\u642d\u5b66\u9662\u98ce\u725b\u4ed4\u80cc\u5e26\u88e4\u5973\u4e24\u4ef6\u5957"],"ptpC":"_mb_mls_10057922_wap-index_noab-noab","sale":1673,"shopId":21920492,"show":{"h":416,"img":"http://s3.mogucdn.com/mlcdn/c45406/180812_5ejaf15h8i9182c1765lbf6464d8h_640x960.jpg_320x999.jpg","w":320},"showLarge":{"h":840,"img":"http://s11.mogucdn.com/mlcdn/c45406/180812_5ejaf15h8i9182c1765lbf6464d8h_640x960.jpg_560x999.jpg","w":560},"title":"2018\u79cb\u5b63\u65b0\u6b3e\u65f6\u5c1a\u5957\u88c5\u5bbd\u677eBF\u98ce\u5b66\u751f\u683c\u5b50\u957f\u8896\u886c\u886b\u5973\u4e0a\u8863+\u97e9\u7248\u767e\u642d\u5b66\u9662\u98ce\u725b\u4ed4\u80cc\u5e26\u88e4\u5973\u4e24\u4ef6\u5957","titleTags":null,"type":2},{"acm":"3.ms.2_1_1m4lame.0.70867-69004.ni0a4r4QKP4wb.sd_117-c_2_32_405422112_1254233147_19_0-t_-c1_10057922_nil_nil_2_1254233147_20_0-lc_32","cfav":"2017","clientUrl":"http://item.meilishuo.com/h5/detail/1m4lame?acm=3.ms.2_1_1m4lame.0.70867-69004.ni0a4r4QKP4wb.sd_117-c_2_32_405422112_1254233147_19_0-t_-c1_10057922_nil_nil_2_1254233147_20_0-lc_32&cparam=MTUzODA1MDQyMV8xZGVyN2c4X2Q3OTdlNDBjN2EzMmZmYzRjNmVlYmE2YmQzYjJmY2QzXzMyXzBfNDA1NDIyMTEyXzBfMF8xOV8wXzc5OF8wXzA=","cparam":"MTUzODA1MDQyMV8xZGVyN2c4X2Q3OTdlNDBjN2EzMmZmYzRjNmVlYmE2YmQzYjJmY2QzXzMyXzBfNDA1NDIyMTEyXzBfMF8xOV8wXzc5OF8wXzA=","iid":"1m4lame","itemMarks":"1525","itemType":7,"leftbottom_taglist":["http://s2.mogucdn.com/p2/170307/1_53je1gbj88bjheidae4al1le4h94i_60x28.png"],"lefttop_taglist":[],"link":"http://item.meilishuo.com/h5/detail/1m4lame?acm=3.ms.2_1_1m4lame.0.70867-69004.ni0a4r4QKP4wb.sd_117-c_2_32_405422112_1254233147_19_0-t_-c1_10057922_nil_nil_2_1254233147_20_0-lc_32&cparam=MTUzODA1MDQyMV8xZGVyN2c4X2Q3OTdlNDBjN2EzMmZmYzRjNmVlYmE2YmQzYjJmY2QzXzMyXzBfNDA1NDIyMTEyXzBfMF8xOV8wXzc5OF8wXzA=","orgPrice":"\uffe557.00","popularStar":null,"price":"39.90","props":["\u9001\u8fd0\u8d39\u9669\u77ed\u8896t\u6064\u59732018\u590f\u5b63\u65b0\u6b3e\u5973\u88c5\u97e9\u7248\u65f6\u5c1a\u6c14\u8d28\u767e\u642dulzzang\u5b66\u751f\u767e\u642d\u5c0f\u5fc3\u673a\u7eaf\u8272\u4e0a\u8863"],"ptpC":"_mb_mls_10057922_wap-index_noab-noab","sale":"1300","shopId":"110697","show":{"h":416,"img":"http://s3.mogucdn.com/mlcdn/c45406/180621_6hk40gb5d4a1f4il81l981g211792_640x960.jpg_320x999.jpg","w":320},"showLarge":{"h":840,"img":"http://s3.mogucdn.com/mlcdn/c45406/180621_6hk40gb5d4a1f4il81l981g211792_640x960.jpg_560x999.jpg","w":560},"title":"\u9001\u8fd0\u8d39\u9669\u77ed\u8896t\u6064\u59732018\u590f\u5b63\u65b0\u6b3e\u5973\u88c5\u97e9\u7248\u65f6\u5c1a\u6c14\u8d28\u767e\u642dulzzang\u5b66\u751f\u767e\u642d\u5c0f\u5fc3\u673a\u7eaf\u8272\u4e0a\u8863","titleTags":null,"type":2},{"acm":"3.ms.2_1_1m7oiw6.0.70867-69004.ni0a4r4QKP4wb.sd_117-c_2_32_439765350_0_20_0-t_-c1_10057922_nil_nil_0_0_30_0-lc_32","cfav":"134","clientUrl":"http://item.meilishuo.com/h5/detail/1m7oiw6?acm=3.ms.2_1_1m7oiw6.0.70867-69004.ni0a4r4QKP4wb.sd_117-c_2_32_439765350_0_20_0-t_-c1_10057922_nil_nil_0_0_30_0-lc_32&cparam=MTUzODA1MDQyMV8xZWpuZTl3XzljMzgwYzZlMTdhMWMxODNjN2FhOTUwYWFiOGIyMThkXzMyXzFfNDM5NzY1MzUwXzBfMF8yMF8wXzU0OF8wXzA=","cparam":"MTUzODA1MDQyMV8xZWpuZTl3XzljMzgwYzZlMTdhMWMxODNjN2FhOTUwYWFiOGIyMThkXzMyXzFfNDM5NzY1MzUwXzBfMF8yMF8wXzU0OF8wXzA=","iid":"1m7oiw6","itemMarks":"1525","itemType":7,"leftbottom_taglist":["http://s2.mogucdn.com/p2/170307/1_5k6k8eiffl43633479294a49f8gci_60x28.png"],"lefttop_taglist":[],"link":"http://item.meilishuo.com/h5/detail/1m7oiw6?acm=3.ms.2_1_1m7oiw6.0.70867-69004.ni0a4r4QKP4wb.sd_117-c_2_32_439765350_0_20_0-t_-c1_10057922_nil_nil_0_0_30_0-lc_32&cparam=MTUzODA1MDQyMV8xZWpuZTl3XzljMzgwYzZlMTdhMWMxODNjN2FhOTUwYWFiOGIyMThkXzMyXzFfNDM5NzY1MzUwXzBfMF8yMF8wXzU0OF8wXzA=","orgPrice":"\uffe569.90","popularStar":null,"price":"69.90","props":["\u88e4\u5b50\u5973\u9614\u817f\u88e4\u6625\u79cb2018\u65b0\u6b3e\u6bdb\u5462\u88e4\u4e5d\u5206\u88e4\u6e2f\u5473\u6f6e\u5973\u88e4\u7529\u817f\u88e4\u5973\u58eb\u88e4\u5b50"],"ptpC":"_mb_mls_10057922_wap-index_noab-noab","sale":"48","shopId":"21905564","show":{"h":416,"img":"http://s3.mogucdn.com/mlcdn/c45406/180826_5708i53lg6ifcgd7402ieg99ab77b_640x640.jpg_320x999.jpg","w":320},"showLarge":{"h":560,"img":"http://s11.mogucdn.com/mlcdn/c45406/180826_5708i53lg6ifcgd7402ieg99ab77b_640x640.jpg_560x999.jpg","w":560},"title":"\u88e4\u5b50\u5973\u9614\u817f\u88e4\u6625\u79cb2018\u65b0\u6b3e\u6bdb\u5462\u88e4\u4e5d\u5206\u88e4\u6e2f\u5473\u6f6e\u5973\u88e4\u7529\u817f\u88e4\u5973\u58eb\u88e4\u5b50","titleTags":null,"type":2},{"acm":"3.ms.0_4_1m8373c.0.53971-69004.ni0a4r4QKP4wb.t_-sd_117-lc_16","cfav":111,"clientUrl":"http://item.meilishuo.com/h5/detail/1m8373c?acm=3.ms.0_4_1m8373c.0.53971-69004.ni0a4r4QKP4wb.t_-sd_117-lc_16","cparam":null,"iid":"1m8373c","itemMarks":"353 181","itemType":10,"leftbottom_taglist":[],"lefttop_taglist":[],"link":"http://item.meilishuo.com/h5/detail/1m8373c?acm=3.ms.0_4_1m8373c.0.53971-69004.ni0a4r4QKP4wb.t_-sd_117-lc_16","orgPrice":"\uffe5179.00","popularStar":0,"price":"69.00","props":["\u665a\u665a\u98ce\u9ed1\u8272\u8fde\u8863\u88d92018\u79cb\u88c5\u65b0\u6b3e\u5973\u88c5\u97e9\u7248\u663e\u7626\u4e2d\u957f\u6b3eV\u9886A\u5b57\u88d9\u8d6b\u672c\u5c0f\u9ed1\u88d9\u6c14\u8d28\u767e\u642d\u4e2d\u957f\u6b3e\u8fde\u8863\u88d9"],"ptpC":"_mb_mls_10057922_wap-index_noab-noab","sale":2348,"shopId":1302412460,"show":{"h":416,"img":"http://s3.mogucdn.com/mlcdn/c45406/180903_61lihh46bg9k4ej5ddia841338284_640x960.jpg_320x999.jpg","w":320},"showLarge":{"h":840,"img":"http://s3.mogucdn.com/mlcdn/c45406/180903_61lihh46bg9k4ej5ddia841338284_640x960.jpg_560x999.jpg","w":560},"title":"\u665a\u665a\u98ce\u9ed1\u8272\u8fde\u8863\u88d92018\u79cb\u88c5\u65b0\u6b3e\u5973\u88c5\u97e9\u7248\u663e\u7626\u4e2d\u957f\u6b3eV\u9886A\u5b57\u88d9\u8d6b\u672c\u5c0f\u9ed1\u88d9\u6c14\u8d28\u767e\u642d\u4e2d\u957f\u6b3e\u8fde\u8863\u88d9","titleTags":null,"type":2},{"acm":"3.ms.0_4_1m8ekkc.0.53971-69004.ni0a4r4QKP4wb.t_-sd_117-lc_16","cfav":2,"clientUrl":"http://item.meilishuo.com/h5/detail/1m8ekkc?acm=3.ms.0_4_1m8ekkc.0.53971-69004.ni0a4r4QKP4wb.t_-sd_117-lc_16","cparam":null,"iid":"1m8ekkc","itemMarks":"152","itemType":10,"leftbottom_taglist":[],"lefttop_taglist":[],"link":"http://item.meilishuo.com/h5/detail/1m8ekkc?acm=3.ms.0_4_1m8ekkc.0.53971-69004.ni0a4r4QKP4wb.t_-sd_117-lc_16","orgPrice":"\uffe568.58","popularStar":0,"price":"48.00","props":["\u79cb\u5b63\u65b0\u6b3e\u5957\u88c5\u4e24\u4ef6\u5957\u79cb\u88c52018\u65b0\u6b3e\u97e9\u7248chic\u6ce1\u6ce1\u8896\u886c\u886b\u4e0a\u8863+\u9ad8\u8170\u663e\u7626\u725b\u4ed4\u88e4\u5b66\u9662\u98ce\u65f6\u5c1a\u5957\u88c5"],"ptpC":"_mb_mls_10057922_wap-index_noab-noab","sale":17225,"shopId":1302422548,"show":{"h":416,"img":"http://s3.mogucdn.com/mlcdn/c45406/180910_72kcibhh4i275l73ik681kbed19aj_640x960.jpg_320x999.jpg","w":320},"showLarge":{"h":840,"img":"http://s3.mogucdn.com/mlcdn/c45406/180910_72kcibhh4i275l73ik681kbed19aj_640x960.jpg_560x999.jpg","w":560},"title":"\u79cb\u5b63\u65b0\u6b3e\u5957\u88c5\u4e24\u4ef6\u5957\u79cb\u88c52018\u65b0\u6b3e\u97e9\u7248chic\u6ce1\u6ce1\u8896\u886c\u886b\u4e0a\u8863+\u9ad8\u8170\u663e\u7626\u725b\u4ed4\u88e4\u5b66\u9662\u98ce\u65f6\u5c1a\u5957\u88c5","titleTags":null,"type":2},{"acm":"3.ms.2_1_1m4s06m.0.70867-69004.ni0a4r4QKP4wb.sd_117-c_2_32_403400708_448293013_21_0-t_-c1_10057922_nil_nil_1_448293013_30_0-lc_32","cfav":"3891","clientUrl":"http://item.meilishuo.com/h5/detail/1m4s06m?acm=3.ms.2_1_1m4s06m.0.70867-69004.ni0a4r4QKP4wb.sd_117-c_2_32_403400708_448293013_21_0-t_-c1_10057922_nil_nil_1_448293013_30_0-lc_32&cparam=MTUzODA1MDQyMV8xZGNjazAwXzI5NTNmOTg2ZDIzNDgyZTJlMGM4NjNhMjRlZGYyZThkXzMyXzJfNDAzNDAwNzA4XzBfMF8yMV8wXzc4Nl8wXzA=","cparam":"MTUzODA1MDQyMV8xZGNjazAwXzI5NTNmOTg2ZDIzNDgyZTJlMGM4NjNhMjRlZGYyZThkXzMyXzJfNDAzNDAwNzA4XzBfMF8yMV8wXzc4Nl8wXzA=","iid":"1m4s06m","itemMarks":"1525 82","itemType":7,"leftbottom_taglist":[],"lefttop_taglist":[],"link":"http://item.meilishuo.com/h5/detail/1m4s06m?acm=3.ms.2_1_1m4s06m.0.70867-69004.ni0a4r4QKP4wb.sd_117-c_2_32_403400708_448293013_21_0-t_-c1_10057922_nil_nil_1_448293013_30_0-lc_32&cparam=MTUzODA1MDQyMV8xZGNjazAwXzI5NTNmOTg2ZDIzNDgyZTJlMGM4NjNhMjRlZGYyZThkXzMyXzJfNDAzNDAwNzA4XzBfMF8yMV8wXzc4Nl8wXzA=","orgPrice":"\uffe529.90","popularStar":null,"price":"27.90","props":["t\u6064\u5973\u77ed\u88962018\u65b0\u6b3e\u590f\u5b66\u751f\u5bbd\u677e\u97e9\u7248ulzzang\u767e\u642d\u6761\u7eb9ins\u8d85\u706b\u7684\u4e0a\u8863"],"ptpC":"_mb_mls_10057922_wap-index_noab-noab","sale":"1654","shopId":"20574163","show":{"h":416,"img":"http://s11.mogucdn.com/mlcdn/c45406/180623_1l8jlga277egb5cih5ilkdge0kb61_800x1200.jpg_320x999.jpg","w":320},"showLarge":{"h":840,"img":"http://s11.mogucdn.com/mlcdn/c45406/180623_1l8jlga277egb5cih5ilkdge0kb61_800x1200.jpg_560x999.jpg","w":560},"title":"t\u6064\u5973\u77ed\u88962018\u65b0\u6b3e\u590f\u5b66\u751f\u5bbd\u677e\u97e9\u7248ulzzang\u767e\u642d\u6761\u7eb9ins\u8d85\u706b\u7684\u4e0a\u8863","titleTags":null,"type":2},{"acm":"3.ms.2_1_1lxjr56.0.70867-69004.ni0a4r4QKP4wb.sd_117-c_2_32_377420732_430324212_22_0-t_-c1_10057922_nil_nil_1_430324212_20_0-lc_32","cfav":"754","clientUrl":"http://item.meilishuo.com/h5/detail/1lxjr56?acm=3.ms.2_1_1lxjr56.0.70867-69004.ni0a4r4QKP4wb.sd_117-c_2_32_377420732_430324212_22_0-t_-c1_10057922_nil_nil_1_430324212_20_0-lc_32&cparam=MTUzODA1MDQyMV8xY2hldmcwXzk5NTVjMjc0NzIyZWM3ZjkxOTkwZDlmNDZkMzU0NTdlXzMyXzNfMzc3NDIwNzMyXzBfMF8yMl8wXzU2NV8wXzA=","cparam":"MTUzODA1MDQyMV8xY2hldmcwXzk5NTVjMjc0NzIyZWM3ZjkxOTkwZDlmNDZkMzU0NTdlXzMyXzNfMzc3NDIwNzMyXzBfMF8yMl8wXzU2NV8wXzA=","iid":"1lxjr56","itemMarks":"1525","itemType":7,"leftbottom_taglist":[],"lefttop_taglist":[],"link":"http://item.meilishuo.com/h5/detail/1lxjr56?acm=3.ms.2_1_1lxjr56.0.70867-69004.ni0a4r4QKP4wb.sd_117-c_2_32_377420732_430324212_22_0-t_-c1_10057922_nil_nil_1_430324212_20_0-lc_32&cparam=MTUzODA1MDQyMV8xY2hldmcwXzk5NTVjMjc0NzIyZWM3ZjkxOTkwZDlmNDZkMzU0NTdlXzMyXzNfMzc3NDIwNzMyXzBfMF8yMl8wXzU2NV8wXzA=","orgPrice":"\uffe557.00","popularStar":null,"price":"39.90","props":["2018\u65b0\u6b3e\u65e9\u6625\u6b3e\u97e9\u7248\u767e\u642d\u5bbd\u677e\u4f53\u6064\u523a\u7ee3\u5b57\u6bcd\u5706\u9886\u77ed\u8896T\u6064\u5973\u5b66\u751f\u4e0a\u8863\u670d\u6d0b\u6c14\u5c0f\u886b"],"ptpC":"_mb_mls_10057922_wap-index_noab-noab","sale":"335","shopId":"108443","show":{"h":416,"img":"http://s3.mogucdn.com/mlcdn/c45406/180506_203fc31e9d6ekikc8i922i7kbgdbk_640x960.jpg_320x999.jpg","w":320},"showLarge":{"h":840,"img":"http://s11.mogucdn.com/mlcdn/c45406/180506_203fc31e9d6ekikc8i922i7kbgdbk_640x960.jpg_560x999.jpg","w":560},"title":"2018\u65b0\u6b3e\u65e9\u6625\u6b3e\u97e9\u7248\u767e\u642d\u5bbd\u677e\u4f53\u6064\u523a\u7ee3\u5b57\u6bcd\u5706\u9886\u77ed\u8896T\u6064\u5973\u5b66\u751f\u4e0a\u8863\u670d\u6d0b\u6c14\u5c0f\u886b","titleTags":null,"type":2},{"acm":"3.ms.2_1_1lzlrra.0.70867-69004.ni0a4r4QKP4wb.sd_117-c_2_32_369306035_1187460929_23_0-t_-c1_10057922_nil_nil_2_1187460929_20_0-lc_32","cfav":"10947","clientUrl":"http://item.meilishuo.com/h5/detail/1lzlrra?acm=3.ms.2_1_1lzlrra.0.70867-69004.ni0a4r4QKP4wb.sd_117-c_2_32_369306035_1187460929_23_0-t_-c1_10057922_nil_nil_2_1187460929_20_0-lc_32&cparam=MTUzODA1MDQyMV8xYzdyMHJpXzgzZmM3YmE2MTU1MmRkYTU3YmNlNWEyODIxYzQ3NGVlXzMyXzRfMzY5MzA2MDM1XzBfMF8yM18wXzU2NV8wXzA=","cparam":"MTUzODA1MDQyMV8xYzdyMHJpXzgzZmM3YmE2MTU1MmRkYTU3YmNlNWEyODIxYzQ3NGVlXzMyXzRfMzY5MzA2MDM1XzBfMF8yM18wXzU2NV8wXzA=","iid":"1lzlrra","itemMarks":"1525 1232","itemType":7,"leftbottom_taglist":[],"lefttop_taglist":[],"link":"http://item.meilishuo.com/h5/detail/1lzlrra?acm=3.ms.2_1_1lzlrra.0.70867-69004.ni0a4r4QKP4wb.sd_117-c_2_32_369306035_1187460929_23_0-t_-c1_10057922_nil_nil_2_1187460929_20_0-lc_32&cparam=MTUzODA1MDQyMV8xYzdyMHJpXzgzZmM3YmE2MTU1MmRkYTU3YmNlNWEyODIxYzQ3NGVlXzMyXzRfMzY5MzA2MDM1XzBfMF8yM18wXzU2NV8wXzA=","orgPrice":"\uffe541.43","popularStar":null,"price":"29.00","props":["2018\u6625\u79cb\u5b63\u97e9\u7248\u65b0\u6b3e\u6761\u7eb9\u5916\u7a7f\u5185\u642d\u4e0a\u8863\u6253\u5e95\u540a\u5e26\u767e\u642d\u65e0\u8896T\u6064\u9488\u7ec7\u80cc\u5fc3\u5973"],"ptpC":"_mb_mls_10057922_wap-index_noab-noab","sale":"2150","shopId":"108443","show":{"h":416,"img":"http://s3.mogucdn.com/mlcdn/c45406/180428_53ca6j1jjbkblaeeaa24g12lf3kgh_640x960.jpg_320x999.jpg","w":320},"showLarge":{"h":840,"img":"http://s3.mogucdn.com/mlcdn/c45406/180428_53ca6j1jjbkblaeeaa24g12lf3kgh_640x960.jpg_560x999.jpg","w":560},"title":"2018\u6625\u79cb\u5b63\u97e9\u7248\u65b0\u6b3e\u6761\u7eb9\u5916\u7a7f\u5185\u642d\u4e0a\u8863\u6253\u5e95\u540a\u5e26\u767e\u642d\u65e0\u8896T\u6064\u9488\u7ec7\u80cc\u5fc3\u5973","titleTags":null,"type":2},{"acm":"3.ms.2_1_1m8ky96.0.70867-69004.ni0a4r4QKP4wb.sd_117-c_2_32_442327723_0_24_0-t_-c1_10057922_nil_nil_0_0_30_0-lc_32","cfav":"85","clientUrl":"http://item.meilishuo.com/h5/detail/1m8ky96?acm=3.ms.2_1_1m8ky96.0.70867-69004.ni0a4r4QKP4wb.sd_117-c_2_32_442327723_0_24_0-t_-c1_10057922_nil_nil_0_0_30_0-lc_32&cparam=MTUzODA1MDQyMV8xZW1wOGp5XzM3MzY3M2MwZTVlZjFhNGJlMGU2NDkzMWM3OTgyZGM4XzMyXzVfNDQyMzI3NzIzXzBfMF8yNF8wXzYzMF8wXzA=","cparam":"MTUzODA1MDQyMV8xZW1wOGp5XzM3MzY3M2MwZTVlZjFhNGJlMGU2NDkzMWM3OTgyZGM4XzMyXzVfNDQyMzI3NzIzXzBfMF8yNF8wXzYzMF8wXzA=","iid":"1m8ky96","itemMarks":"1525","itemType":7,"leftbottom_taglist":[],"lefttop_taglist":[],"link":"http://item.meilishuo.com/h5/detail/1m8ky96?acm=3.ms.2_1_1m8ky96.0.70867-69004.ni0a4r4QKP4wb.sd_117-c_2_32_442327723_0_24_0-t_-c1_10057922_nil_nil_0_0_30_0-lc_32&cparam=MTUzODA1MDQyMV8xZW1wOGp5XzM3MzY3M2MwZTVlZjFhNGJlMGU2NDkzMWM3OTgyZGM4XzMyXzVfNDQyMzI3NzIzXzBfMF8yNF8wXzYzMF8wXzA=","orgPrice":"\uffe549.00","popularStar":null,"price":"49.00","props":["\u3010\u4e24\u4ef679\u5143\u3011\u534a\u9ad8\u9886\u6253\u5e95\u886b\u59732018\u65b0\u6b3e\u79cb\u51ac\u767d\u8272\u52a0\u7ed2\u52a0\u539a\u7d27\u8eab\u957f\u8896t\u6064\u97e9\u7248ins\u8d85\u706b\u7684\u4e0a\u8863"],"ptpC":"_mb_mls_10057922_wap-index_noab-noab","sale":"126","shopId":"1302423961","show":{"h":416,"img":"http://s11.mogucdn.com/mlcdn/c45406/180915_6d523b1i35c6873a212396j3c1652_800x800.jpg_320x999.jpg","w":320},"showLarge":{"h":560,"img":"http://s11.mogucdn.com/mlcdn/c45406/180915_6d523b1i35c6873a212396j3c1652_800x800.jpg_560x999.jpg","w":560},"title":"\u3010\u4e24\u4ef679\u5143\u3011\u534a\u9ad8\u9886\u6253\u5e95\u886b\u59732018\u65b0\u6b3e\u79cb\u51ac\u767d\u8272\u52a0\u7ed2\u52a0\u539a\u7d27\u8eab\u957f\u8896t\u6064\u97e9\u7248ins\u8d85\u706b\u7684\u4e0a\u8863","titleTags":null,"type":2},{"acm":"3.ms.0_4_1m76pms.0.53971-69004.ni0a4r4QKP4wb.t_-sd_117-lc_16","cfav":22,"clientUrl":"http://item.meilishuo.com/h5/detail/1m76pms?acm=3.ms.0_4_1m76pms.0.53971-69004.ni0a4r4QKP4wb.t_-sd_117-lc_16","cparam":null,"iid":"1m76pms","itemMarks":"-1","itemType":10,"leftbottom_taglist":[],"lefttop_taglist":[],"link":"http://item.meilishuo.com/h5/detail/1m76pms?acm=3.ms.0_4_1m76pms.0.53971-69004.ni0a4r4QKP4wb.t_-sd_117-lc_16","orgPrice":"\uffe5154.29","popularStar":0,"price":"108.00","props":["2018\u79cb\u65b0\u6b3e\u97e9\u7248\u65f6\u5c1a\u7b80\u7ea6\u7cfb\u5e26\u663e\u7626\u6761\u7eb9\u7cfb\u5e26\u897f\u670d\u5957\u88c5\u5973"],"ptpC":"_mb_mls_10057922_wap-index_noab-noab","sale":17587,"shopId":1302421618,"show":{"h":416,"img":"http://s3.mogucdn.com/mlcdn/c45406/180815_7ff4fbk769cc2d1c2l494ie7j5jke_640x908.jpg_320x999.jpg","w":320},"showLarge":{"h":795,"img":"http://s11.mogucdn.com/mlcdn/c45406/180815_7ff4fbk769cc2d1c2l494ie7j5jke_640x908.jpg_560x999.jpg","w":560},"title":"2018\u79cb\u65b0\u6b3e\u97e9\u7248\u65f6\u5c1a\u7b80\u7ea6\u7cfb\u5e26\u663e\u7626\u6761\u7eb9\u7cfb\u5e26\u897f\u670d\u5957\u88c5\u5973","titleTags":null,"type":2},{"acm":"3.ms.0_4_1m8o442.0.53971-69004.ni0a4r4QKP4wb.t_-sd_117-lc_16","cfav":28,"clientUrl":"http://item.meilishuo.com/h5/detail/1m8o442?acm=3.ms.0_4_1m8o442.0.53971-69004.ni0a4r4QKP4wb.t_-sd_117-lc_16","cparam":null,"iid":"1m8o442","itemMarks":"-1","itemType":10,"leftbottom_taglist":[],"lefttop_taglist":[],"link":"http://item.meilishuo.com/h5/detail/1m8o442?acm=3.ms.0_4_1m8o442.0.53971-69004.ni0a4r4QKP4wb.t_-sd_117-lc_16","orgPrice":"\uffe5225.72","popularStar":0,"price":"158.00","props":["2018\u65b0\u6b3e\u65f6\u5c1a\u767e\u642d\u9ed1\u8272\u5bbd\u677e\u673a\u8f66\u76ae\u5939\u514b+\u7f51\u7eb1\u534a\u8eab\u88d9\u5957\u88c5\u4e24\u4ef6\u5957"],"ptpC":"_mb_mls_10057922_wap-index_noab-noab","sale":16985,"shopId":1302421618,"show":{"h":416,"img":"http://s11.mogucdn.com/mlcdn/55cf19/180917_7e2fdc2d8131698jkg69c9586lkel_640x960.jpg_320x999.jpg","w":320},"showLarge":{"h":840,"img":"http://s3.mogucdn.com/mlcdn/55cf19/180917_7e2fdc2d8131698jkg69c9586lkel_640x960.jpg_560x999.jpg","w":560},"title":"2018\u65b0\u6b3e\u65f6\u5c1a\u767e\u642d\u9ed1\u8272\u5bbd\u677e\u673a\u8f66\u76ae\u5939\u514b+\u7f51\u7eb1\u534a\u8eab\u88d9\u5957\u88c5\u4e24\u4ef6\u5957","titleTags":null,"type":2},{"acm":"3.ms.2_1_1m4j83i.0.70867-69004.ni0a4r4QKP4wb.sd_117-c_2_32_405868839_448934560_25_0-t_-c1_10057922_nil_nil_1_448934560_20_0-lc_32","cfav":"1255","clientUrl":"http://item.meilishuo.com/h5/detail/1m4j83i?acm=3.ms.2_1_1m4j83i.0.70867-69004.ni0a4r4QKP4wb.sd_117-c_2_32_405868839_448934560_25_0-t_-c1_10057922_nil_nil_1_448934560_20_0-lc_32&cparam=MTUzODA1MDQyMV8xZGZhY3VlXzcxZmUxODc3MDExNmRkMWQ5OGEzNDljMTM5ZGQ1MWY0XzMyXzZfNDA1ODY4ODM5XzBfMF8yNV8wXzU2NV8wXzA=","cparam":"MTUzODA1MDQyMV8xZGZhY3VlXzcxZmUxODc3MDExNmRkMWQ5OGEzNDljMTM5ZGQ1MWY0XzMyXzZfNDA1ODY4ODM5XzBfMF8yNV8wXzU2NV8wXzA=","iid":"1m4j83i","itemMarks":"1525","itemType":7,"leftbottom_taglist":[],"lefttop_taglist":[],"link":"http://item.meilishuo.com/h5/detail/1m4j83i?acm=3.ms.2_1_1m4j83i.0.70867-69004.ni0a4r4QKP4wb.sd_117-c_2_32_405868839_448934560_25_0-t_-c1_10057922_nil_nil_1_448934560_20_0-lc_32&cparam=MTUzODA1MDQyMV8xZGZhY3VlXzcxZmUxODc3MDExNmRkMWQ5OGEzNDljMTM5ZGQ1MWY0XzMyXzZfNDA1ODY4ODM5XzBfMF8yNV8wXzU2NV8wXzA=","orgPrice":"\uffe557.00","popularStar":null,"price":"39.90","props":["2018\u590f\u88c5\u65b0\u6b3e\u97e9\u8303v\u9886\u4ea4\u53c9\u7c89\u8272\u77ed\u8896T\u6064\u5973\u88c5\u7eaf\u8272\u534a\u622a\u8896\u5c0f\u5fc3\u673a\u4e0a\u8863"],"ptpC":"_mb_mls_10057922_wap-index_noab-noab","sale":"710","shopId":"108443","show":{"h":416,"img":"http://s11.mogucdn.com/mlcdn/c45406/180625_442faia0ajc373fffg828f11kl5d0_640x960.jpg_320x999.jpg","w":320},"showLarge":{"h":840,"img":"http://s3.mogucdn.com/mlcdn/c45406/180625_442faia0ajc373fffg828f11kl5d0_640x960.jpg_560x999.jpg","w":560},"title":"2018\u590f\u88c5\u65b0\u6b3e\u97e9\u8303v\u9886\u4ea4\u53c9\u7c89\u8272\u77ed\u8896T\u6064\u5973\u88c5\u7eaf\u8272\u534a\u622a\u8896\u5c0f\u5fc3\u673a\u4e0a\u8863","titleTags":null,"type":2},{"acm":"3.ms.2_1_1m19k6y.0.70867-69004.ni0a4r4QKP4wb.sd_117-c_2_32_432055374_433439640_26_0-t_-c1_10057922_nil_nil_1_433439640_20_0-lc_32","cfav":"1167","clientUrl":"http://item.meilishuo.com/h5/detail/1m19k6y?acm=3.ms.2_1_1m19k6y.0.70867-69004.ni0a4r4QKP4wb.sd_117-c_2_32_432055374_433439640_26_0-t_-c1_10057922_nil_nil_1_433439640_20_0-lc_32&cparam=MTUzODA1MDQyMV8xZWFndzV3XzExOTI4YjRhYmQyZTRkNDU0NTk1MGUwYTc3NTZhZDQ2XzMyXzdfNDMyMDU1Mzc0XzBfMF8yNl8wXzU2NV8wXzA=","cparam":"MTUzODA1MDQyMV8xZWFndzV3XzExOTI4YjRhYmQyZTRkNDU0NTk1MGUwYTc3NTZhZDQ2XzMyXzdfNDMyMDU1Mzc0XzBfMF8yNl8wXzU2NV8wXzA=","iid":"1m19k6y","itemMarks":"1525","itemType":7,"leftbottom_taglist":[],"lefttop_taglist":[],"link":"http://item.meilishuo.com/h5/detail/1m19k6y?acm=3.ms.2_1_1m19k6y.0.70867-69004.ni0a4r4QKP4wb.sd_117-c_2_32_432055374_433439640_26_0-t_-c1_10057922_nil_nil_1_433439640_20_0-lc_32&cparam=MTUzODA1MDQyMV8xZWFndzV3XzExOTI4YjRhYmQyZTRkNDU0NTk1MGUwYTc3NTZhZDQ2XzMyXzdfNDMyMDU1Mzc0XzBfMF8yNl8wXzU2NV8wXzA=","orgPrice":"\uffe570.00","popularStar":null,"price":"49.00","props":["2018\u6625\u590f\u65b0\u6b3e\u97e9\u8303\u957f\u8896\u767d\u8272\u886c\u886b\u5973\u767e\u642d\u5bbd\u677e\u4e2d\u957f\u6b3e\u68c9\u9ebb\u7acb\u9886\u97e9\u7248\u6253\u5e95\u886c\u8863"],"ptpC":"_mb_mls_10057922_wap-index_noab-noab","sale":"377","shopId":"108443","show":{"h":416,"img":"http://s11.mogucdn.com/mlcdn/c45406/180514_15272difihj7hg63gkakkg00hciaf_640x960.jpg_320x999.jpg","w":320},"showLarge":{"h":840,"img":"http://s3.mogucdn.com/mlcdn/c45406/180514_15272difihj7hg63gkakkg00hciaf_640x960.jpg_560x999.jpg","w":560},"title":"2018\u6625\u590f\u65b0\u6b3e\u97e9\u8303\u957f\u8896\u767d\u8272\u886c\u886b\u5973\u767e\u642d\u5bbd\u677e\u4e2d\u957f\u6b3e\u68c9\u9ebb\u7acb\u9886\u97e9\u7248\u6253\u5e95\u886c\u8863","titleTags":null,"type":2},{"acm":"3.ms.0_4_1m8iqz6.0.53971-69004.ni0a4r4QKP4wb.t_-sd_117-lc_16","cfav":20,"clientUrl":"http://item.meilishuo.com/h5/detail/1m8iqz6?acm=3.ms.0_4_1m8iqz6.0.53971-69004.ni0a4r4QKP4wb.t_-sd_117-lc_16","cparam":null,"iid":"1m8iqz6","itemMarks":"-1","itemType":10,"leftbottom_taglist":[],"lefttop_taglist":[],"link":"http://item.meilishuo.com/h5/detail/1m8iqz6?acm=3.ms.0_4_1m8iqz6.0.53971-69004.ni0a4r4QKP4wb.t_-sd_117-lc_16","orgPrice":"\uffe570.00","popularStar":0,"price":"49.00","props":["\u79cb\u88c5\u5973\u536b\u8863\u5957\u88c5\u65b0\u6b3e2018\u97e9\u7248\u5370\u82b1\u8fde\u5e3d\u536b\u8863\u4e0a\u8863+\u663e\u7626\u9ad8\u8170\u7f51\u7eb1\u534a\u8eab\u88d9\u5b66\u751f\u88d9\u5b50\u65f6\u5c1a\u5957\u88c5\u4e24\u4ef6\u5957"],"ptpC":"_mb_mls_10057922_wap-index_noab-noab","sale":16428,"shopId":22533618,"show":{"h":416,"img":"http://s3.mogucdn.com/mlcdn/c45406/180913_00b8bg3cg308c9jhcakhj0c7fhbih_640x960.jpg_320x999.jpg","w":320},"showLarge":{"h":840,"img":"http://s11.mogucdn.com/mlcdn/c45406/180913_00b8bg3cg308c9jhcakhj0c7fhbih_640x960.jpg_560x999.jpg","w":560},"title":"\u79cb\u88c5\u5973\u536b\u8863\u5957\u88c5\u65b0\u6b3e2018\u97e9\u7248\u5370\u82b1\u8fde\u5e3d\u536b\u8863\u4e0a\u8863+\u663e\u7626\u9ad8\u8170\u7f51\u7eb1\u534a\u8eab\u88d9\u5b66\u751f\u88d9\u5b50\u65f6\u5c1a\u5957\u88c5\u4e24\u4ef6\u5957","titleTags":null,"type":2},{"acm":"3.ms.0_4_1m7c6iu.0.53971-69004.ni0a4r4QKP4wb.t_-sd_117-lc_16","cfav":75,"clientUrl":"http://item.meilishuo.com/h5/detail/1m7c6iu?acm=3.ms.0_4_1m7c6iu.0.53971-69004.ni0a4r4QKP4wb.t_-sd_117-lc_16","cparam":null,"iid":"1m7c6iu","itemMarks":"353 82 181","itemType":10,"leftbottom_taglist":[],"lefttop_taglist":[],"link":"http://item.meilishuo.com/h5/detail/1m7c6iu?acm=3.ms.0_4_1m7c6iu.0.53971-69004.ni0a4r4QKP4wb.t_-sd_117-lc_16","orgPrice":"\uffe599.00","popularStar":0,"price":"69.30","props":["2018\u65e9\u79cb\u97e9\u7248\u767e\u8936\u706f\u7b3c\u8896\u886c\u8863\u88d9\uff0b\u9488\u7ec7\u9a6c\u7532\u80d6\u59b9\u59b9\u663e\u7626\u521d\u79cb\u4e24\u4ef6\u5957\u79cb\u5b63\u65b0\u6b3e\u5957\u88c5\u5c0f\u4e2a\u5b50\u65f6\u5c1a\u5957\u88c5\u5973"],"ptpC":"_mb_mls_10057922_wap-index_noab-noab","sale":1728,"shopId":22571385,"show":{"h":416,"img":"http://s3.mogucdn.com/mlcdn/c45406/180817_26f8h7c2d8e8cb8g69djj97b7c06f_800x1196.jpg_320x999.jpg","w":320},"showLarge":{"h":838,"img":"http://s3.mogucdn.com/mlcdn/c45406/180817_26f8h7c2d8e8cb8g69djj97b7c06f_800x1196.jpg_560x999.jpg","w":560},"title":"2018\u65e9\u79cb\u97e9\u7248\u767e\u8936\u706f\u7b3c\u8896\u886c\u8863\u88d9\uff0b\u9488\u7ec7\u9a6c\u7532\u80d6\u59b9\u59b9\u663e\u7626\u521d\u79cb\u4e24\u4ef6\u5957\u79cb\u5b63\u65b0\u6b3e\u5957\u88c5\u5c0f\u4e2a\u5b50\u65f6\u5c1a\u5957\u88c5\u5973","titleTags":null,"type":2},{"acm":"3.ms.2_1_1lte1rk.0.70867-69004.ni0a4r4QKP4wb.sd_117-c_2_32_437080922_402431130_27_0-t_-c1_10057922_nil_nil_1_402431130_30_0-lc_32","cfav":"312","clientUrl":"http://item.meilishuo.com/h5/detail/1lte1rk?acm=3.ms.2_1_1lte1rk.0.70867-69004.ni0a4r4QKP4wb.sd_117-c_2_32_437080922_402431130_27_0-t_-c1_10057922_nil_nil_1_402431130_30_0-lc_32&cparam=MTUzODA1MDQyMV8xZWdnYm4wXzcwN2UyODIzYWNlNTEyYTBiMWFiN2JlYWFmZTY1YmJmXzMyXzhfNDM3MDgwOTIyXzBfMF8yN18wXzEzM18wXzA=","cparam":"MTUzODA1MDQyMV8xZWdnYm4wXzcwN2UyODIzYWNlNTEyYTBiMWFiN2JlYWFmZTY1YmJmXzMyXzhfNDM3MDgwOTIyXzBfMF8yN18wXzEzM18wXzA=","iid":"1lte1rk","itemMarks":"1525 352 351","itemType":7,"leftbottom_taglist":[],"lefttop_taglist":[],"link":"http://item.meilishuo.com/h5/detail/1lte1rk?acm=3.ms.2_1_1lte1rk.0.70867-69004.ni0a4r4QKP4wb.sd_117-c_2_32_437080922_402431130_27_0-t_-c1_10057922_nil_nil_1_402431130_30_0-lc_32&cparam=MTUzODA1MDQyMV8xZWdnYm4wXzcwN2UyODIzYWNlNTEyYTBiMWFiN2JlYWFmZTY1YmJmXzMyXzhfNDM3MDgwOTIyXzBfMF8yN18wXzEzM18wXzA=","orgPrice":"\uffe585.00","popularStar":null,"price":"59.50","props":["2018\u6625\u79cb\u6761\u7eb9\u62fc\u63a5\u65b0\u6b3e\u5fae\u5587\u53ed\u4e5d\u5206\u88e4\u8fd0\u52a8\u88e4\u5f39\u529b\u4f11\u95f2\u88e4\u6d41\u82cf\u88e4\u5973\u5927\u7801\u80d6MM"],"ptpC":"_mb_mls_10057922_wap-index_noab-noab","sale":"59","shopId":"20853409","show":{"h":416,"img":"http://s11.mogucdn.com/mlcdn/c45406/180315_785cjdlddack0254cdh27bl065k9d_640x960.jpg_320x999.jpg","w":320},"showLarge":{"h":840,"img":"http://s11.mogucdn.com/mlcdn/c45406/180315_785cjdlddack0254cdh27bl065k9d_640x960.jpg_560x999.jpg","w":560},"title":"2018\u6625\u79cb\u6761\u7eb9\u62fc\u63a5\u65b0\u6b3e\u5fae\u5587\u53ed\u4e5d\u5206\u88e4\u8fd0\u52a8\u88e4\u5f39\u529b\u4f11\u95f2\u88e4\u6d41\u82cf\u88e4\u5973\u5927\u7801\u80d6MM","titleTags":null,"type":2},{"acm":"3.ms.2_1_1lwwv1g.0.70867-69004.ni0a4r4QKP4wb.sd_117-c_2_32_405870610_1146666493_28_0-t_-c1_10057922_nil_nil_2_1146666493_20_0-lc_32","cfav":"3203","clientUrl":"http://item.meilishuo.com/h5/detail/1lwwv1g?acm=3.ms.2_1_1lwwv1g.0.70867-69004.ni0a4r4QKP4wb.sd_117-c_2_32_405870610_1146666493_28_0-t_-c1_10057922_nil_nil_2_1146666493_20_0-lc_32&cparam=MTUzODA1MDQyMV8xZGZhZmtzXzc0YjIyYWFjYjNhNTEyMWMzZTRjZjg1NWJiNDdjYTdmXzMyXzlfNDA1ODcwNjEwXzBfMF8yOF8wXzU2NV8wXzA=","cparam":"MTUzODA1MDQyMV8xZGZhZmtzXzc0YjIyYWFjYjNhNTEyMWMzZTRjZjg1NWJiNDdjYTdmXzMyXzlfNDA1ODcwNjEwXzBfMF8yOF8wXzU2NV8wXzA=","iid":"1lwwv1g","itemMarks":"1525 352 351","itemType":7,"leftbottom_taglist":[],"lefttop_taglist":[],"link":"http://item.meilishuo.com/h5/detail/1lwwv1g?acm=3.ms.2_1_1lwwv1g.0.70867-69004.ni0a4r4QKP4wb.sd_117-c_2_32_405870610_1146666493_28_0-t_-c1_10057922_nil_nil_2_1146666493_20_0-lc_32&cparam=MTUzODA1MDQyMV8xZGZhZmtzXzc0YjIyYWFjYjNhNTEyMWMzZTRjZjg1NWJiNDdjYTdmXzMyXzlfNDA1ODcwNjEwXzBfMF8yOF8wXzU2NV8wXzA=","orgPrice":"\uffe580.00","popularStar":null,"price":"56.00","props":["2018\u65b0\u6b3e\u5973\u88c5\u79cb\u88c5\u7b80\u7ea6\u886c\u886b\u5973\u957f\u8896\u96ea\u7eba\u4e0a\u8863\u767e\u642d\u7eaf\u8272\u97e9\u8303\u6253\u5e95\u886c\u8863\u5973"],"ptpC":"_mb_mls_10057922_wap-index_noab-noab","sale":"958","shopId":"108443","show":{"h":416,"img":"http://s3.mogucdn.com/mlcdn/c45406/180411_7ei8d3aabhkkg5b6312gh1ckak8f1_640x960.jpg_320x999.jpg","w":320},"showLarge":{"h":840,"img":"http://s3.mogucdn.com/mlcdn/c45406/180411_7ei8d3aabhkkg5b6312gh1ckak8f1_640x960.jpg_560x999.jpg","w":560},"title":"2018\u65b0\u6b3e\u5973\u88c5\u79cb\u88c5\u7b80\u7ea6\u886c\u886b\u5973\u957f\u8896\u96ea\u7eba\u4e0a\u8863\u767e\u642d\u7eaf\u8272\u97e9\u8303\u6253\u5e95\u886c\u8863\u5973","titleTags":null,"type":2},{"acm":"3.ms.2_1_1ltf2tu.0.70867-69004.ni0a4r4QKP4wb.sd_117-c_2_32_362191657_467124731_29_0-t_-c1_10057922_nil_nil_1_467124731_30_0-lc_32","cfav":"535","clientUrl":"http://item.meilishuo.com/h5/detail/1ltf2tu?acm=3.ms.2_1_1ltf2tu.0.70867-69004.ni0a4r4QKP4wb.sd_117-c_2_32_362191657_467124731_29_0-t_-c1_10057922_nil_nil_1_467124731_30_0-lc_32&cparam=MTUzODA1MDQyMV8xYnphMXNhX2NmYmEzNjRiOTRiYTMxODkyNTUwMTNmODE0OTUwNGIzXzMyXzEwXzM2MjE5MTY1N18wXzBfMjlfMF85OF8wXzA=","cparam":"MTUzODA1MDQyMV8xYnphMXNhX2NmYmEzNjRiOTRiYTMxODkyNTUwMTNmODE0OTUwNGIzXzMyXzEwXzM2MjE5MTY1N18wXzBfMjlfMF85OF8wXzA=","iid":"1ltf2tu","itemMarks":"1525 352 351","itemType":7,"leftbottom_taglist":[],"lefttop_taglist":[],"link":"http://item.meilishuo.com/h5/detail/1ltf2tu?acm=3.ms.2_1_1ltf2tu.0.70867-69004.ni0a4r4QKP4wb.sd_117-c_2_32_362191657_467124731_29_0-t_-c1_10057922_nil_nil_1_467124731_30_0-lc_32&cparam=MTUzODA1MDQyMV8xYnphMXNhX2NmYmEzNjRiOTRiYTMxODkyNTUwMTNmODE0OTUwNGIzXzMyXzEwXzM2MjE5MTY1N18wXzBfMjlfMF85OF8wXzA=","orgPrice":"\uffe557.00","popularStar":null,"price":"39.90","props":["\u7eaf\u68c9\u767d\u8272t\u6064\u5973\u590f\u77ed\u8896\u4fee\u8eab\u77ed\u6b3e\u534a\u88962018\u65b0\u6b3e\u590f\u88c5\u7d27\u8eab\u9ed1\u8272\u4f53\u6064\u4e0a\u8863\u957f\u8896\u79cb\u51ac"],"ptpC":"_mb_mls_10057922_wap-index_noab-noab","sale":"290","shopId":"20149619","show":{"h":416,"img":"http://s11.mogucdn.com/mlcdn/c45406/180926_88fke6gjal7aij03e3acg237je0la_640x960.jpg_320x999.jpg","w":320},"showLarge":{"h":840,"img":"http://s3.mogucdn.com/mlcdn/c45406/180926_88fke6gjal7aij03e3acg237je0la_640x960.jpg_560x999.jpg","w":560},"title":"\u7eaf\u68c9\u767d\u8272t\u6064\u5973\u590f\u77ed\u8896\u4fee\u8eab\u77ed\u6b3e\u534a\u88962018\u65b0\u6b3e\u590f\u88c5\u7d27\u8eab\u9ed1\u8272\u4f53\u6064\u4e0a\u8863\u957f\u8896\u79cb\u51ac","titleTags":null,"type":2},{"acm":"3.ms.2_1_1ltkm84.0.70867-69004.ni0a4r4QKP4wb.sd_117-c_2_32_444116075_403105041_30_0-t_-c1_10057922_nil_nil_1_403105041_30_0-lc_32","cfav":"3903","clientUrl":"http://item.meilishuo.com/h5/detail/1ltkm84?acm=3.ms.2_1_1ltkm84.0.70867-69004.ni0a4r4QKP4wb.sd_117-c_2_32_444116075_403105041_30_0-t_-c1_10057922_nil_nil_1_403105041_30_0-lc_32&cparam=MTUzODA1MDQyMV8xZW90d2N1X2Q1Y2I5OTJiYTQzNTMxZmI4YmFiMjZlNjg0NmQ2MGVlXzMyXzExXzQ0NDExNjA3NV8wXzBfMzBfMF85NTZfMF8w","cparam":"MTUzODA1MDQyMV8xZW90d2N1X2Q1Y2I5OTJiYTQzNTMxZmI4YmFiMjZlNjg0NmQ2MGVlXzMyXzExXzQ0NDExNjA3NV8wXzBfMzBfMF85NTZfMF8w","iid":"1ltkm84","itemMarks":"352 82 351","itemType":7,"leftbottom_taglist":[],"lefttop_taglist":[],"link":"http://item.meilishuo.com/h5/detail/1ltkm84?acm=3.ms.2_1_1ltkm84.0.70867-69004.ni0a4r4QKP4wb.sd_117-c_2_32_444116075_403105041_30_0-t_-c1_10057922_nil_nil_1_403105041_30_0-lc_32&cparam=MTUzODA1MDQyMV8xZW90d2N1X2Q1Y2I5OTJiYTQzNTMxZmI4YmFiMjZlNjg0NmQ2MGVlXzMyXzExXzQ0NDExNjA3NV8wXzBfMzBfMF85NTZfMF8w","orgPrice":"\uffe5108.00","popularStar":null,"price":"108.00","props":["2018\u79cb\u88c5\u65b0\u6b3eins\u8d85\u706b\u97e9\u7248\u5973\u88c5\u5fae\u5587\u53ed\u88e4\u5973\u4e5d\u5206\u88e4\u9ad8\u8170\u663e\u7626\u5f39\u529b\u5fae\u5587\u88e4\u9ed1\u8272\u8584\u6b3e\u4fee\u8eab\u9614\u817f\u4f11\u95f2\u88e4"],"ptpC":"_mb_mls_10057922_wap-index_noab-noab","sale":"242","shopId":"21849440","show":{"h":416,"img":"http://s3.mogucdn.com/mlcdn/c45406/180316_0l422k59b28kf6ef1h5i2j0g25ba8_1000x1498.jpg_320x999.jpg","w":320},"showLarge":{"h":839,"img":"http://s11.mogucdn.com/mlcdn/c45406/180316_0l422k59b28kf6ef1h5i2j0g25ba8_1000x1498.jpg_560x999.jpg","w":560},"title":"2018\u79cb\u88c5\u65b0\u6b3eins\u8d85\u706b\u97e9\u7248\u5973\u88c5\u5fae\u5587\u53ed\u88e4\u5973\u4e5d\u5206\u88e4\u9ad8\u8170\u663e\u7626\u5f39\u529b\u5fae\u5587\u88e4\u9ed1\u8272\u8584\u6b3e\u4fee\u8eab\u9614\u817f\u4f11\u95f2\u88e4","titleTags":null,"type":2},{"acm":"3.ms.0_4_1m8gdf4.0.53971-69004.ni0a4r4QKP4wb.t_-sd_117-lc_16","cfav":48,"clientUrl":"http://item.meilishuo.com/h5/detail/1m8gdf4?acm=3.ms.0_4_1m8gdf4.0.53971-69004.ni0a4r4QKP4wb.t_-sd_117-lc_16","cparam":null,"iid":"1m8gdf4","itemMarks":"-1","itemType":10,"leftbottom_taglist":[],"lefttop_taglist":[],"link":"http://item.meilishuo.com/h5/detail/1m8gdf4?acm=3.ms.0_4_1m8gdf4.0.53971-69004.ni0a4r4QKP4wb.t_-sd_117-lc_16","orgPrice":"\uffe5149.90","popularStar":0,"price":"39.20","props":["\u65e9\u79cb\u65b0\u6b3e2018\u97e9\u7248ins\u8d85\u706b\u6e2f\u98ce\u6761\u7eb9\u957f\u8896\u96ea\u7eba\u886c\u886b\u6c14\u8d28\u767e\u642d\u5bbd\u677e\u663e\u7626chic\u4e0a\u8863\u6175\u61d2\u886c\u8863\u5973\u6f6e"],"ptpC":"_mb_mls_10057922_wap-index_noab-noab","sale":15609,"shopId":22533618,"show":{"h":416,"img":"http://s3.mogucdn.com/mlcdn/55cf19/180911_77hkba33lh2k52al9h406j8fl6ead_798x1197.jpg_320x999.jpg","w":320},"showLarge":{"h":840,"img":"http://s11.mogucdn.com/mlcdn/55cf19/180911_77hkba33lh2k52al9h406j8fl6ead_798x1197.jpg_560x999.jpg","w":560},"title":"\u65e9\u79cb\u65b0\u6b3e2018\u97e9\u7248ins\u8d85\u706b\u6e2f\u98ce\u6761\u7eb9\u957f\u8896\u96ea\u7eba\u886c\u886b\u6c14\u8d28\u767e\u642d\u5bbd\u677e\u663e\u7626chic\u4e0a\u8863\u6175\u61d2\u886c\u8863\u5973\u6f6e","titleTags":null,"type":2},{"acm":"3.ms.0_4_1lp4d0g.0.53971-69004.ni0a4r4QKP4wb.t_-sd_117-lc_16","cfav":836,"clientUrl":"http://item.meilishuo.com/h5/detail/1lp4d0g?acm=3.ms.0_4_1lp4d0g.0.53971-69004.ni0a4r4QKP4wb.t_-sd_117-lc_16","cparam":null,"iid":"1lp4d0g","itemMarks":"1525","itemType":10,"leftbottom_taglist":[],"lefttop_taglist":[],"link":"http://item.meilishuo.com/h5/detail/1lp4d0g?acm=3.ms.0_4_1lp4d0g.0.53971-69004.ni0a4r4QKP4wb.t_-sd_117-lc_16","orgPrice":"\uffe598.58","popularStar":0,"price":"69.00","props":["2018\u79cb\u5b63\u65b0\u6b3e\u65f6\u5c1a\u5957\u88c5\u8fde\u5e3d\u536b\u8863\u5973\u4f11\u95f2\u9488\u7ec7\u8fd0\u52a8\u88e4\u5957\u88c5\u4e24\u4ef6\u5957\u5973"],"ptpC":"_mb_mls_10057922_wap-index_noab-noab","sale":2508,"shopId":10688881,"show":{"h":416,"img":"http://s11.mogucdn.com/mlcdn/c45406/180103_6h04c282hf39913aje7434e1ie9c6_640x960.jpg_320x999.jpg","w":320},"showLarge":{"h":840,"img":"http://s3.mogucdn.com/mlcdn/c45406/180103_6h04c282hf39913aje7434e1ie9c6_640x960.jpg_560x999.jpg","w":560},"title":"2018\u79cb\u5b63\u65b0\u6b3e\u65f6\u5c1a\u5957\u88c5\u8fde\u5e3d\u536b\u8863\u5973\u4f11\u95f2\u9488\u7ec7\u8fd0\u52a8\u88e4\u5957\u88c5\u4e24\u4ef6\u5957\u5973","titleTags":null,"type":2},{"acm":"3.ms.2_1_1m8vlly.0.70867-69004.ni0a4r4QKP4wb.sd_117-c_2_32_442859555_466493622_31_0-t_-c1_10057922_nil_nil_1_466493622_40_0-lc_32","cfav":"13","clientUrl":"http://item.meilishuo.com/h5/detail/1m8vlly?acm=3.ms.2_1_1m8vlly.0.70867-69004.ni0a4r4QKP4wb.sd_117-c_2_32_442859555_466493622_31_0-t_-c1_10057922_nil_nil_1_466493622_40_0-lc_32&cparam=MTUzODA1MDQyMV8xZW5jMWE2XzM2MGRmZThjYzdiZTFmOTQyY2U3NWZjZGNjYzg4MWI4XzMyXzEyXzQ0Mjg1OTU1NV8wXzBfMzFfMF84NjVfMF8w","cparam":"MTUzODA1MDQyMV8xZW5jMWE2XzM2MGRmZThjYzdiZTFmOTQyY2U3NWZjZGNjYzg4MWI4XzMyXzEyXzQ0Mjg1OTU1NV8wXzBfMzFfMF84NjVfMF8w","iid":"1m8vlly","itemMarks":"1525","itemType":7,"leftbottom_taglist":[],"lefttop_taglist":[],"link":"http://item.meilishuo.com/h5/detail/1m8vlly?acm=3.ms.2_1_1m8vlly.0.70867-69004.ni0a4r4QKP4wb.sd_117-c_2_32_442859555_466493622_31_0-t_-c1_10057922_nil_nil_1_466493622_40_0-lc_32&cparam=MTUzODA1MDQyMV8xZW5jMWE2XzM2MGRmZThjYzdiZTFmOTQyY2U3NWZjZGNjYzg4MWI4XzMyXzEyXzQ0Mjg1OTU1NV8wXzBfMzFfMF84NjVfMF8w","orgPrice":"\uffe5225.72","popularStar":null,"price":"158.00","props":["2018\u79cb\u65b0\u6b3e\u98de\u9e70\u70eb\u91d1\u5370\u82b1\u5b57\u6bcd\u7eaf\u68c9\u6f6e\u724c\u60c5\u4fa3\u5c0f\u811a\u88e4\u7537\u5973\u540c\u6b3e"],"ptpC":"_mb_mls_10057922_wap-index_noab-noab","sale":"12","shopId":"1302414958","show":{"h":416,"img":"http://s11.mogucdn.com/mlcdn/c45406/180922_5dacg8553li77a640a4l4a89k18ck_800x1200.jpg_320x999.jpg","w":320},"showLarge":{"h":840,"img":"http://s11.mogucdn.com/mlcdn/c45406/180922_5dacg8553li77a640a4l4a89k18ck_800x1200.jpg_560x999.jpg","w":560},"title":"2018\u79cb\u65b0\u6b3e\u98de\u9e70\u70eb\u91d1\u5370\u82b1\u5b57\u6bcd\u7eaf\u68c9\u6f6e\u724c\u60c5\u4fa3\u5c0f\u811a\u88e4\u7537\u5973\u540c\u6b3e","titleTags":null,"type":2},{"acm":"3.ms.2_1_1kj7vgw.0.70867-69004.ni0a4r4QKP4wb.sd_117-c_2_32_431893493_2031392_32_0-t_-c1_10057922_nil_nil_0_2031392_30_0-lc_32","cfav":"291","clientUrl":"http://item.meilishuo.com/h5/detail/1kj7vgw?acm=3.ms.2_1_1kj7vgw.0.70867-69004.ni0a4r4QKP4wb.sd_117-c_2_32_431893493_2031392_32_0-t_-c1_10057922_nil_nil_0_2031392_30_0-lc_32&cparam=MTUzODA1MDQyMV8xZWE5eWNpX2E5ZGMyMTk5YThhN2QxMDRhYWVhYTA2YzcxNTU5ODFhXzMyXzEzXzQzMTg5MzQ5M18wXzIwMzEzOTJfMzJfMF8xMDAxXzBfMA==","cparam":"MTUzODA1MDQyMV8xZWE5eWNpX2E5ZGMyMTk5YThhN2QxMDRhYWVhYTA2YzcxNTU5ODFhXzMyXzEzXzQzMTg5MzQ5M18wXzIwMzEzOTJfMzJfMF8xMDAxXzBfMA==","iid":"1kj7vgw","itemMarks":"1525","itemType":7,"leftbottom_taglist":[],"lefttop_taglist":[],"link":"http://item.meilishuo.com/h5/detail/1kj7vgw?acm=3.ms.2_1_1kj7vgw.0.70867-69004.ni0a4r4QKP4wb.sd_117-c_2_32_431893493_2031392_32_0-t_-c1_10057922_nil_nil_0_2031392_30_0-lc_32&cparam=MTUzODA1MDQyMV8xZWE5eWNpX2E5ZGMyMTk5YThhN2QxMDRhYWVhYTA2YzcxNTU5ODFhXzMyXzEzXzQzMTg5MzQ5M18wXzIwMzEzOTJfMzJfMF8xMDAxXzBfMA==","orgPrice":"\uffe555.00","popularStar":null,"price":"38.00","props":["2018\u65b0\u6b3e\u97e9\u7248\u7eaf\u68c9V\u9886\u6761\u7eb9\u957f\u8896\u4f53\u6064\u5973\u88c5\u4e0a\u8863\u670d\u4fee\u8eab\u663e\u7626\u6253\u5e95\u886b\u5973\u5f0f\u65f6\u5c1aT\u6064\u5973\u751f\u6f6e"],"ptpC":"_mb_mls_10057922_wap-index_noab-noab","sale":"45","shopId":"1302410734","show":{"h":416,"img":"http://s3.mogucdn.com/mlcdn/17f85e/180830_3c8f1g7hka41603lfl25gh32b860i_640x960.jpg_320x999.jpg","w":320},"showLarge":{"h":840,"img":"http://s3.mogucdn.com/mlcdn/17f85e/180830_3c8f1g7hka41603lfl25gh32b860i_640x960.jpg_560x999.jpg","w":560},"title":"2018\u65b0\u6b3e\u97e9\u7248\u7eaf\u68c9V\u9886\u6761\u7eb9\u957f\u8896\u4f53\u6064\u5973\u88c5\u4e0a\u8863\u670d\u4fee\u8eab\u663e\u7626\u6253\u5e95\u886b\u5973\u5f0f\u65f6\u5c1aT\u6064\u5973\u751f\u6f6e","titleTags":null,"type":2},{"acm":"3.ms.0_4_1m7tjze.0.53971-69004.ni0a4r4QKP4wb.t_-sd_117-lc_16","cfav":61,"clientUrl":"http://item.meilishuo.com/h5/detail/1m7tjze?acm=3.ms.0_4_1m7tjze.0.53971-69004.ni0a4r4QKP4wb.t_-sd_117-lc_16","cparam":null,"iid":"1m7tjze","itemMarks":"1525","itemType":10,"leftbottom_taglist":[],"lefttop_taglist":[],"link":"http://item.meilishuo.com/h5/detail/1m7tjze?acm=3.ms.0_4_1m7tjze.0.53971-69004.ni0a4r4QKP4wb.t_-sd_117-lc_16","orgPrice":"\uffe5140.00","popularStar":0,"price":"98.00","props":["\u65f6\u5c1aOL\u5973\u795e\u5957\u88c52018\u79cb\u5b63\u65b0\u6b3e\u65b0\u6b3e\u7b80\u7ea6\u767e\u642d\u886c\u886b\u9ad8\u8170\u65f6\u9ae6\u6761\u7eb9\u54c8\u4f26\u88e4\u4e24\u4ef6\u5957\u5973"],"ptpC":"_mb_mls_10057922_wap-index_noab-noab","sale":1753,"shopId":20288336,"show":{"h":416,"img":"http://s3.mogucdn.com/mlcdn/c45406/180829_2kkjklb37965g608kk717ab0i7579_640x960.jpg_320x999.jpg","w":320},"showLarge":{"h":840,"img":"http://s11.mogucdn.com/mlcdn/c45406/180829_2kkjklb37965g608kk717ab0i7579_640x960.jpg_560x999.jpg","w":560},"title":"\u65f6\u5c1aOL\u5973\u795e\u5957\u88c52018\u79cb\u5b63\u65b0\u6b3e\u65b0\u6b3e\u7b80\u7ea6\u767e\u642d\u886c\u886b\u9ad8\u8170\u65f6\u9ae6\u6761\u7eb9\u54c8\u4f26\u88e4\u4e24\u4ef6\u5957\u5973","titleTags":null,"type":2},{"acm":"3.ms.0_4_1m14kca.0.53971-69004.ni0a4r4QKP4wb.t_-sd_117-lc_16","cfav":18,"clientUrl":"http://item.meilishuo.com/h5/detail/1m14kca?acm=3.ms.0_4_1m14kca.0.53971-69004.ni0a4r4QKP4wb.t_-sd_117-lc_16","cparam":null,"iid":"1m14kca","itemMarks":"353 181","itemType":10,"leftbottom_taglist":[],"lefttop_taglist":[],"link":"http://item.meilishuo.com/h5/detail/1m14kca?acm=3.ms.0_4_1m14kca.0.53971-69004.ni0a4r4QKP4wb.t_-sd_117-lc_16","orgPrice":"\uffe5140.00","popularStar":0,"price":"140.00","props":["2018\u6625\u79cb\u5b63\u65b0\u6b3e\u665a\u665a\u98ce\u5c0f\u6e05\u65b0\u4fcf\u76ae\u6e2f\u98ce\u5973\u795e\u8303\u9614\u817f\u88e4\u65f6\u5c1a\u4e24\u4ef6\u5957\u88c5"],"ptpC":"_mb_mls_10057922_wap-index_noab-noab","sale":1215,"shopId":1302409438,"show":{"h":416,"img":"http://s11.mogucdn.com/mlcdn/c45406/180512_1905ccf1294hg559d30f8flah8k0j_640x959.jpg_320x999.jpg","w":320},"showLarge":{"h":840,"img":"http://s11.mogucdn.com/mlcdn/c45406/180512_1905ccf1294hg559d30f8flah8k0j_640x959.jpg_560x999.jpg","w":560},"title":"2018\u6625\u79cb\u5b63\u65b0\u6b3e\u665a\u665a\u98ce\u5c0f\u6e05\u65b0\u4fcf\u76ae\u6e2f\u98ce\u5973\u795e\u8303\u9614\u817f\u88e4\u65f6\u5c1a\u4e24\u4ef6\u5957\u88c5","titleTags":null,"type":2},{"acm":"3.ms.2_1_1m7kooo.0.70867-69004.ni0a4r4QKP4wb.sd_117-c_2_32_443917447_1287230648_33_0-t_-c1_10057922_nil_nil_2_1287230648_30_0-lc_32","cfav":"94","clientUrl":"http://item.meilishuo.com/h5/detail/1m7kooo?acm=3.ms.2_1_1m7kooo.0.70867-69004.ni0a4r4QKP4wb.sd_117-c_2_32_443917447_1287230648_33_0-t_-c1_10057922_nil_nil_2_1287230648_30_0-lc_32&cparam=MTUzODA1MDQyMV8xZW9sZHR5XzIzODAwMDUyMjA5NGY0OGJlMzUzM2YwOWI5ZjIyYTY3XzMyXzE0XzQ0MzkxNzQ0N18wXzBfMzNfMF8xN18wXzA=","cparam":"MTUzODA1MDQyMV8xZW9sZHR5XzIzODAwMDUyMjA5NGY0OGJlMzUzM2YwOWI5ZjIyYTY3XzMyXzE0XzQ0MzkxNzQ0N18wXzBfMzNfMF8xN18wXzA=","iid":"1m7kooo","itemMarks":"-1","itemType":7,"leftbottom_taglist":[],"lefttop_taglist":[],"link":"http://item.meilishuo.com/h5/detail/1m7kooo?acm=3.ms.2_1_1m7kooo.0.70867-69004.ni0a4r4QKP4wb.sd_117-c_2_32_443917447_1287230648_33_0-t_-c1_10057922_nil_nil_2_1287230648_30_0-lc_32&cparam=MTUzODA1MDQyMV8xZW9sZHR5XzIzODAwMDUyMjA5NGY0OGJlMzUzM2YwOWI5ZjIyYTY3XzMyXzE0XzQ0MzkxNzQ0N18wXzBfMzNfMF8xN18wXzA=","orgPrice":"\uffe540.00","popularStar":null,"price":"40.00","props":["2018\u65b0\u6b3e\u79cb\u88c5\u5973\u88c5\u4e0a\u8863\u670d\u539f\u5bbf\u98ce\u767e\u642d\u65f6\u5c1a\u80d6\u59b9\u59b9\u59d0\u59b9\u88c5\u4f53\u6064\u886b\u97e9\u7248\u5973\u5b66\u751f\u95fa\u871c\u88c5\u5927\u7801\u7b80\u7ea6\u5370\u82b1t\u6064"],"ptpC":"_mb_mls_10057922_wap-index_noab-noab","sale":"59","shopId":"1302404510","show":{"h":416,"img":"http://s3.mogucdn.com/mlcdn/55cf19/180823_615j1h90clg9l60c65hkj7da76bl8_640x960.jpg_320x999.jpg","w":320},"showLarge":{"h":840,"img":"http://s3.mogucdn.com/mlcdn/55cf19/180823_615j1h90clg9l60c65hkj7da76bl8_640x960.jpg_560x999.jpg","w":560},"title":"2018\u65b0\u6b3e\u79cb\u88c5\u5973\u88c5\u4e0a\u8863\u670d\u539f\u5bbf\u98ce\u767e\u642d\u65f6\u5c1a\u80d6\u59b9\u59b9\u59d0\u59b9\u88c5\u4f53\u6064\u886b\u97e9\u7248\u5973\u5b66\u751f\u95fa\u871c\u88c5\u5927\u7801\u7b80\u7ea6\u5370\u82b1t\u6064","titleTags":null,"type":2},{"acm":"3.ms.2_1_1m3djgk.0.70867-69004.ni0a4r4QKP4wb.sd_117-c_2_32_393890050_1245764919_34_0-t_-c1_10057922_nil_nil_2_1245764919_30_0-lc_32","cfav":"377","clientUrl":"http://item.meilishuo.com/h5/detail/1m3djgk?acm=3.ms.2_1_1m3djgk.0.70867-69004.ni0a4r4QKP4wb.sd_117-c_2_32_393890050_1245764919_34_0-t_-c1_10057922_nil_nil_2_1245764919_30_0-lc_32&cparam=MTUzODA1MDQyMV8xZDEwdjI0X2JmOGMyYWVkOGRiNTk4ODJjZmI4NGM0NTM3NDlmMzcxXzMyXzE1XzM5Mzg5MDA1MF8wXzBfMzRfMF8xODZfMF8w","cparam":"MTUzODA1MDQyMV8xZDEwdjI0X2JmOGMyYWVkOGRiNTk4ODJjZmI4NGM0NTM3NDlmMzcxXzMyXzE1XzM5Mzg5MDA1MF8wXzBfMzRfMF8xODZfMF8w","iid":"1m3djgk","itemMarks":"-1","itemType":7,"leftbottom_taglist":[],"lefttop_taglist":[],"link":"http://item.meilishuo.com/h5/detail/1m3djgk?acm=3.ms.2_1_1m3djgk.0.70867-69004.ni0a4r4QKP4wb.sd_117-c_2_32_393890050_1245764919_34_0-t_-c1_10057922_nil_nil_2_1245764919_30_0-lc_32&cparam=MTUzODA1MDQyMV8xZDEwdjI0X2JmOGMyYWVkOGRiNTk4ODJjZmI4NGM0NTM3NDlmMzcxXzMyXzE1XzM5Mzg5MDA1MF8wXzBfMzRfMF8xODZfMF8w","orgPrice":"\uffe542.72","popularStar":null,"price":"29.90","props":["\u5bbd\u677e\u767d\u8272\u77ed\u8896T\u6064\u5973\u97e9\u7248\u534a\u8896\u4e0a\u8863\u5370\u82b12018\u590f\u5b63\u5973\u88c5\u65b0\u6b3e\u73ed\u670dins\u65f6\u5c1a\u767e\u642d\u5b66\u751f\u8863\u670d\u5927\u7801\u4f53\u6064"],"ptpC":"_mb_mls_10057922_wap-index_noab-noab","sale":"483","shopId":"22235597","show":{"h":416,"img":"http://s11.mogucdn.com/mlcdn/c45406/180605_4a729974hlkaegijcje5lc491gf73_800x1200.jpg_320x999.jpg","w":320},"showLarge":{"h":840,"img":"http://s3.mogucdn.com/mlcdn/c45406/180605_4a729974hlkaegijcje5lc491gf73_800x1200.jpg_560x999.jpg","w":560},"title":"\u5bbd\u677e\u767d\u8272\u77ed\u8896T\u6064\u5973\u97e9\u7248\u534a\u8896\u4e0a\u8863\u5370\u82b12018\u590f\u5b63\u5973\u88c5\u65b0\u6b3e\u73ed\u670dins\u65f6\u5c1a\u767e\u642d\u5b66\u751f\u8863\u670d\u5927\u7801\u4f53\u6064","titleTags":null,"type":2},{"acm":"3.ms.2_1_1lxjq0o.0.70867-69004.ni0a4r4QKP4wb.sd_117-c_2_32_365365834_1155937381_35_0-t_-c1_10057922_nil_nil_2_1155937381_20_0-lc_32","cfav":"1238","clientUrl":"http://item.meilishuo.com/h5/detail/1lxjq0o?acm=3.ms.2_1_1lxjq0o.0.70867-69004.ni0a4r4QKP4wb.sd_117-c_2_32_365365834_1155937381_35_0-t_-c1_10057922_nil_nil_2_1155937381_20_0-lc_32&cparam=MTUzODA1MDQyMV8xYzMyNDdnX2JkN2M5NTlhYjM0YjE2MGYyYTRjZDMzNjg3MDJlYmRiXzMyXzE2XzM2NTM2NTgzNF8wXzBfMzVfMF81NjVfMF8w","cparam":"MTUzODA1MDQyMV8xYzMyNDdnX2JkN2M5NTlhYjM0YjE2MGYyYTRjZDMzNjg3MDJlYmRiXzMyXzE2XzM2NTM2NTgzNF8wXzBfMzVfMF81NjVfMF8w","iid":"1lxjq0o","itemMarks":"1525 352 351","itemType":7,"leftbottom_taglist":[],"lefttop_taglist":[],"link":"http://item.meilishuo.com/h5/detail/1lxjq0o?acm=3.ms.2_1_1lxjq0o.0.70867-69004.ni0a4r4QKP4wb.sd_117-c_2_32_365365834_1155937381_35_0-t_-c1_10057922_nil_nil_2_1155937381_20_0-lc_32&cparam=MTUzODA1MDQyMV8xYzMyNDdnX2JkN2M5NTlhYjM0YjE2MGYyYTRjZDMzNjg3MDJlYmRiXzMyXzE2XzM2NTM2NTgzNF8wXzBfMzVfMF81NjVfMF8w","orgPrice":"\uffe570.00","popularStar":null,"price":"49.00","props":["2018\u590f\u5b63\u65b0\u6b3e\u7d2b\u8272\u767e\u642d\u6b3e\u5957\u5934\u5bbd\u677e\u5b66\u751fT\u6064\u5973\u4e0a\u8863\u6f6e4\u8272"],"ptpC":"_mb_mls_10057922_wap-index_noab-noab","sale":"198","shopId":"108443","show":{"h":416,"img":"http://s3.mogucdn.com/mlcdn/c45406/180611_726a37lae19b64lbljh9k6jch572a_640x960.jpg_320x999.jpg","w":320},"showLarge":{"h":840,"img":"http://s11.mogucdn.com/mlcdn/c45406/180611_726a37lae19b64lbljh9k6jch572a_640x960.jpg_560x999.jpg","w":560},"title":"2018\u590f\u5b63\u65b0\u6b3e\u7d2b\u8272\u767e\u642d\u6b3e\u5957\u5934\u5bbd\u677e\u5b66\u751fT\u6064\u5973\u4e0a\u8863\u6f6e4\u8272","titleTags":null,"type":2},{"acm":"3.ms.2_1_1m70m28.0.70867-69004.ni0a4r4QKP4wb.sd_117-c_2_32_444377107_0_36_0-t_-c1_10057922_nil_nil_0_0_30_0-lc_32","cfav":"9","clientUrl":"http://item.meilishuo.com/h5/detail/1m70m28?acm=3.ms.2_1_1m70m28.0.70867-69004.ni0a4r4QKP4wb.sd_117-c_2_32_444377107_0_36_0-t_-c1_10057922_nil_nil_0_0_30_0-lc_32&cparam=MTUzODA1MDQyMV8xZXA1MzZtXzcwMjJhZTM2OWRhZDc3MWFhN2Q1MjNiYjNlNTZkYzhlXzMyXzE3XzQ0NDM3NzEwN18wXzBfMzZfMF8zNDVfMF8w","cparam":"MTUzODA1MDQyMV8xZXA1MzZtXzcwMjJhZTM2OWRhZDc3MWFhN2Q1MjNiYjNlNTZkYzhlXzMyXzE3XzQ0NDM3NzEwN18wXzBfMzZfMF8zNDVfMF8w","iid":"1m70m28","itemMarks":"1525","itemType":7,"leftbottom_taglist":[],"lefttop_taglist":[],"link":"http://item.meilishuo.com/h5/detail/1m70m28?acm=3.ms.2_1_1m70m28.0.70867-69004.ni0a4r4QKP4wb.sd_117-c_2_32_444377107_0_36_0-t_-c1_10057922_nil_nil_0_0_30_0-lc_32&cparam=MTUzODA1MDQyMV8xZXA1MzZtXzcwMjJhZTM2OWRhZDc3MWFhN2Q1MjNiYjNlNTZkYzhlXzMyXzE3XzQ0NDM3NzEwN18wXzBfMzZfMF8zNDVfMF8w","orgPrice":"\uffe564.29","popularStar":null,"price":"45.00","props":["\u79cb\u51ac\u65b0\u6b3eV\u9886\u649e\u8272\u6761\u7eb9\u957f\u8896\u6253\u5e95\u886b\u5bbd\u677e\u77ed\u6b3e\u4e0a\u8863\u5c0f\u886b2018\u79cb\u5b63\u97e9\u7248\u767e\u642d\u5b66\u751f\u95fa\u871c\u88c5\u663e\u7626\u7eaf\u68c9t\u6064\u5973"],"ptpC":"_mb_mls_10057922_wap-index_noab-noab","sale":"6","shopId":"1300046885","show":{"h":416,"img":"http://s11.mogucdn.com/mlcdn/c45406/180808_830ji849kbjbci113j19e11igkf44_640x960.jpg_320x999.jpg","w":320},"showLarge":{"h":840,"img":"http://s3.mogucdn.com/mlcdn/c45406/180808_830ji849kbjbci113j19e11igkf44_640x960.jpg_560x999.jpg","w":560},"title":"\u79cb\u51ac\u65b0\u6b3eV\u9886\u649e\u8272\u6761\u7eb9\u957f\u8896\u6253\u5e95\u886b\u5bbd\u677e\u77ed\u6b3e\u4e0a\u8863\u5c0f\u886b2018\u79cb\u5b63\u97e9\u7248\u767e\u642d\u5b66\u751f\u95fa\u871c\u88c5\u663e\u7626\u7eaf\u68c9t\u6064\u5973","titleTags":null,"type":2}],"page":2,"param":{"_mgjuuid":"01edb4bf-31b4-42c1-80a4-0ebfbf93bb86","cKey":"wap-index","cpcEventId":70005,"cpc_offset":0,"eventId":70003,"fcid":"10057922","page":"2","ptpPartC":"_mb_mls_10057922_wap-index_noab-noab","ptpWallCpc":"_wall_cpc","ptpWallDoc":"_wall_docs","section":"0","sort":"pop"},"ptpPartC":"_mb_mls_10057922_wap-index_noab-noab","sort":"pop","title":"\u7f8e\u4e3d\u8bf4wap\u9996\u9875","total":40932},"returnCode":"1001","returnMessage":null,"success":true}
