{"data":{"cpc_offset":0,"filter":{"list":[{"fcid":"10057922","sort":"pop","style":null,"title":"\u6d41\u884c","type":"sort"},{"fcid":"10057922","sort":"sell","style":null,"title":"\u70ed\u9500","type":"sort"},{"fcid":"10057922","sort":"new","style":null,"title":"\u4e0a\u65b0","type":"sort"}],"title":"\u7f8e\u4e3d\u8bf4wap\u9996\u9875"},"isEnd":false,"list":[{"acm":"3.ms.0_4_1m6dg5k.0.13384-69004.s026vr4QKUMPr.t_-sd_117-lc_16","cfav":103,"clientUrl":"http://item.meilishuo.com/h5/detail/1m6dg5k?acm=3.ms.0_4_1m6dg5k.0.13384-69004.s026vr4QKUMPr.t_-sd_117-lc_16","cparam":null,"iid":"1m6dg5k","itemMarks":"353 181","itemType":10,"leftbottom_taglist":[],"lefttop_taglist":[],"link":"http://item.meilishuo.com/h5/detail/1m6dg5k?acm=3.ms.0_4_1m6dg5k.0.13384-69004.s026vr4QKUMPr.t_-sd_117-lc_16","orgPrice":"\uffe599.00","popularStar":0,"price":"69.30","props":["2018\u79cb\u51ac\u88c5\u65b0\u6b3e\u65f6\u5c1a\u5957\u88c5\u5973\u97e9\u7248\u4f11\u95f2\u5bbd\u677e\u4e2d\u957f\u6b3e\u98ce\u8863\u5916\u5957+\u9ad8\u8170\u4fee\u8eab\u5f39\u529b\u725b\u4ed4\u88e4\u4e24\u4ef6\u5957\u5973"],"ptpC":"_mb_mls_10057922_wap-index_noab-noab","sale":1276,"shopId":21920492,"show":{"h":416,"img":"http://s3.mogucdn.com/mlcdn/c45406/180724_6f4lge8d5ll042b6lgbj561f186fj_640x960.jpg_320x999.jpg","w":320},"showLarge":{"h":840,"img":"http://s3.mogucdn.com/mlcdn/c45406/180724_6f4lge8d5ll042b6lgbj561f186fj_640x960.jpg_560x999.jpg","w":560},"title":"2018\u79cb\u51ac\u88c5\u65b0\u6b3e\u65f6\u5c1a\u5957\u88c5\u5973\u97e9\u7248\u4f11\u95f2\u5bbd\u677e\u4e2d\u957f\u6b3e\u98ce\u8863\u5916\u5957+\u9ad8\u8170\u4fee\u8eab\u5f39\u529b\u725b\u4ed4\u88e4\u4e24\u4ef6\u5957\u5973","titleTags":null,"type":2},{"acm":"3.ms.0_4_1klchjq.0.13384-69004.s026vr4QKUMPr.t_-sd_117-lc_16","cfav":2928,"clientUrl":"http://item.meilishuo.com/h5/detail/1klchjq?acm=3.ms.0_4_1klchjq.0.13384-69004.s026vr4QKUMPr.t_-sd_117-lc_16","cparam":null,"iid":"1klchjq","itemMarks":"1525 2 138 82 61 172","itemType":10,"leftbottom_taglist":[],"lefttop_taglist":[],"link":"http://item.meilishuo.com/h5/detail/1klchjq?acm=3.ms.0_4_1klchjq.0.13384-69004.s026vr4QKUMPr.t_-sd_117-lc_16","orgPrice":"\uffe584.29","popularStar":0,"price":"59.00","props":["2018\u6625\u79cb\u5b63\u5973\u88c5\u65b0\u6b3e\u97e9\u7248\u5973\u683c\u5b50\u886c\u886b\u524d\u77ed\u540e\u957f\u9488\u7ec7\u767e\u642d\u5f00\u886b\u5916\u5957\u76f4\u7b52\u725b\u4ed4\u88e4\u4e24\u4ef6\u5957\u4e09\u4ef6\u5957\u65f6\u5c1a\u5957\u88c5"],"ptpC":"_mb_mls_10057922_wap-index_noab-noab","sale":8172,"shopId":109314,"show":{"h":416,"img":"http://s11.mogucdn.com/mlcdn/c45406/170924_152hjhlji2bfh01ej874ihi32kjl8_640x960.jpg_320x999.jpg","w":320},"showLarge":{"h":840,"img":"http://s3.mogucdn.com/mlcdn/c45406/170924_152hjhlji2bfh01ej874ihi32kjl8_640x960.jpg_560x999.jpg","w":560},"title":"2018\u6625\u79cb\u5b63\u5973\u88c5\u65b0\u6b3e\u97e9\u7248\u5973\u683c\u5b50\u886c\u886b\u524d\u77ed\u540e\u957f\u9488\u7ec7\u767e\u642d\u5f00\u886b\u5916\u5957\u76f4\u7b52\u725b\u4ed4\u88e4\u4e24\u4ef6\u5957\u4e09\u4ef6\u5957\u65f6\u5c1a\u5957\u88c5","titleTags":null,"type":2},{"acm":"3.ms.2_1_1m1d2os.0.70867-69004.s026vr4QKUMPr.sd_117-c_2_32_379462856_1212372585_37_0-t_-c1_10057922_nil_nil_2_1212372585_20_0-lc_32","cfav":"810","clientUrl":"http://item.meilishuo.com/h5/detail/1m1d2os?acm=3.ms.2_1_1m1d2os.0.70867-69004.s026vr4QKUMPr.sd_117-c_2_32_379462856_1212372585_37_0-t_-c1_10057922_nil_nil_2_1212372585_20_0-lc_32&cparam=MTUzODA1MDQ0Ml8xY2p1ZXZjX2ViZjRiNWNjNTU2ZjhkNmJlODYzNzkyZDIxYjZmYjk0XzMyXzBfMzc5NDYyODU2XzBfMF8zN18wXzU2NV8wXzA=","cparam":"MTUzODA1MDQ0Ml8xY2p1ZXZjX2ViZjRiNWNjNTU2ZjhkNmJlODYzNzkyZDIxYjZmYjk0XzMyXzBfMzc5NDYyODU2XzBfMF8zN18wXzU2NV8wXzA=","iid":"1m1d2os","itemMarks":"1525","itemType":7,"leftbottom_taglist":["http://s2.mogucdn.com/p2/170307/1_53je1gbj88bjheidae4al1le4h94i_60x28.png"],"lefttop_taglist":[],"link":"http://item.meilishuo.com/h5/detail/1m1d2os?acm=3.ms.2_1_1m1d2os.0.70867-69004.s026vr4QKUMPr.sd_117-c_2_32_379462856_1212372585_37_0-t_-c1_10057922_nil_nil_2_1212372585_20_0-lc_32&cparam=MTUzODA1MDQ0Ml8xY2p1ZXZjX2ViZjRiNWNjNTU2ZjhkNmJlODYzNzkyZDIxYjZmYjk0XzMyXzBfMzc5NDYyODU2XzBfMF8zN18wXzU2NV8wXzA=","orgPrice":"\uffe556.00","popularStar":null,"price":"39.20","props":["2018\u6625\u590f\u65b0\u6b3e\u5973\u88c5\u5bbd\u677e\u6f6eV\u9886\u7834\u6d1e\u9542\u7a7a\u5b57\u6bcd\u5370\u82b1\u77ed\u8896T\u6064"],"ptpC":"_mb_mls_10057922_wap-index_noab-noab","sale":"443","shopId":"108443","show":{"h":416,"img":"http://s3.mogucdn.com/mlcdn/c45406/180514_1429jg0febkbdfk1ab3c8clah84cb_640x960.jpg_320x999.jpg","w":320},"showLarge":{"h":840,"img":"http://s3.mogucdn.com/mlcdn/c45406/180514_1429jg0febkbdfk1ab3c8clah84cb_640x960.jpg_560x999.jpg","w":560},"title":"2018\u6625\u590f\u65b0\u6b3e\u5973\u88c5\u5bbd\u677e\u6f6eV\u9886\u7834\u6d1e\u9542\u7a7a\u5b57\u6bcd\u5370\u82b1\u77ed\u8896T\u6064","titleTags":null,"type":2},{"acm":"3.ms.2_1_1m7jtbq.0.70867-69004.s026vr4QKUMPr.sd_117-c_2_32_444377113_0_38_0-t_-c1_10057922_nil_nil_0_0_30_0-lc_32","cfav":"12","clientUrl":"http://item.meilishuo.com/h5/detail/1m7jtbq?acm=3.ms.2_1_1m7jtbq.0.70867-69004.s026vr4QKUMPr.sd_117-c_2_32_444377113_0_38_0-t_-c1_10057922_nil_nil_0_0_30_0-lc_32&cparam=MTUzODA1MDQ0Ml8xZXA1MzZ5X2Q1M2U0MjRmYTE5NWU3YThhYjAwZTFlZDA1NzJiOTJlXzMyXzFfNDQ0Mzc3MTEzXzBfMF8zOF8wXzM0NV8wXzA=","cparam":"MTUzODA1MDQ0Ml8xZXA1MzZ5X2Q1M2U0MjRmYTE5NWU3YThhYjAwZTFlZDA1NzJiOTJlXzMyXzFfNDQ0Mzc3MTEzXzBfMF8zOF8wXzM0NV8wXzA=","iid":"1m7jtbq","itemMarks":"1525","itemType":7,"leftbottom_taglist":["http://s2.mogucdn.com/p2/170307/1_5k6k8eiffl43633479294a49f8gci_60x28.png"],"lefttop_taglist":[],"link":"http://item.meilishuo.com/h5/detail/1m7jtbq?acm=3.ms.2_1_1m7jtbq.0.70867-69004.s026vr4QKUMPr.sd_117-c_2_32_444377113_0_38_0-t_-c1_10057922_nil_nil_0_0_30_0-lc_32&cparam=MTUzODA1MDQ0Ml8xZXA1MzZ5X2Q1M2U0MjRmYTE5NWU3YThhYjAwZTFlZDA1NzJiOTJlXzMyXzFfNDQ0Mzc3MTEzXzBfMF8zOF8wXzM0NV8wXzA=","orgPrice":"\uffe564.29","popularStar":null,"price":"45.00","props":["\u79cb\u5b63\u65b0\u6b3e\u767e\u642d\u5b66\u751f\u95fa\u871c\u88c5V\u9886\u957f\u8896\u7af9\u8282\u68c9t\u6064\u59732018\u79cb\u51ac\u97e9\u7248\u5bbd\u677e\u663e\u7626\u7eaf\u8272\u6253\u5e95\u886b\u77ed\u6b3e\u4e0a\u8863\u670d\u4f53\u6064"],"ptpC":"_mb_mls_10057922_wap-index_noab-noab","sale":"14","shopId":"1300046885","show":{"h":416,"img":"http://s3.mogucdn.com/mlcdn/c45406/180822_5d29k4j5g79jg043f591f6igbcdg6_640x960.jpg_320x999.jpg","w":320},"showLarge":{"h":840,"img":"http://s11.mogucdn.com/mlcdn/c45406/180822_5d29k4j5g79jg043f591f6igbcdg6_640x960.jpg_560x999.jpg","w":560},"title":"\u79cb\u5b63\u65b0\u6b3e\u767e\u642d\u5b66\u751f\u95fa\u871c\u88c5V\u9886\u957f\u8896\u7af9\u8282\u68c9t\u6064\u59732018\u79cb\u51ac\u97e9\u7248\u5bbd\u677e\u663e\u7626\u7eaf\u8272\u6253\u5e95\u886b\u77ed\u6b3e\u4e0a\u8863\u670d\u4f53\u6064","titleTags":null,"type":2},{"acm":"3.ms.0_4_1m6s1em.0.13384-69004.s026vr4QKUMPr.t_-sd_117-lc_16","cfav":12,"clientUrl":"http://item.meilishuo.com/h5/detail/1m6s1em?acm=3.ms.0_4_1m6s1em.0.13384-69004.s026vr4QKUMPr.t_-sd_117-lc_16","cparam":null,"iid":"1m6s1em","itemMarks":"-1","itemType":10,"leftbottom_taglist":[],"lefttop_taglist":[],"link":"http://item.meilishuo.com/h5/detail/1m6s1em?acm=3.ms.0_4_1m6s1em.0.13384-69004.s026vr4QKUMPr.t_-sd_117-lc_16","orgPrice":"\uffe5198.00","popularStar":0,"price":"198.00","props":["2018\u79cb\u88c5\u65b0\u6b3echic\u5957\u88c5\u5973\u4e94\u5206\u8896\u683c\u7eb9\u8584\u6b3e\u5c0f\u897f\u88c5\u5916\u5957+\u9ad8\u8170\u77ed\u88e4\u4e24\u4ef6\u5957\u79cb\u5b63\u95fa\u871c\u88c5"],"ptpC":"_mb_mls_10057922_wap-index_noab-noab","sale":1295,"shopId":1302424794,"show":{"h":416,"img":"http://s3.mogucdn.com/mlcdn/c45406/180802_6l13843bg4fdl9dg1ekcikb474b9f_640x960.jpg_320x999.jpg","w":320},"showLarge":{"h":840,"img":"http://s3.mogucdn.com/mlcdn/c45406/180802_6l13843bg4fdl9dg1ekcikb474b9f_640x960.jpg_560x999.jpg","w":560},"title":"2018\u79cb\u88c5\u65b0\u6b3echic\u5957\u88c5\u5973\u4e94\u5206\u8896\u683c\u7eb9\u8584\u6b3e\u5c0f\u897f\u88c5\u5916\u5957+\u9ad8\u8170\u77ed\u88e4\u4e24\u4ef6\u5957\u79cb\u5b63\u95fa\u871c\u88c5","titleTags":null,"type":2},{"acm":"3.ms.0_4_1m81ha6.0.13384-69004.s026vr4QKUMPr.t_-sd_117-lc_16","cfav":4,"clientUrl":"http://item.meilishuo.com/h5/detail/1m81ha6?acm=3.ms.0_4_1m81ha6.0.13384-69004.s026vr4QKUMPr.t_-sd_117-lc_16","cparam":null,"iid":"1m81ha6","itemMarks":"1525 353 181","itemType":10,"leftbottom_taglist":[],"lefttop_taglist":[],"link":"http://item.meilishuo.com/h5/detail/1m81ha6?acm=3.ms.0_4_1m81ha6.0.13384-69004.s026vr4QKUMPr.t_-sd_117-lc_16","orgPrice":"\uffe598.58","popularStar":0,"price":"69.00","props":["2018\u79cb\u5b63\u65b0\u6b3e\u97e9\u7248\u6175\u61d2\u7b80\u7ea6\u5bbd\u677e\u957f\u8896\u9488\u7ec7\u886b\u6bdb\u8863\u4e0a\u8863+\u767e\u642d\u663e\u7626\u957f\u6b3e\u540a\u5e26\u88d9\u8fde\u8863\u88d9\u4e24\u4ef6\u5957\u65f6\u5c1a\u5957\u88c5"],"ptpC":"_mb_mls_10057922_wap-index_noab-noab","sale":1167,"shopId":21359576,"show":{"h":416,"img":"http://s3.mogucdn.com/mlcdn/c45406/180902_2f3hfibh6gaijjebi0a8li30ld7lb_640x960.jpg_320x999.jpg","w":320},"showLarge":{"h":840,"img":"http://s3.mogucdn.com/mlcdn/c45406/180902_2f3hfibh6gaijjebi0a8li30ld7lb_640x960.jpg_560x999.jpg","w":560},"title":"2018\u79cb\u5b63\u65b0\u6b3e\u97e9\u7248\u6175\u61d2\u7b80\u7ea6\u5bbd\u677e\u957f\u8896\u9488\u7ec7\u886b\u6bdb\u8863\u4e0a\u8863+\u767e\u642d\u663e\u7626\u957f\u6b3e\u540a\u5e26\u88d9\u8fde\u8863\u88d9\u4e24\u4ef6\u5957\u65f6\u5c1a\u5957\u88c5","titleTags":null,"type":2},{"acm":"3.ms.2_1_1m1glwg.0.70867-69004.s026vr4QKUMPr.sd_117-c_2_32_381288001_1213682055_39_0-t_-c1_10057922_nil_nil_2_1213682055_20_0-lc_32","cfav":"430","clientUrl":"http://item.meilishuo.com/h5/detail/1m1glwg?acm=3.ms.2_1_1m1glwg.0.70867-69004.s026vr4QKUMPr.sd_117-c_2_32_381288001_1213682055_39_0-t_-c1_10057922_nil_nil_2_1213682055_20_0-lc_32&cparam=MTUzODA1MDQ0Ml8xY20wbmdhXzI2OGY5NmI2MTViZDU5OTEzZjQ4YTg4OTE1NTNjYWYyXzMyXzJfMzgxMjg4MDAxXzBfMF8zOV8wXzU2NV8wXzA=","cparam":"MTUzODA1MDQ0Ml8xY20wbmdhXzI2OGY5NmI2MTViZDU5OTEzZjQ4YTg4OTE1NTNjYWYyXzMyXzJfMzgxMjg4MDAxXzBfMF8zOV8wXzU2NV8wXzA=","iid":"1m1glwg","itemMarks":"1525","itemType":7,"leftbottom_taglist":[],"lefttop_taglist":[],"link":"http://item.meilishuo.com/h5/detail/1m1glwg?acm=3.ms.2_1_1m1glwg.0.70867-69004.s026vr4QKUMPr.sd_117-c_2_32_381288001_1213682055_39_0-t_-c1_10057922_nil_nil_2_1213682055_20_0-lc_32&cparam=MTUzODA1MDQ0Ml8xY20wbmdhXzI2OGY5NmI2MTViZDU5OTEzZjQ4YTg4OTE1NTNjYWYyXzMyXzJfMzgxMjg4MDAxXzBfMF8zOV8wXzU2NV8wXzA=","orgPrice":"\uffe570.00","popularStar":null,"price":"49.00","props":["2018\u590f\u5b63\u65b0\u6b3e\u97e9\u7248\u4e1d\u7ef8\u7c89\u8272ins\u8d85\u706b\u4e1d\u6ed1\u5fb7\u8299\u675f\u817f\u4e5d\u5206\u88e4\u4f11\u95f2\u8fd0\u52a8\u88e4\u5973\u6f6e"],"ptpC":"_mb_mls_10057922_wap-index_noab-noab","sale":"104","shopId":"108443","show":{"h":416,"img":"http://s3.mogucdn.com/mlcdn/c45406/180515_0fah77g21j987i5gc788e6ebk2389_640x960.jpg_320x999.jpg","w":320},"showLarge":{"h":840,"img":"http://s11.mogucdn.com/mlcdn/c45406/180515_0fah77g21j987i5gc788e6ebk2389_640x960.jpg_560x999.jpg","w":560},"title":"2018\u590f\u5b63\u65b0\u6b3e\u97e9\u7248\u4e1d\u7ef8\u7c89\u8272ins\u8d85\u706b\u4e1d\u6ed1\u5fb7\u8299\u675f\u817f\u4e5d\u5206\u88e4\u4f11\u95f2\u8fd0\u52a8\u88e4\u5973\u6f6e","titleTags":null,"type":2},{"acm":"3.ms.2_1_1lxnnys.0.70867-69004.s026vr4QKUMPr.sd_117-c_2_32_363481235_418906847_40_0-t_-c1_10057922_nil_nil_1_418906847_20_0-lc_32","cfav":"450","clientUrl":"http://item.meilishuo.com/h5/detail/1lxnnys?acm=3.ms.2_1_1lxnnys.0.70867-69004.s026vr4QKUMPr.sd_117-c_2_32_363481235_418906847_40_0-t_-c1_10057922_nil_nil_1_418906847_20_0-lc_32&cparam=MTUzODA1MDQ0Ml8xYzB0YnZpXzNkOGI2M2NjNjkzNDdjMjMyMDE2NjM4MDA3NzUxMWQzXzMyXzNfMzYzNDgxMjM1XzBfMF80MF8wXzMxMV8wXzA=","cparam":"MTUzODA1MDQ0Ml8xYzB0YnZpXzNkOGI2M2NjNjkzNDdjMjMyMDE2NjM4MDA3NzUxMWQzXzMyXzNfMzYzNDgxMjM1XzBfMF80MF8wXzMxMV8wXzA=","iid":"1lxnnys","itemMarks":"1525","itemType":7,"leftbottom_taglist":[],"lefttop_taglist":[],"link":"http://item.meilishuo.com/h5/detail/1lxnnys?acm=3.ms.2_1_1lxnnys.0.70867-69004.s026vr4QKUMPr.sd_117-c_2_32_363481235_418906847_40_0-t_-c1_10057922_nil_nil_1_418906847_20_0-lc_32&cparam=MTUzODA1MDQ0Ml8xYzB0YnZpXzNkOGI2M2NjNjkzNDdjMjMyMDE2NjM4MDA3NzUxMWQzXzMyXzNfMzYzNDgxMjM1XzBfMF80MF8wXzMxMV8wXzA=","orgPrice":"\uffe540.00","popularStar":null,"price":"28.00","props":["2\u4ef650\u5143\u73ed\u670d\u590f\u5b63t\u6064\u5973\u77ed\u8896\u5bbd\u677e\u5b66\u751f\u60c5\u4fa3\u88c5\u590f\u88c52018\u65b0\u6b3e\u97e9\u7248ulzzang\u767e\u642d\u8863\u670d\u6f6e\u5bbd\u677e"],"ptpC":"_mb_mls_10057922_wap-index_noab-noab","sale":"83","shopId":"21689974","show":{"h":416,"img":"http://s11.mogucdn.com/mlcdn/c45406/180416_359hjeljbc1djcf29db75b11j401c_640x960.jpg_320x999.jpg","w":320},"showLarge":{"h":840,"img":"http://s11.mogucdn.com/mlcdn/c45406/180416_359hjeljbc1djcf29db75b11j401c_640x960.jpg_560x999.jpg","w":560},"title":"2\u4ef650\u5143\u73ed\u670d\u590f\u5b63t\u6064\u5973\u77ed\u8896\u5bbd\u677e\u5b66\u751f\u60c5\u4fa3\u88c5\u590f\u88c52018\u65b0\u6b3e\u97e9\u7248ulzzang\u767e\u642d\u8863\u670d\u6f6e\u5bbd\u677e","titleTags":null,"type":2},{"acm":"3.ms.2_1_1m70m9w.0.70867-69004.s026vr4QKUMPr.sd_117-c_2_32_444377112_0_41_0-t_-c1_10057922_nil_nil_0_0_30_0-lc_32","cfav":"194","clientUrl":"http://item.meilishuo.com/h5/detail/1m70m9w?acm=3.ms.2_1_1m70m9w.0.70867-69004.s026vr4QKUMPr.sd_117-c_2_32_444377112_0_41_0-t_-c1_10057922_nil_nil_0_0_30_0-lc_32&cparam=MTUzODA1MDQ0Ml8xZXA1MzZ3XzEzOGYyMTljMzc1OGE5YzAzYWE4ODRjY2IyNWJiMTJhXzMyXzRfNDQ0Mzc3MTEyXzBfMF80MV8wXzM0NV8wXzA=","cparam":"MTUzODA1MDQ0Ml8xZXA1MzZ3XzEzOGYyMTljMzc1OGE5YzAzYWE4ODRjY2IyNWJiMTJhXzMyXzRfNDQ0Mzc3MTEyXzBfMF80MV8wXzM0NV8wXzA=","iid":"1m70m9w","itemMarks":"1525","itemType":7,"leftbottom_taglist":[],"lefttop_taglist":[],"link":"http://item.meilishuo.com/h5/detail/1m70m9w?acm=3.ms.2_1_1m70m9w.0.70867-69004.s026vr4QKUMPr.sd_117-c_2_32_444377112_0_41_0-t_-c1_10057922_nil_nil_0_0_30_0-lc_32&cparam=MTUzODA1MDQ0Ml8xZXA1MzZ3XzEzOGYyMTljMzc1OGE5YzAzYWE4ODRjY2IyNWJiMTJhXzMyXzRfNDQ0Mzc3MTEyXzBfMF80MV8wXzM0NV8wXzA=","orgPrice":"\uffe564.29","popularStar":null,"price":"45.00","props":["\u7eaf\u68c9\u62fc\u63a5\u4e00\u5b57\u9886\u4fee\u8eab\u663e\u7626\u957f\u8896\u6253\u5e95\u886b\u77ed\u6b3et\u6064\u59732018\u79cb\u5b63\u65b0\u6b3e\u97e9\u7248\u5b66\u751f\u95fa\u871c\u88c5\u767e\u642d\u7eaf\u8272\u4e0a\u8863\u5c0f\u886b"],"ptpC":"_mb_mls_10057922_wap-index_noab-noab","sale":"78","shopId":"1300046885","show":{"h":416,"img":"http://s11.mogucdn.com/mlcdn/c45406/180808_55gdc2k83ej42i9a9k83565518k3i_640x960.jpg_320x999.jpg","w":320},"showLarge":{"h":840,"img":"http://s3.mogucdn.com/mlcdn/c45406/180808_55gdc2k83ej42i9a9k83565518k3i_640x960.jpg_560x999.jpg","w":560},"title":"\u7eaf\u68c9\u62fc\u63a5\u4e00\u5b57\u9886\u4fee\u8eab\u663e\u7626\u957f\u8896\u6253\u5e95\u886b\u77ed\u6b3et\u6064\u59732018\u79cb\u5b63\u65b0\u6b3e\u97e9\u7248\u5b66\u751f\u95fa\u871c\u88c5\u767e\u642d\u7eaf\u8272\u4e0a\u8863\u5c0f\u886b","titleTags":null,"type":2},{"acm":"3.ms.2_1_1k8efpw.0.70867-69004.s026vr4QKUMPr.sd_117-c_2_32_395000695_231647987_42_0-t_-c1_10057922_nil_nil_1_231647987_20_0-lc_32","cfav":"1125","clientUrl":"http://item.meilishuo.com/h5/detail/1k8efpw?acm=3.ms.2_1_1k8efpw.0.70867-69004.s026vr4QKUMPr.sd_117-c_2_32_395000695_231647987_42_0-t_-c1_10057922_nil_nil_1_231647987_20_0-lc_32&cparam=MTUzODA1MDQ0Ml8xZDJjaDBtXzk4NzlhZTAxZTlhNjU3MjFjNzkzNjBmMDIwY2ZiYWM2XzMyXzVfMzk1MDAwNjk1XzBfMF80Ml8wXzEzMV8wXzA=","cparam":"MTUzODA1MDQ0Ml8xZDJjaDBtXzk4NzlhZTAxZTlhNjU3MjFjNzkzNjBmMDIwY2ZiYWM2XzMyXzVfMzk1MDAwNjk1XzBfMF80Ml8wXzEzMV8wXzA=","iid":"1k8efpw","itemMarks":"1525","itemType":7,"leftbottom_taglist":[],"lefttop_taglist":[],"link":"http://item.meilishuo.com/h5/detail/1k8efpw?acm=3.ms.2_1_1k8efpw.0.70867-69004.s026vr4QKUMPr.sd_117-c_2_32_395000695_231647987_42_0-t_-c1_10057922_nil_nil_1_231647987_20_0-lc_32&cparam=MTUzODA1MDQ0Ml8xZDJjaDBtXzk4NzlhZTAxZTlhNjU3MjFjNzkzNjBmMDIwY2ZiYWM2XzMyXzVfMzk1MDAwNjk1XzBfMF80Ml8wXzEzMV8wXzA=","orgPrice":"\uffe555.72","popularStar":null,"price":"39.00","props":["2018\u590f\u5b63\u65b0\u6b3e\u7eaf\u8272\u4f53\u6064\u97e9\u7248\u767d\u8272\u77ed\u8896T\u6064\u5973\u767e\u642d\u5b66\u751f\u9ed1\u8272\u5bbd\u677e\u5706\u9886\u4e0a\u8863\u663e\u7626\u6253\u5e95\u886b"],"ptpC":"_mb_mls_10057922_wap-index_noab-noab","sale":"158","shopId":"137747","show":{"h":416,"img":"http://s11.mogucdn.com/p2/170310/89187459_176ced5dd1lk16ggeadh7j6i3hg8g_640x960.jpg_320x999.jpg","w":320},"showLarge":{"h":840,"img":"http://s3.mogucdn.com/p2/170310/89187459_176ced5dd1lk16ggeadh7j6i3hg8g_640x960.jpg_560x999.jpg","w":560},"title":"2018\u590f\u5b63\u65b0\u6b3e\u7eaf\u8272\u4f53\u6064\u97e9\u7248\u767d\u8272\u77ed\u8896T\u6064\u5973\u767e\u642d\u5b66\u751f\u9ed1\u8272\u5bbd\u677e\u5706\u9886\u4e0a\u8863\u663e\u7626\u6253\u5e95\u886b","titleTags":null,"type":2},{"acm":"3.ms.0_4_1m7vrte.0.13384-69004.s026vr4QKUMPr.t_-sd_117-lc_16","cfav":18,"clientUrl":"http://item.meilishuo.com/h5/detail/1m7vrte?acm=3.ms.0_4_1m7vrte.0.13384-69004.s026vr4QKUMPr.t_-sd_117-lc_16","cparam":null,"iid":"1m7vrte","itemMarks":"353 181","itemType":10,"leftbottom_taglist":[],"lefttop_taglist":[],"link":"http://item.meilishuo.com/h5/detail/1m7vrte?acm=3.ms.0_4_1m7vrte.0.13384-69004.s026vr4QKUMPr.t_-sd_117-lc_16","orgPrice":"\uffe5198.00","popularStar":0,"price":"198.00","props":["2018\u65e9\u79cb\u5973\u88c5\u65b0\u6b3e\u97e9\u7248\u5c0f\u6e05\u65b0\u5b57\u6bcd\u8fde\u5e3d\u77ed\u6b3e\u4e0a\u8863\u9ad8\u8170\u4f11\u95f2\u841d\u535c\u88e4\u5c0f\u811a\u88e4\u4e24\u4ef6\u5957\u88c5\u8fd0\u52a8\u79cb\u88c5\u65f6\u5c1a\u5957\u88c5"],"ptpC":"_mb_mls_10057922_wap-index_noab-noab","sale":1269,"shopId":1302445343,"show":{"h":416,"img":"http://s3.mogucdn.com/mlcdn/c45406/180830_43bdb9l53h93h0dc2k9ealba93h45_640x960.jpg_320x999.jpg","w":320},"showLarge":{"h":840,"img":"http://s3.mogucdn.com/mlcdn/c45406/180830_43bdb9l53h93h0dc2k9ealba93h45_640x960.jpg_560x999.jpg","w":560},"title":"2018\u65e9\u79cb\u5973\u88c5\u65b0\u6b3e\u97e9\u7248\u5c0f\u6e05\u65b0\u5b57\u6bcd\u8fde\u5e3d\u77ed\u6b3e\u4e0a\u8863\u9ad8\u8170\u4f11\u95f2\u841d\u535c\u88e4\u5c0f\u811a\u88e4\u4e24\u4ef6\u5957\u88c5\u8fd0\u52a8\u79cb\u88c5\u65f6\u5c1a\u5957\u88c5","titleTags":null,"type":2},{"acm":"3.ms.0_4_1m7fhog.0.13384-69004.s026vr4QKUMPr.t_-sd_117-lc_16","cfav":44,"clientUrl":"http://item.meilishuo.com/h5/detail/1m7fhog?acm=3.ms.0_4_1m7fhog.0.13384-69004.s026vr4QKUMPr.t_-sd_117-lc_16","cparam":null,"iid":"1m7fhog","itemMarks":"1525 1232","itemType":10,"leftbottom_taglist":[],"lefttop_taglist":[],"link":"http://item.meilishuo.com/h5/detail/1m7fhog?acm=3.ms.0_4_1m7fhog.0.13384-69004.s026vr4QKUMPr.t_-sd_117-lc_16","orgPrice":"\uffe5107.86","popularStar":0,"price":"75.50","props":["2018\u79cb\u88c5\u65b0\u6b3e\u97e9\u7248\u65f6\u5c1a\u5957\u88c5chic\u6697\u7ea2\u663e\u767dBF\u5bbd\u677e\u663e\u7626\u51b2\u950b\u8863\u5916\u5957+\u6761\u6760\u4f11\u95f2\u8fd0\u52a8\u88e4\u5973\u4e24\u4ef6\u5957"],"ptpC":"_mb_mls_10057922_wap-index_noab-noab","sale":1914,"shopId":20331500,"show":{"h":416,"img":"http://s3.mogucdn.com/mlcdn/c45406/180819_2791931dhhb5h5bgik2cd6f4cc2ih_640x960.jpg_320x999.jpg","w":320},"showLarge":{"h":840,"img":"http://s11.mogucdn.com/mlcdn/c45406/180819_2791931dhhb5h5bgik2cd6f4cc2ih_640x960.jpg_560x999.jpg","w":560},"title":"2018\u79cb\u88c5\u65b0\u6b3e\u97e9\u7248\u65f6\u5c1a\u5957\u88c5chic\u6697\u7ea2\u663e\u767dBF\u5bbd\u677e\u663e\u7626\u51b2\u950b\u8863\u5916\u5957+\u6761\u6760\u4f11\u95f2\u8fd0\u52a8\u88e4\u5973\u4e24\u4ef6\u5957","titleTags":null,"type":2},{"acm":"3.ms.2_1_1k6tcws.0.70867-69004.s026vr4QKUMPr.sd_117-c_2_32_332878294_220246356_43_0-t_-c1_10057922_nil_nil_1_220246356_38_0-lc_32","cfav":"4738","clientUrl":"http://item.meilishuo.com/h5/detail/1k6tcws?acm=3.ms.2_1_1k6tcws.0.70867-69004.s026vr4QKUMPr.sd_117-c_2_32_332878294_220246356_43_0-t_-c1_10057922_nil_nil_1_220246356_38_0-lc_32&cparam=MTUzODA1MDQ0Ml8xYjBkaDQ0XzhmMTBhYTgzYzJhYzlmODQ3NGI0MWZiMTMyY2NmODkwXzMyXzZfMzMyODc4Mjk0XzBfMF80M18wXzQ1M18wXzA=","cparam":"MTUzODA1MDQ0Ml8xYjBkaDQ0XzhmMTBhYTgzYzJhYzlmODQ3NGI0MWZiMTMyY2NmODkwXzMyXzZfMzMyODc4Mjk0XzBfMF80M18wXzQ1M18wXzA=","iid":"1k6tcws","itemMarks":"1525","itemType":7,"leftbottom_taglist":[],"lefttop_taglist":[],"link":"http://item.meilishuo.com/h5/detail/1k6tcws?acm=3.ms.2_1_1k6tcws.0.70867-69004.s026vr4QKUMPr.sd_117-c_2_32_332878294_220246356_43_0-t_-c1_10057922_nil_nil_1_220246356_38_0-lc_32&cparam=MTUzODA1MDQ0Ml8xYjBkaDQ0XzhmMTBhYTgzYzJhYzlmODQ3NGI0MWZiMTMyY2NmODkwXzMyXzZfMzMyODc4Mjk0XzBfMF80M18wXzQ1M18wXzA=","orgPrice":"\uffe557.00","popularStar":null,"price":"39.90","props":["2018\u65b0\u6b3e\u804c\u4e1a\u767d\u886c\u886b\u5973\u957f\u8896\u97e9\u8303\u5b66\u751f\u4fee\u8eab\u5de5\u4f5c\u670d\u767d\u8272\u6253\u5e95\u886c\u8863"],"ptpC":"_mb_mls_10057922_wap-index_noab-noab","sale":"708","shopId":"107873","show":{"h":416,"img":"http://s3.mogucdn.com/p2/170109/64689605_82k4li9d8jkb3fdl16gea2fglb8g9_640x960.jpg_320x999.jpg","w":320},"showLarge":{"h":840,"img":"http://s11.mogucdn.com/p2/170109/64689605_82k4li9d8jkb3fdl16gea2fglb8g9_640x960.jpg_560x999.jpg","w":560},"title":"2018\u65b0\u6b3e\u804c\u4e1a\u767d\u886c\u886b\u5973\u957f\u8896\u97e9\u8303\u5b66\u751f\u4fee\u8eab\u5de5\u4f5c\u670d\u767d\u8272\u6253\u5e95\u886c\u8863","titleTags":null,"type":2},{"acm":"3.ms.2_1_1m7kolu.0.70867-69004.s026vr4QKUMPr.sd_117-c_2_32_443917448_1287230912_44_0-t_-c1_10057922_nil_nil_2_1287230912_30_0-lc_32","cfav":"70","clientUrl":"http://item.meilishuo.com/h5/detail/1m7kolu?acm=3.ms.2_1_1m7kolu.0.70867-69004.s026vr4QKUMPr.sd_117-c_2_32_443917448_1287230912_44_0-t_-c1_10057922_nil_nil_2_1287230912_30_0-lc_32&cparam=MTUzODA1MDQ0Ml8xZW9sZHUwX2NmY2ZhZjU1M2NmYWQ4Mjg5Yzg2NDM5ZjIxNGNkMmIwXzMyXzdfNDQzOTE3NDQ4XzBfMF80NF8wXzE3XzBfMA==","cparam":"MTUzODA1MDQ0Ml8xZW9sZHUwX2NmY2ZhZjU1M2NmYWQ4Mjg5Yzg2NDM5ZjIxNGNkMmIwXzMyXzdfNDQzOTE3NDQ4XzBfMF80NF8wXzE3XzBfMA==","iid":"1m7kolu","itemMarks":"-1","itemType":7,"leftbottom_taglist":[],"lefttop_taglist":[],"link":"http://item.meilishuo.com/h5/detail/1m7kolu?acm=3.ms.2_1_1m7kolu.0.70867-69004.s026vr4QKUMPr.sd_117-c_2_32_443917448_1287230912_44_0-t_-c1_10057922_nil_nil_2_1287230912_30_0-lc_32&cparam=MTUzODA1MDQ0Ml8xZW9sZHUwX2NmY2ZhZjU1M2NmYWQ4Mjg5Yzg2NDM5ZjIxNGNkMmIwXzMyXzdfNDQzOTE3NDQ4XzBfMF80NF8wXzE3XzBfMA==","orgPrice":"\uffe540.00","popularStar":null,"price":"40.00","props":["2018\u957f\u8896t\u6064\u6625\u79cb\u5b63\u65b0\u6b3e\u97e9\u7248\u602a\u5473\u5c11\u5973\u5b66\u751f\u5bbd\u677e\u663e\u7626\u563b\u54c8ins\u8d85\u706b\u5973\u751f\u9177\u9177\u7684\u4e0a\u8863\u670d\u6f6e"],"ptpC":"_mb_mls_10057922_wap-index_noab-noab","sale":"18","shopId":"1302404510","show":{"h":416,"img":"http://s11.mogucdn.com/mlcdn/55cf19/180823_4dgk20j7dgb5ef9abij8fd9aaah5a_640x960.jpg_320x999.jpg","w":320},"showLarge":{"h":840,"img":"http://s11.mogucdn.com/mlcdn/55cf19/180823_4dgk20j7dgb5ef9abij8fd9aaah5a_640x960.jpg_560x999.jpg","w":560},"title":"2018\u957f\u8896t\u6064\u6625\u79cb\u5b63\u65b0\u6b3e\u97e9\u7248\u602a\u5473\u5c11\u5973\u5b66\u751f\u5bbd\u677e\u663e\u7626\u563b\u54c8ins\u8d85\u706b\u5973\u751f\u9177\u9177\u7684\u4e0a\u8863\u670d\u6f6e","titleTags":null,"type":2},{"acm":"3.ms.0_4_1m743l2.0.13384-69004.s026vr4QKUMPr.t_-sd_117-lc_16","cfav":12,"clientUrl":"http://item.meilishuo.com/h5/detail/1m743l2?acm=3.ms.0_4_1m743l2.0.13384-69004.s026vr4QKUMPr.t_-sd_117-lc_16","cparam":null,"iid":"1m743l2","itemMarks":"353 181","itemType":10,"leftbottom_taglist":[],"lefttop_taglist":[],"link":"http://item.meilishuo.com/h5/detail/1m743l2?acm=3.ms.0_4_1m743l2.0.13384-69004.s026vr4QKUMPr.t_-sd_117-lc_16","orgPrice":"\uffe594.00","popularStar":0,"price":"65.80","props":["\u79cb\u5b632018\u65b0\u6b3e\u97e9\u7248\u5c0f\u6e05\u65b0\u649e\u8272\u5a03\u5a03\u9886\u8774\u8776\u7ed3\u7ed1\u5e26\u886c\u886b\u5b66\u751f\u4f11\u95f2\u5bbd\u677e\u957f\u8896\u886c\u8863\u4e0a\u8863\u6f6e"],"ptpC":"_mb_mls_10057922_wap-index_noab-noab","sale":1295,"shopId":1302420163,"show":{"h":416,"img":"http://s3.mogucdn.com/mlcdn/c45406/180810_6d7lk5cg5gacfb6leih6a96h3e87c_640x960.jpg_320x999.jpg","w":320},"showLarge":{"h":840,"img":"http://s3.mogucdn.com/mlcdn/c45406/180810_6d7lk5cg5gacfb6leih6a96h3e87c_640x960.jpg_560x999.jpg","w":560},"title":"\u79cb\u5b632018\u65b0\u6b3e\u97e9\u7248\u5c0f\u6e05\u65b0\u649e\u8272\u5a03\u5a03\u9886\u8774\u8776\u7ed3\u7ed1\u5e26\u886c\u886b\u5b66\u751f\u4f11\u95f2\u5bbd\u677e\u957f\u8896\u886c\u8863\u4e0a\u8863\u6f6e","titleTags":null,"type":2},{"acm":"3.ms.0_4_1m6rnx6.0.13384-69004.s026vr4QKUMPr.t_-sd_117-lc_16","cfav":1,"clientUrl":"http://item.meilishuo.com/h5/detail/1m6rnx6?acm=3.ms.0_4_1m6rnx6.0.13384-69004.s026vr4QKUMPr.t_-sd_117-lc_16","cparam":null,"iid":"1m6rnx6","itemMarks":"353 181","itemType":10,"leftbottom_taglist":[],"lefttop_taglist":[],"link":"http://item.meilishuo.com/h5/detail/1m6rnx6?acm=3.ms.0_4_1m6rnx6.0.13384-69004.s026vr4QKUMPr.t_-sd_117-lc_16","orgPrice":"\uffe599.00","popularStar":0,"price":"69.30","props":["2018\u79cb\u5b63\u65b0\u6b3e\u65f6\u5c1a\u5957\u88c5\u97e9\u7248\u5bbd\u677e\u6bdb\u8863\u5957\u5934\u9732\u80a9\u957f\u8896\u9488\u7ec7\u886b+\u9ad8\u8170\u4f11\u95f2\u767e\u642d\u4e2d\u957f\u6b3e\u534a\u8eab\u88d9\u5973\u4e24\u4ef6\u5957"],"ptpC":"_mb_mls_10057922_wap-index_noab-noab","sale":1053,"shopId":21920492,"show":{"h":416,"img":"http://s11.mogucdn.com/mlcdn/c45406/180802_281bl3216c3383fgb6kb7c43cij03_640x960.jpg_320x999.jpg","w":320},"showLarge":{"h":840,"img":"http://s11.mogucdn.com/mlcdn/c45406/180802_281bl3216c3383fgb6kb7c43cij03_640x960.jpg_560x999.jpg","w":560},"title":"2018\u79cb\u5b63\u65b0\u6b3e\u65f6\u5c1a\u5957\u88c5\u97e9\u7248\u5bbd\u677e\u6bdb\u8863\u5957\u5934\u9732\u80a9\u957f\u8896\u9488\u7ec7\u886b+\u9ad8\u8170\u4f11\u95f2\u767e\u642d\u4e2d\u957f\u6b3e\u534a\u8eab\u88d9\u5973\u4e24\u4ef6\u5957","titleTags":null,"type":2},{"acm":"3.ms.2_1_1m2dguq.0.70867-69004.s026vr4QKUMPr.sd_117-c_2_32_389451082_2000768_45_0-t_-c1_10057922_nil_nil_0_2000768_20_0-lc_32","cfav":"1941","clientUrl":"http://item.meilishuo.com/h5/detail/1m2dguq?acm=3.ms.2_1_1m2dguq.0.70867-69004.s026vr4QKUMPr.sd_117-c_2_32_389451082_2000768_45_0-t_-c1_10057922_nil_nil_0_2000768_20_0-lc_32&cparam=MTUzODA1MDQ0Ml8xY3Zxa3NzX2JlMzkxOWEzZjM3NWUyNmIxYmY0MDZkNmI4Y2E3MTMxXzMyXzhfMzg5NDUxMDgyXzBfMjAwMDc2OF80NV8wXzY5XzBfMA==","cparam":"MTUzODA1MDQ0Ml8xY3Zxa3NzX2JlMzkxOWEzZjM3NWUyNmIxYmY0MDZkNmI4Y2E3MTMxXzMyXzhfMzg5NDUxMDgyXzBfMjAwMDc2OF80NV8wXzY5XzBfMA==","iid":"1m2dguq","itemMarks":"352 351","itemType":7,"leftbottom_taglist":[],"lefttop_taglist":[],"link":"http://item.meilishuo.com/h5/detail/1m2dguq?acm=3.ms.2_1_1m2dguq.0.70867-69004.s026vr4QKUMPr.sd_117-c_2_32_389451082_2000768_45_0-t_-c1_10057922_nil_nil_0_2000768_20_0-lc_32&cparam=MTUzODA1MDQ0Ml8xY3Zxa3NzX2JlMzkxOWEzZjM3NWUyNmIxYmY0MDZkNmI4Y2E3MTMxXzMyXzhfMzg5NDUxMDgyXzBfMjAwMDc2OF80NV8wXzY5XzBfMA==","orgPrice":"\uffe570.00","popularStar":null,"price":"49.00","props":["\u96ea\u7eba\u9614\u817f\u88e4\u5973\u6625\u590f\u9ad8\u8170\u9ed1\u8272\u97e9\u72482018\u65b0\u6b3e\u4e5d\u5206\u5bbd\u677e\u663e\u7626\u5ea6\u5047\u6c99\u6ee9\u88e4\u88d9"],"ptpC":"_mb_mls_10057922_wap-index_noab-noab","sale":"814","shopId":"281648","show":{"h":416,"img":"http://s11.mogucdn.com/mlcdn/17f85e/180529_3bfb1bf04i91k9iaaj78ck4k4k814_640x960.jpg_320x999.jpg","w":320},"showLarge":{"h":840,"img":"http://s3.mogucdn.com/mlcdn/17f85e/180529_3bfb1bf04i91k9iaaj78ck4k4k814_640x960.jpg_560x999.jpg","w":560},"title":"\u96ea\u7eba\u9614\u817f\u88e4\u5973\u6625\u590f\u9ad8\u8170\u9ed1\u8272\u97e9\u72482018\u65b0\u6b3e\u4e5d\u5206\u5bbd\u677e\u663e\u7626\u5ea6\u5047\u6c99\u6ee9\u88e4\u88d9","titleTags":null,"type":2},{"acm":"3.ms.2_1_1m6z49e.0.70867-69004.s026vr4QKUMPr.sd_117-c_2_32_444377108_0_46_0-t_-c1_10057922_nil_nil_0_0_30_0-lc_32","cfav":"95","clientUrl":"http://item.meilishuo.com/h5/detail/1m6z49e?acm=3.ms.2_1_1m6z49e.0.70867-69004.s026vr4QKUMPr.sd_117-c_2_32_444377108_0_46_0-t_-c1_10057922_nil_nil_0_0_30_0-lc_32&cparam=MTUzODA1MDQ0Ml8xZXA1MzZvXzE2MjJlZjgwN2I3ODc1NzQ3MWZlZjhjMzk0NTg3NTNiXzMyXzlfNDQ0Mzc3MTA4XzBfMF80Nl8wXzM0NV8wXzA=","cparam":"MTUzODA1MDQ0Ml8xZXA1MzZvXzE2MjJlZjgwN2I3ODc1NzQ3MWZlZjhjMzk0NTg3NTNiXzMyXzlfNDQ0Mzc3MTA4XzBfMF80Nl8wXzM0NV8wXzA=","iid":"1m6z49e","itemMarks":"1525","itemType":7,"leftbottom_taglist":[],"lefttop_taglist":[],"link":"http://item.meilishuo.com/h5/detail/1m6z49e?acm=3.ms.2_1_1m6z49e.0.70867-69004.s026vr4QKUMPr.sd_117-c_2_32_444377108_0_46_0-t_-c1_10057922_nil_nil_0_0_30_0-lc_32&cparam=MTUzODA1MDQ0Ml8xZXA1MzZvXzE2MjJlZjgwN2I3ODc1NzQ3MWZlZjhjMzk0NTg3NTNiXzMyXzlfNDQ0Mzc3MTA4XzBfMF80Nl8wXzM0NV8wXzA=","orgPrice":"\uffe564.29","popularStar":null,"price":"45.00","props":["\u79cb\u5b632018\u65b0\u6b3e\u767e\u642d\u5b66\u751f\u95fa\u871c\u88c5V\u9886\u957f\u8896\u6761\u7eb9\u6253\u5e95\u886b\u5bbd\u677e\u4e0a\u8863\u79cb\u51ac\u97e9\u7248\u4fee\u8eab\u663e\u7626\u77ed\u6b3e\u7eaf\u68c9t\u6064\u5973\u5c0f\u886b"],"ptpC":"_mb_mls_10057922_wap-index_noab-noab","sale":"58","shopId":"1300046885","show":{"h":416,"img":"http://s11.mogucdn.com/mlcdn/c45406/180807_43jj257hd8gd5g04605957la67f6j_640x960.jpg_320x999.jpg","w":320},"showLarge":{"h":840,"img":"http://s3.mogucdn.com/mlcdn/c45406/180807_43jj257hd8gd5g04605957la67f6j_640x960.jpg_560x999.jpg","w":560},"title":"\u79cb\u5b632018\u65b0\u6b3e\u767e\u642d\u5b66\u751f\u95fa\u871c\u88c5V\u9886\u957f\u8896\u6761\u7eb9\u6253\u5e95\u886b\u5bbd\u677e\u4e0a\u8863\u79cb\u51ac\u97e9\u7248\u4fee\u8eab\u663e\u7626\u77ed\u6b3e\u7eaf\u68c9t\u6064\u5973\u5c0f\u886b","titleTags":null,"type":2},{"acm":"3.ms.2_1_1lqnrto.0.70867-69004.s026vr4QKUMPr.sd_117-c_2_32_350016438_391979017_47_0-t_-c1_10057922_nil_nil_1_391979017_20_0-lc_32","cfav":"1185","clientUrl":"http://item.meilishuo.com/h5/detail/1lqnrto?acm=3.ms.2_1_1lqnrto.0.70867-69004.s026vr4QKUMPr.sd_117-c_2_32_350016438_391979017_47_0-t_-c1_10057922_nil_nil_1_391979017_20_0-lc_32&cparam=MTUzODA1MDQ0Ml8xYmtzNHY4X2FhYWQ2YTg0ZDVmMDViZWE2NTRmODc5YWU5M2UzYzBlXzMyXzEwXzM1MDAxNjQzOF8wXzBfNDdfMF82MzJfMF8w","cparam":"MTUzODA1MDQ0Ml8xYmtzNHY4X2FhYWQ2YTg0ZDVmMDViZWE2NTRmODc5YWU5M2UzYzBlXzMyXzEwXzM1MDAxNjQzOF8wXzBfNDdfMF82MzJfMF8w","iid":"1lqnrto","itemMarks":"1525","itemType":7,"leftbottom_taglist":[],"lefttop_taglist":[],"link":"http://item.meilishuo.com/h5/detail/1lqnrto?acm=3.ms.2_1_1lqnrto.0.70867-69004.s026vr4QKUMPr.sd_117-c_2_32_350016438_391979017_47_0-t_-c1_10057922_nil_nil_1_391979017_20_0-lc_32&cparam=MTUzODA1MDQ0Ml8xYmtzNHY4X2FhYWQ2YTg0ZDVmMDViZWE2NTRmODc5YWU5M2UzYzBlXzMyXzEwXzM1MDAxNjQzOF8wXzBfNDdfMF82MzJfMF8w","orgPrice":"\uffe557.00","popularStar":null,"price":"39.90","props":["2018\u6625\u590f\u88c5\u65b0\u6b3e\u4e0a\u8863\u5706\u9886\u4f11\u95f2\u767e\u642d\u97e9\u7248\u6253\u5e95\u886b\u7eaf\u8272\u767d\u8272\u68c9t\u6064\u5973\u77ed\u8896\u5bbd\u677e\u5b66\u751f\u534a\u8896tee\u60c5\u4fa3\u7537"],"ptpC":"_mb_mls_10057922_wap-index_noab-noab","sale":"423","shopId":"105755","show":{"h":416,"img":"http://s3.mogucdn.com/mlcdn/c45406/180122_08f44fh3f77feg86dbj1el08329dg_640x960.jpg_320x999.jpg","w":320},"showLarge":{"h":840,"img":"http://s3.mogucdn.com/mlcdn/c45406/180122_08f44fh3f77feg86dbj1el08329dg_640x960.jpg_560x999.jpg","w":560},"title":"2018\u6625\u590f\u88c5\u65b0\u6b3e\u4e0a\u8863\u5706\u9886\u4f11\u95f2\u767e\u642d\u97e9\u7248\u6253\u5e95\u886b\u7eaf\u8272\u767d\u8272\u68c9t\u6064\u5973\u77ed\u8896\u5bbd\u677e\u5b66\u751f\u534a\u8896tee\u60c5\u4fa3\u7537","titleTags":null,"type":2},{"acm":"3.ms.2_1_1m5vemo.0.70867-69004.s026vr4QKUMPr.sd_117-c_2_32_444377116_0_48_0-t_-c1_10057922_nil_nil_0_0_30_0-lc_32","cfav":"80","clientUrl":"http://item.meilishuo.com/h5/detail/1m5vemo?acm=3.ms.2_1_1m5vemo.0.70867-69004.s026vr4QKUMPr.sd_117-c_2_32_444377116_0_48_0-t_-c1_10057922_nil_nil_0_0_30_0-lc_32&cparam=MTUzODA1MDQ0Ml8xZXA1Mzc0XzQ4MTIxZmYxYzFmMjdhOTZhYTA3Mjc1MzUwOTcyNTQ3XzMyXzExXzQ0NDM3NzExNl8wXzBfNDhfMF8zNDVfMF8w","cparam":"MTUzODA1MDQ0Ml8xZXA1Mzc0XzQ4MTIxZmYxYzFmMjdhOTZhYTA3Mjc1MzUwOTcyNTQ3XzMyXzExXzQ0NDM3NzExNl8wXzBfNDhfMF8zNDVfMF8w","iid":"1m5vemo","itemMarks":"1525","itemType":7,"leftbottom_taglist":[],"lefttop_taglist":[],"link":"http://item.meilishuo.com/h5/detail/1m5vemo?acm=3.ms.2_1_1m5vemo.0.70867-69004.s026vr4QKUMPr.sd_117-c_2_32_444377116_0_48_0-t_-c1_10057922_nil_nil_0_0_30_0-lc_32&cparam=MTUzODA1MDQ0Ml8xZXA1Mzc0XzQ4MTIxZmYxYzFmMjdhOTZhYTA3Mjc1MzUwOTcyNTQ3XzMyXzExXzQ0NDM3NzExNl8wXzBfNDhfMF8zNDVfMF8w","orgPrice":"\uffe564.29","popularStar":null,"price":"45.00","props":["\u79cb\u5b63\u65b0\u6b3e\u97e9\u7248\u767e\u642d\u5bbd\u677e\u5927\u7801\u7af9\u8282\u68c9V\u9886\u6253\u5e95\u886b\u4e0a\u8863\u4f53\u60642018\u79cb\u51ac\u7eaf\u8272\u7b80\u7ea6\u4fee\u8eab\u663e\u7626\u7eaf\u68c9\u957f\u8896t\u6064\u5973"],"ptpC":"_mb_mls_10057922_wap-index_noab-noab","sale":"24","shopId":"1300046885","show":{"h":416,"img":"http://s11.mogucdn.com/mlcdn/c45406/180711_120e006l0eaj97fal3cfkhhjhdg8e_640x959.jpg_320x999.jpg","w":320},"showLarge":{"h":840,"img":"http://s3.mogucdn.com/mlcdn/c45406/180711_120e006l0eaj97fal3cfkhhjhdg8e_640x959.jpg_560x999.jpg","w":560},"title":"\u79cb\u5b63\u65b0\u6b3e\u97e9\u7248\u767e\u642d\u5bbd\u677e\u5927\u7801\u7af9\u8282\u68c9V\u9886\u6253\u5e95\u886b\u4e0a\u8863\u4f53\u60642018\u79cb\u51ac\u7eaf\u8272\u7b80\u7ea6\u4fee\u8eab\u663e\u7626\u7eaf\u68c9\u957f\u8896t\u6064\u5973","titleTags":null,"type":2},{"acm":"3.ms.0_4_1m7vra8.0.13384-69004.s026vr4QKUMPr.t_-sd_117-lc_16","cfav":45,"clientUrl":"http://item.meilishuo.com/h5/detail/1m7vra8?acm=3.ms.0_4_1m7vra8.0.13384-69004.s026vr4QKUMPr.t_-sd_117-lc_16","cparam":null,"iid":"1m7vra8","itemMarks":"353 181","itemType":10,"leftbottom_taglist":[],"lefttop_taglist":[],"link":"http://item.meilishuo.com/h5/detail/1m7vra8?acm=3.ms.0_4_1m7vra8.0.13384-69004.s026vr4QKUMPr.t_-sd_117-lc_16","orgPrice":"\uffe5198.00","popularStar":0,"price":"198.00","props":["2018\u79cb\u5b63\u5973\u88c5\u97e9\u7248\u65b0\u6b3e\u706f\u7b3c\u8896\u9488\u7ec7\u5f00\u886bV\u9886\u6bdb\u8863\u5916\u5957+\u663e\u7626\u7eaf\u8272\u767e\u8936\u65f6\u5c1a\u767e\u642d\u957f\u88d9\u4e24\u4ef6\u5957\u88c5\u79cb\u88c5\u5973"],"ptpC":"_mb_mls_10057922_wap-index_noab-noab","sale":1352,"shopId":1302445343,"show":{"h":416,"img":"http://s11.mogucdn.com/mlcdn/c45406/180830_85af0h42eeeld5e13lcalj0gald7e_640x960.jpg_320x999.jpg","w":320},"showLarge":{"h":840,"img":"http://s3.mogucdn.com/mlcdn/c45406/180830_85af0h42eeeld5e13lcalj0gald7e_640x960.jpg_560x999.jpg","w":560},"title":"2018\u79cb\u5b63\u5973\u88c5\u97e9\u7248\u65b0\u6b3e\u706f\u7b3c\u8896\u9488\u7ec7\u5f00\u886bV\u9886\u6bdb\u8863\u5916\u5957+\u663e\u7626\u7eaf\u8272\u767e\u8936\u65f6\u5c1a\u767e\u642d\u957f\u88d9\u4e24\u4ef6\u5957\u88c5\u79cb\u88c5\u5973","titleTags":null,"type":2},{"acm":"3.ms.0_4_1m7llha.0.13384-69004.s026vr4QKUMPr.t_-sd_117-lc_16","cfav":135,"clientUrl":"http://item.meilishuo.com/h5/detail/1m7llha?acm=3.ms.0_4_1m7llha.0.13384-69004.s026vr4QKUMPr.t_-sd_117-lc_16","cparam":null,"iid":"1m7llha","itemMarks":"1232 82","itemType":10,"leftbottom_taglist":[],"lefttop_taglist":[],"link":"http://item.meilishuo.com/h5/detail/1m7llha?acm=3.ms.0_4_1m7llha.0.13384-69004.s026vr4QKUMPr.t_-sd_117-lc_16","orgPrice":"\uffe5127.15","popularStar":0,"price":"89.00","props":["\u79cb\u5b632018\u65b0\u6b3e\u97e9\u7248\u6bdb\u8fb9\u526a\u88c1\u5355\u6392\u6263\u6d17\u6c34\u725b\u4ed4\u5916\u5957\u62bd\u7ef3\u8fde\u5e3d\u663e\u7626\u536b\u8863\u88d9\u5b50\u79cb\u88c5\u65f6\u5c1a\u5957\u88c5\u4e24\u4ef6\u5957\u5973\u88c5"],"ptpC":"_mb_mls_10057922_wap-index_noab-noab","sale":1972,"shopId":111485,"show":{"h":416,"img":"http://s11.mogucdn.com/mlcdn/c45406/180823_5ifd9g28613bi7c10jjk866ki2l32_640x960.jpg_320x999.jpg","w":320},"showLarge":{"h":840,"img":"http://s3.mogucdn.com/mlcdn/c45406/180823_5ifd9g28613bi7c10jjk866ki2l32_640x960.jpg_560x999.jpg","w":560},"title":"\u79cb\u5b632018\u65b0\u6b3e\u97e9\u7248\u6bdb\u8fb9\u526a\u88c1\u5355\u6392\u6263\u6d17\u6c34\u725b\u4ed4\u5916\u5957\u62bd\u7ef3\u8fde\u5e3d\u663e\u7626\u536b\u8863\u88d9\u5b50\u79cb\u88c5\u65f6\u5c1a\u5957\u88c5\u4e24\u4ef6\u5957\u5973\u88c5","titleTags":null,"type":2},{"acm":"3.ms.2_1_1m70nea.0.70867-69004.s026vr4QKUMPr.sd_117-c_2_32_444377109_0_49_0-t_-c1_10057922_nil_nil_0_0_30_0-lc_32","cfav":"14","clientUrl":"http://item.meilishuo.com/h5/detail/1m70nea?acm=3.ms.2_1_1m70nea.0.70867-69004.s026vr4QKUMPr.sd_117-c_2_32_444377109_0_49_0-t_-c1_10057922_nil_nil_0_0_30_0-lc_32&cparam=MTUzODA1MDQ0Ml8xZXA1MzZxXzQ2OTI5OTk4ZTg5ZWUyNGZmMDMxMGI2ODhlNGM1NGQwXzMyXzEyXzQ0NDM3NzEwOV8wXzBfNDlfMF8zNDVfMF8w","cparam":"MTUzODA1MDQ0Ml8xZXA1MzZxXzQ2OTI5OTk4ZTg5ZWUyNGZmMDMxMGI2ODhlNGM1NGQwXzMyXzEyXzQ0NDM3NzEwOV8wXzBfNDlfMF8zNDVfMF8w","iid":"1m70nea","itemMarks":"1525","itemType":7,"leftbottom_taglist":[],"lefttop_taglist":[],"link":"http://item.meilishuo.com/h5/detail/1m70nea?acm=3.ms.2_1_1m70nea.0.70867-69004.s026vr4QKUMPr.sd_117-c_2_32_444377109_0_49_0-t_-c1_10057922_nil_nil_0_0_30_0-lc_32&cparam=MTUzODA1MDQ0Ml8xZXA1MzZxXzQ2OTI5OTk4ZTg5ZWUyNGZmMDMxMGI2ODhlNGM1NGQwXzMyXzEyXzQ0NDM3NzEwOV8wXzBfNDlfMF8zNDVfMF8w","orgPrice":"\uffe564.29","popularStar":null,"price":"45.00","props":["\u7eaf\u68c9\u649e\u8272\u6761\u7eb9V\u9886\u7eaf\u68c9t\u6064\u59732018\u79cb\u5b63\u65b0\u6b3e\u97e9\u7248\u5b66\u751f\u95fa\u871c\u88c5\u767e\u642d\u4fee\u8eab\u663e\u7626\u957f\u8896\u6253\u5e95\u886b\u5bbd\u677e\u4e0a\u8863\u5c0f\u886b"],"ptpC":"_mb_mls_10057922_wap-index_noab-noab","sale":"10","shopId":"1300046885","show":{"h":416,"img":"http://s11.mogucdn.com/mlcdn/c45406/180808_61dc0ici7c6bbe65cii22c31513i6_640x960.jpg_320x999.jpg","w":320},"showLarge":{"h":840,"img":"http://s3.mogucdn.com/mlcdn/c45406/180808_61dc0ici7c6bbe65cii22c31513i6_640x960.jpg_560x999.jpg","w":560},"title":"\u7eaf\u68c9\u649e\u8272\u6761\u7eb9V\u9886\u7eaf\u68c9t\u6064\u59732018\u79cb\u5b63\u65b0\u6b3e\u97e9\u7248\u5b66\u751f\u95fa\u871c\u88c5\u767e\u642d\u4fee\u8eab\u663e\u7626\u957f\u8896\u6253\u5e95\u886b\u5bbd\u677e\u4e0a\u8863\u5c0f\u886b","titleTags":null,"type":2},{"acm":"3.ms.2_1_1m7i3ye.0.70867-69004.s026vr4QKUMPr.sd_117-c_2_32_444377106_0_50_0-t_-c1_10057922_nil_nil_0_0_30_0-lc_32","cfav":"0","clientUrl":"http://item.meilishuo.com/h5/detail/1m7i3ye?acm=3.ms.2_1_1m7i3ye.0.70867-69004.s026vr4QKUMPr.sd_117-c_2_32_444377106_0_50_0-t_-c1_10057922_nil_nil_0_0_30_0-lc_32&cparam=MTUzODA1MDQ0Ml8xZXA1MzZrXzgwODJmM2RmNDI5NGIyOTQ1MzliYjU1MWY1NDczMGIwXzMyXzEzXzQ0NDM3NzEwNl8wXzBfNTBfMF8zNDVfMF8w","cparam":"MTUzODA1MDQ0Ml8xZXA1MzZrXzgwODJmM2RmNDI5NGIyOTQ1MzliYjU1MWY1NDczMGIwXzMyXzEzXzQ0NDM3NzEwNl8wXzBfNTBfMF8zNDVfMF8w","iid":"1m7i3ye","itemMarks":"1525","itemType":7,"leftbottom_taglist":[],"lefttop_taglist":[],"link":"http://item.meilishuo.com/h5/detail/1m7i3ye?acm=3.ms.2_1_1m7i3ye.0.70867-69004.s026vr4QKUMPr.sd_117-c_2_32_444377106_0_50_0-t_-c1_10057922_nil_nil_0_0_30_0-lc_32&cparam=MTUzODA1MDQ0Ml8xZXA1MzZrXzgwODJmM2RmNDI5NGIyOTQ1MzliYjU1MWY1NDczMGIwXzMyXzEzXzQ0NDM3NzEwNl8wXzBfNTBfMF8zNDVfMF8w","orgPrice":"\uffe564.29","popularStar":null,"price":"45.00","props":["2018\u65e9\u79cb\u5b63\u97e9\u7248\u767e\u642d\u5b66\u751f\u4fee\u8eab\u663e\u7626\u957f\u8896t\u6064\u5973\u79cb\u51ac\u65b0\u6b3e\u539f\u5bbf\u98ce\u5706\u9886\u5361\u901a\u523a\u7ee3\u7eaf\u68c9\u6253\u5e95\u886b\u4e0a\u8863\u670d\u4f53\u6064"],"ptpC":"_mb_mls_10057922_wap-index_noab-noab","sale":"3","shopId":"1300046885","show":{"h":416,"img":"http://s11.mogucdn.com/mlcdn/c45406/180821_2a6ek98i3jj902h50i7h7ekf0agj3_640x960.jpg_320x999.jpg","w":320},"showLarge":{"h":840,"img":"http://s11.mogucdn.com/mlcdn/c45406/180821_2a6ek98i3jj902h50i7h7ekf0agj3_640x960.jpg_560x999.jpg","w":560},"title":"2018\u65e9\u79cb\u5b63\u97e9\u7248\u767e\u642d\u5b66\u751f\u4fee\u8eab\u663e\u7626\u957f\u8896t\u6064\u5973\u79cb\u51ac\u65b0\u6b3e\u539f\u5bbf\u98ce\u5706\u9886\u5361\u901a\u523a\u7ee3\u7eaf\u68c9\u6253\u5e95\u886b\u4e0a\u8863\u670d\u4f53\u6064","titleTags":null,"type":2},{"acm":"3.ms.0_4_1m7afvs.0.13384-69004.s026vr4QKUMPr.t_-sd_117-lc_16","cfav":3,"clientUrl":"http://item.meilishuo.com/h5/detail/1m7afvs?acm=3.ms.0_4_1m7afvs.0.13384-69004.s026vr4QKUMPr.t_-sd_117-lc_16","cparam":null,"iid":"1m7afvs","itemMarks":"353 1232 1947","itemType":10,"leftbottom_taglist":[],"lefttop_taglist":[],"link":"http://item.meilishuo.com/h5/detail/1m7afvs?acm=3.ms.0_4_1m7afvs.0.13384-69004.s026vr4QKUMPr.t_-sd_117-lc_16","orgPrice":"\uffe579.00","popularStar":0,"price":"79.00","props":["chic\u65e9\u79cb\u4e0a\u8863\u957f\u8896\u79cb\u88c5\u59732018\u65b0\u6b3e\u6761\u7eb9\u886c\u886b\u5973\u88c5\u6e2f\u98cepolo\u886b\u97e9\u8303\u886c\u8863"],"ptpC":"_mb_mls_10057922_wap-index_noab-noab","sale":992,"shopId":1300347521,"show":{"h":416,"img":"http://s11.mogucdn.com/mlcdn/c45406/180815_0cf0g965d220fk4b7831b2l8gbhgg_640x960.jpg_320x999.jpg","w":320},"showLarge":{"h":840,"img":"http://s11.mogucdn.com/mlcdn/c45406/180815_0cf0g965d220fk4b7831b2l8gbhgg_640x960.jpg_560x999.jpg","w":560},"title":"chic\u65e9\u79cb\u4e0a\u8863\u957f\u8896\u79cb\u88c5\u59732018\u65b0\u6b3e\u6761\u7eb9\u886c\u886b\u5973\u88c5\u6e2f\u98cepolo\u886b\u97e9\u8303\u886c\u8863","titleTags":null,"type":2},{"acm":"3.ms.0_4_1m7yitk.0.13384-69004.s026vr4QKUMPr.t_-sd_117-lc_16","cfav":231,"clientUrl":"http://item.meilishuo.com/h5/detail/1m7yitk?acm=3.ms.0_4_1m7yitk.0.13384-69004.s026vr4QKUMPr.t_-sd_117-lc_16","cparam":null,"iid":"1m7yitk","itemMarks":"-1","itemType":10,"leftbottom_taglist":[],"lefttop_taglist":[],"link":"http://item.meilishuo.com/h5/detail/1m7yitk?acm=3.ms.0_4_1m7yitk.0.13384-69004.s026vr4QKUMPr.t_-sd_117-lc_16","orgPrice":"\uffe578.58","popularStar":0,"price":"55.00","props":["2018\u79cb\u5b63\u65b0\u6b3e\u97e9\u8303\u6e05\u65b0\u5957\u88c5\u5bbd\u677e\u5706\u9886\u53ef\u7231\u5b66\u751f\u6761\u7eb9\u4e0a\u8863\u914d\u590d\u53e4\u9ad8\u8170\u76f4\u7b52\u88e4\u5b50\u7834\u6d1e\u725b\u4ed4\u88e4\u65f6\u5c1a\u4e24\u4ef6\u5957"],"ptpC":"_mb_mls_10057922_wap-index_noab-noab","sale":10152,"shopId":22533618,"show":{"h":416,"img":"http://s3.mogucdn.com/mlcdn/c45406/180901_024lb916jjb699j4dg56048e51jj6_640x960.jpg_320x999.jpg","w":320},"showLarge":{"h":840,"img":"http://s11.mogucdn.com/mlcdn/c45406/180901_024lb916jjb699j4dg56048e51jj6_640x960.jpg_560x999.jpg","w":560},"title":"2018\u79cb\u5b63\u65b0\u6b3e\u97e9\u8303\u6e05\u65b0\u5957\u88c5\u5bbd\u677e\u5706\u9886\u53ef\u7231\u5b66\u751f\u6761\u7eb9\u4e0a\u8863\u914d\u590d\u53e4\u9ad8\u8170\u76f4\u7b52\u88e4\u5b50\u7834\u6d1e\u725b\u4ed4\u88e4\u65f6\u5c1a\u4e24\u4ef6\u5957","titleTags":null,"type":2},{"acm":"3.ms.2_1_1m8x32i.0.70867-69004.s026vr4QKUMPr.sd_117-c_2_32_444311448_0_51_0-t_-c1_10057922_nil_nil_0_0_30_0-lc_32","cfav":"1","clientUrl":"http://item.meilishuo.com/h5/detail/1m8x32i?acm=3.ms.2_1_1m8x32i.0.70867-69004.s026vr4QKUMPr.sd_117-c_2_32_444311448_0_51_0-t_-c1_10057922_nil_nil_0_0_30_0-lc_32&cparam=MTUzODA1MDQ0Ml8xZXAyOXV3Xzk0ZTNiNzllMGRlMmQ2NzllMjkzZDE2MWVkNGVkYWRkXzMyXzE0XzQ0NDMxMTQ0OF8wXzBfNTFfMF85XzBfMA==","cparam":"MTUzODA1MDQ0Ml8xZXAyOXV3Xzk0ZTNiNzllMGRlMmQ2NzllMjkzZDE2MWVkNGVkYWRkXzMyXzE0XzQ0NDMxMTQ0OF8wXzBfNTFfMF85XzBfMA==","iid":"1m8x32i","itemMarks":"352 351","itemType":7,"leftbottom_taglist":[],"lefttop_taglist":[],"link":"http://item.meilishuo.com/h5/detail/1m8x32i?acm=3.ms.2_1_1m8x32i.0.70867-69004.s026vr4QKUMPr.sd_117-c_2_32_444311448_0_51_0-t_-c1_10057922_nil_nil_0_0_30_0-lc_32&cparam=MTUzODA1MDQ0Ml8xZXAyOXV3Xzk0ZTNiNzllMGRlMmQ2NzllMjkzZDE2MWVkNGVkYWRkXzMyXzE0XzQ0NDMxMTQ0OF8wXzBfNTFfMF85XzBfMA==","orgPrice":"\uffe560.00","popularStar":null,"price":"60.00","props":["\u97e9\u98cechic\u4e0a\u88632018\u65b0\u6b3e\u79cb\u5b63\u97e9\u7248\u5b66\u9662\u98ce\u65e5\u7cfb\u8f6f\u59b9\u5c0f\u6e05\u65b0\u62fc\u8272V\u9886\u767e\u642d\u957f\u8896t\u6064\u536b\u8863\u5973\u5b66\u751f"],"ptpC":"_mb_mls_10057922_wap-index_noab-noab","sale":"30","shopId":"1302401164","show":{"h":416,"img":"http://s11.mogucdn.com/mlcdn/55cf19/180923_8870522k681i85d2gfi1k6le1382e_640x960.jpg_320x999.jpg","w":320},"showLarge":{"h":840,"img":"http://s3.mogucdn.com/mlcdn/55cf19/180923_8870522k681i85d2gfi1k6le1382e_640x960.jpg_560x999.jpg","w":560},"title":"\u97e9\u98cechic\u4e0a\u88632018\u65b0\u6b3e\u79cb\u5b63\u97e9\u7248\u5b66\u9662\u98ce\u65e5\u7cfb\u8f6f\u59b9\u5c0f\u6e05\u65b0\u62fc\u8272V\u9886\u767e\u642d\u957f\u8896t\u6064\u536b\u8863\u5973\u5b66\u751f","titleTags":null,"type":2},{"acm":"3.ms.2_1_1m07mk2.0.70867-69004.s026vr4QKUMPr.sd_117-c_2_32_370792734_0_52_0-t_-c1_10057922_nil_nil_0_0_30_0-lc_32","cfav":"2517","clientUrl":"http://item.meilishuo.com/h5/detail/1m07mk2?acm=3.ms.2_1_1m07mk2.0.70867-69004.s026vr4QKUMPr.sd_117-c_2_32_370792734_0_52_0-t_-c1_10057922_nil_nil_0_0_30_0-lc_32&cparam=MTUzODA1MDQ0Ml8xYzlpcjF3XzYwYWI4MzE0NDZmYWUxMWVmZWMwNThkYzQyMDUwNWZkXzMyXzE1XzM3MDc5MjczNF8wXzBfNTJfMF85NzFfMF8w","cparam":"MTUzODA1MDQ0Ml8xYzlpcjF3XzYwYWI4MzE0NDZmYWUxMWVmZWMwNThkYzQyMDUwNWZkXzMyXzE1XzM3MDc5MjczNF8wXzBfNTJfMF85NzFfMF8w","iid":"1m07mk2","itemMarks":"1907 82","itemType":7,"leftbottom_taglist":[],"lefttop_taglist":[],"link":"http://item.meilishuo.com/h5/detail/1m07mk2?acm=3.ms.2_1_1m07mk2.0.70867-69004.s026vr4QKUMPr.sd_117-c_2_32_370792734_0_52_0-t_-c1_10057922_nil_nil_0_0_30_0-lc_32&cparam=MTUzODA1MDQ0Ml8xYzlpcjF3XzYwYWI4MzE0NDZmYWUxMWVmZWMwNThkYzQyMDUwNWZkXzMyXzE1XzM3MDc5MjczNF8wXzBfNTJfMF85NzFfMF8w","orgPrice":"\uffe599.00","popularStar":null,"price":"69.00","props":["\u3010\u65f6\u5c1a\u5957\u88c5\u30112018\u79cb\u6b3e\u65b0\u6b3e\u725b\u4ed4\u80cc\u5e26\u88d9\u5973\u590f\u540a\u5e26\u8fde\u8863\u88d9\u642d\u914dT\u6064\u65b0\u6b3e\u5c0f\u6e05\u65b0\u4e24\u4ef6\u5957\u5973"],"ptpC":"_mb_mls_10057922_wap-index_noab-noab","sale":"1136","shopId":"1302420627","show":{"h":416,"img":"http://s3.mogucdn.com/mlcdn/c45406/180821_044abj5e7h2icfgijb053661lle8f_800x800.jpg_320x999.jpg","w":320},"showLarge":{"h":560,"img":"http://s3.mogucdn.com/mlcdn/c45406/180821_044abj5e7h2icfgijb053661lle8f_800x800.jpg_560x999.jpg","w":560},"title":"\u3010\u65f6\u5c1a\u5957\u88c5\u30112018\u79cb\u6b3e\u65b0\u6b3e\u725b\u4ed4\u80cc\u5e26\u88d9\u5973\u590f\u540a\u5e26\u8fde\u8863\u88d9\u642d\u914dT\u6064\u65b0\u6b3e\u5c0f\u6e05\u65b0\u4e24\u4ef6\u5957\u5973","titleTags":null,"type":2},{"acm":"3.ms.2_1_1lrpkxq.0.70867-69004.s026vr4QKUMPr.sd_117-c_2_32_355438940_1086616598_53_0-t_-c1_10057922_nil_nil_2_1086616598_30_0-lc_32","cfav":"5082","clientUrl":"http://item.meilishuo.com/h5/detail/1lrpkxq?acm=3.ms.2_1_1lrpkxq.0.70867-69004.s026vr4QKUMPr.sd_117-c_2_32_355438940_1086616598_53_0-t_-c1_10057922_nil_nil_2_1086616598_30_0-lc_32&cparam=MTUzODA1MDQ0Ml8xYnI4a3hjX2MxY2ZmZDdjYzk2YjlkYmFlYjFlZWNhNWI4YjZmZTk2XzMyXzE2XzM1NTQzODk0MF8wXzBfNTNfMF8xMDNfMF8w","cparam":"MTUzODA1MDQ0Ml8xYnI4a3hjX2MxY2ZmZDdjYzk2YjlkYmFlYjFlZWNhNWI4YjZmZTk2XzMyXzE2XzM1NTQzODk0MF8wXzBfNTNfMF8xMDNfMF8w","iid":"1lrpkxq","itemMarks":"1525 82","itemType":7,"leftbottom_taglist":[],"lefttop_taglist":[],"link":"http://item.meilishuo.com/h5/detail/1lrpkxq?acm=3.ms.2_1_1lrpkxq.0.70867-69004.s026vr4QKUMPr.sd_117-c_2_32_355438940_1086616598_53_0-t_-c1_10057922_nil_nil_2_1086616598_30_0-lc_32&cparam=MTUzODA1MDQ0Ml8xYnI4a3hjX2MxY2ZmZDdjYzk2YjlkYmFlYjFlZWNhNWI4YjZmZTk2XzMyXzE2XzM1NTQzODk0MF8wXzBfNTNfMF8xMDNfMF8w","orgPrice":"\uffe556.00","popularStar":null,"price":"39.00","props":["\u3010\u4e24\u4ef659\u5143\u3011\u3010 \u964d\u4ef7\u5566\uff01\u30112018\u590f\u88c5\u65b0\u6b3e\u9ad8\u54c1\u8d28\u7eaf\u68c9t\u6064\u5973\u77ed\u8896\u767d\u8272\u5706\u9886\u5bbd\u677e\u5b66\u751f\u534a\u8896\u4e0a\u8863"],"ptpC":"_mb_mls_10057922_wap-index_noab-noab","sale":"350","shopId":"1302412599","show":{"h":416,"img":"http://s3.mogucdn.com/mlcdn/c45406/180302_79fbi56kchc7lc254d1bhlgh6l4ai_640x960.jpg_320x999.jpg","w":320},"showLarge":{"h":840,"img":"http://s11.mogucdn.com/mlcdn/c45406/180302_79fbi56kchc7lc254d1bhlgh6l4ai_640x960.jpg_560x999.jpg","w":560},"title":"\u3010\u4e24\u4ef659\u5143\u3011\u3010 \u964d\u4ef7\u5566\uff01\u30112018\u590f\u88c5\u65b0\u6b3e\u9ad8\u54c1\u8d28\u7eaf\u68c9t\u6064\u5973\u77ed\u8896\u767d\u8272\u5706\u9886\u5bbd\u677e\u5b66\u751f\u534a\u8896\u4e0a\u8863","titleTags":null,"type":2},{"acm":"3.ms.2_1_1m7kotq.0.70867-69004.s026vr4QKUMPr.sd_117-c_2_32_443917449_460484138_54_0-t_-c1_10057922_nil_nil_1_460484138_30_0-lc_32","cfav":"87","clientUrl":"http://item.meilishuo.com/h5/detail/1m7kotq?acm=3.ms.2_1_1m7kotq.0.70867-69004.s026vr4QKUMPr.sd_117-c_2_32_443917449_460484138_54_0-t_-c1_10057922_nil_nil_1_460484138_30_0-lc_32&cparam=MTUzODA1MDQ0Ml8xZW9sZHUyXzE5NTc3YzkzNjk5NTE0MTcxMjU4MTFkMjVjNDNjYzQ5XzMyXzE3XzQ0MzkxNzQ0OV8wXzBfNTRfMF8xN18wXzA=","cparam":"MTUzODA1MDQ0Ml8xZW9sZHUyXzE5NTc3YzkzNjk5NTE0MTcxMjU4MTFkMjVjNDNjYzQ5XzMyXzE3XzQ0MzkxNzQ0OV8wXzBfNTRfMF8xN18wXzA=","iid":"1m7kotq","itemMarks":"-1","itemType":7,"leftbottom_taglist":[],"lefttop_taglist":[],"link":"http://item.meilishuo.com/h5/detail/1m7kotq?acm=3.ms.2_1_1m7kotq.0.70867-69004.s026vr4QKUMPr.sd_117-c_2_32_443917449_460484138_54_0-t_-c1_10057922_nil_nil_1_460484138_30_0-lc_32&cparam=MTUzODA1MDQ0Ml8xZW9sZHUyXzE5NTc3YzkzNjk5NTE0MTcxMjU4MTFkMjVjNDNjYzQ5XzMyXzE3XzQ0MzkxNzQ0OV8wXzBfNTRfMF8xN18wXzA=","orgPrice":"\uffe540.00","popularStar":null,"price":"40.00","props":["2018\u6625\u79cb\u5b63\u6e2f\u5473\u521d\u79cb\u65b0\u6b3e\u539f\u5bbfBF\u98ce\u65f6\u5c1a\u5370\u82b1\u957f\u8896\u8584\u6b3eT\u6064\u5973\u88c5\u97e9\u7248\u5bbd\u677e\u5b66\u751f\u6253\u5e95\u886b\u4f11\u95f2\u4e0a\u8863\u6f6e"],"ptpC":"_mb_mls_10057922_wap-index_noab-noab","sale":"63","shopId":"1302404510","show":{"h":416,"img":"http://s3.mogucdn.com/mlcdn/55cf19/180823_85b4d93a7k279d8e3ghdjjcdgjej3_640x960.jpg_320x999.jpg","w":320},"showLarge":{"h":840,"img":"http://s11.mogucdn.com/mlcdn/55cf19/180823_85b4d93a7k279d8e3ghdjjcdgjej3_640x960.jpg_560x999.jpg","w":560},"title":"2018\u6625\u79cb\u5b63\u6e2f\u5473\u521d\u79cb\u65b0\u6b3e\u539f\u5bbfBF\u98ce\u65f6\u5c1a\u5370\u82b1\u957f\u8896\u8584\u6b3eT\u6064\u5973\u88c5\u97e9\u7248\u5bbd\u677e\u5b66\u751f\u6253\u5e95\u886b\u4f11\u95f2\u4e0a\u8863\u6f6e","titleTags":null,"type":2}],"page":3,"param":{"_mgjuuid":"6939dd25-3829-4b30-a981-41b6eea3c811","cKey":"wap-index","cpcEventId":70005,"cpc_offset":0,"eventId":70003,"fcid":"10057922","page":"3","ptpPartC":"_mb_mls_10057922_wap-index_noab-noab","ptpWallCpc":"_wall_cpc","ptpWallDoc":"_wall_docs","section":"0","sort":"pop"},"ptpPartC":"_mb_mls_10057922_wap-index_noab-noab","sort":"pop","title":"\u7f8e\u4e3d\u8bf4wap\u9996\u9875","total":40931},"returnCode":"1001","returnMessage":null,"success":true}
