{"data":{"cpc_offset":0,"filter":{"list":[{"fcid":"10057922","sort":"pop","style":null,"title":"\u6d41\u884c","type":"sort"},{"fcid":"10057922","sort":"sell","style":null,"title":"\u70ed\u9500","type":"sort"},{"fcid":"10057922","sort":"new","style":null,"title":"\u4e0a\u65b0","type":"sort"}],"title":"\u7f8e\u4e3d\u8bf4wap\u9996\u9875"},"isEnd":false,"list":[{"acm":"3.ms.0_4_1m7vau6.0.53971-69004.s026ur4QKYAp7.t_-sd_117-lc_16","cfav":103,"clientUrl":"http://item.meilishuo.com/h5/detail/1m7vau6?acm=3.ms.0_4_1m7vau6.0.53971-69004.s026ur4QKYAp7.t_-sd_117-lc_16","cparam":null,"iid":"1m7vau6","itemMarks":"1525","itemType":10,"leftbottom_taglist":[],"lefttop_taglist":[],"link":"http://item.meilishuo.com/h5/detail/1m7vau6?acm=3.ms.0_4_1m7vau6.0.53971-69004.s026ur4QKYAp7.t_-sd_117-lc_16","orgPrice":"\uffe584.29","popularStar":0,"price":"59.00","props":["\u65f6\u5c1a\u5957\u88c5\u59732018\u79cb\u5b63\u65b0\u6b3e\u97e9\u7248\u84dd\u8272\u5370\u82b1\u5b57\u6bcd\u957f\u8896\u536b\u8863+\u5bbd\u677e\u663e\u7626\u7834\u6d1e\u725b\u4ed4\u80cc\u5e26\u88e4\u4e24\u4ef6\u5957"],"ptpC":"_mb_mls_10057922_wap-index_noab-noab","sale":9182,"shopId":104471,"show":{"h":416,"img":"http://s11.mogucdn.com/mlcdn/c45406/180830_5fi3li32f7agal4hj9aihggc6lcb1_640x960.jpg_320x999.jpg","w":320},"showLarge":{"h":840,"img":"http://s3.mogucdn.com/mlcdn/c45406/180830_5fi3li32f7agal4hj9aihggc6lcb1_640x960.jpg_560x999.jpg","w":560},"title":"\u65f6\u5c1a\u5957\u88c5\u59732018\u79cb\u5b63\u65b0\u6b3e\u97e9\u7248\u84dd\u8272\u5370\u82b1\u5b57\u6bcd\u957f\u8896\u536b\u8863+\u5bbd\u677e\u663e\u7626\u7834\u6d1e\u725b\u4ed4\u80cc\u5e26\u88e4\u4e24\u4ef6\u5957","titleTags":null,"type":2},{"acm":"3.ms.0_4_1kjnh6c.0.53971-69004.s026ur4QKYAp7.t_-sd_117-lc_16","cfav":1617,"clientUrl":"http://item.meilishuo.com/h5/detail/1kjnh6c?acm=3.ms.0_4_1kjnh6c.0.53971-69004.s026ur4QKYAp7.t_-sd_117-lc_16","cparam":null,"iid":"1kjnh6c","itemMarks":"2 138 82 172 173","itemType":10,"leftbottom_taglist":[],"lefttop_taglist":[],"link":"http://item.meilishuo.com/h5/detail/1kjnh6c?acm=3.ms.0_4_1kjnh6c.0.53971-69004.s026ur4QKYAp7.t_-sd_117-lc_16","orgPrice":"\uffe5101.43","popularStar":0,"price":"71.00","props":["\u5b9a\u52362018\u79cb\u5b63\u6b27\u6d32\u65b0\u6b3e\u96ea\u7eba\u590d\u53e4\u6302\u8116V\u9886\u957f\u8896\u886c\u886b\u4e2d\u957f\u6b3e\u6e2f\u5473\u534a\u8eab\u88d9\u65f6\u5c1a\u5957\u88c5\u5973\u88c5"],"ptpC":"_mb_mls_10057922_wap-index_noab-noab","sale":1913,"shopId":20870829,"show":{"h":416,"img":"http://s11.mogucdn.com/mlcdn/c45406/170907_2efhlkeke21efd84lf20e4kac70f1_1200x1800.jpg_320x999.jpg","w":320},"showLarge":{"h":840,"img":"http://s11.mogucdn.com/mlcdn/c45406/170907_2efhlkeke21efd84lf20e4kac70f1_1200x1800.jpg_560x999.jpg","w":560},"title":"\u5b9a\u52362018\u79cb\u5b63\u6b27\u6d32\u65b0\u6b3e\u96ea\u7eba\u590d\u53e4\u6302\u8116V\u9886\u957f\u8896\u886c\u886b\u4e2d\u957f\u6b3e\u6e2f\u5473\u534a\u8eab\u88d9\u65f6\u5c1a\u5957\u88c5\u5973\u88c5","titleTags":null,"type":2},{"acm":"3.ms.2_1_1m7kotq.0.70867-69004.s026ur4QKYAp7.sd_117-c_2_32_443917449_1287231050_55_0-t_-c1_10057922_nil_nil_2_1287231050_30_0-lc_32","cfav":"87","clientUrl":"http://item.meilishuo.com/h5/detail/1m7kotq?acm=3.ms.2_1_1m7kotq.0.70867-69004.s026ur4QKYAp7.sd_117-c_2_32_443917449_1287231050_55_0-t_-c1_10057922_nil_nil_2_1287231050_30_0-lc_32&cparam=MTUzODA1MDQ1N18xZW9sZHUyXzIyNmJlNmE1Mzk2YWJkNTk0MjViMDFmNzVjNDQ5YjEwXzMyXzBfNDQzOTE3NDQ5XzBfMF81NV8wXzE3XzBfMA==","cparam":"MTUzODA1MDQ1N18xZW9sZHUyXzIyNmJlNmE1Mzk2YWJkNTk0MjViMDFmNzVjNDQ5YjEwXzMyXzBfNDQzOTE3NDQ5XzBfMF81NV8wXzE3XzBfMA==","iid":"1m7kotq","itemMarks":"-1","itemType":7,"leftbottom_taglist":["http://s2.mogucdn.com/p2/170307/1_53je1gbj88bjheidae4al1le4h94i_60x28.png"],"lefttop_taglist":[],"link":"http://item.meilishuo.com/h5/detail/1m7kotq?acm=3.ms.2_1_1m7kotq.0.70867-69004.s026ur4QKYAp7.sd_117-c_2_32_443917449_1287231050_55_0-t_-c1_10057922_nil_nil_2_1287231050_30_0-lc_32&cparam=MTUzODA1MDQ1N18xZW9sZHUyXzIyNmJlNmE1Mzk2YWJkNTk0MjViMDFmNzVjNDQ5YjEwXzMyXzBfNDQzOTE3NDQ5XzBfMF81NV8wXzE3XzBfMA==","orgPrice":"\uffe540.00","popularStar":null,"price":"40.00","props":["2018\u6625\u79cb\u5b63\u6e2f\u5473\u521d\u79cb\u65b0\u6b3e\u539f\u5bbfBF\u98ce\u65f6\u5c1a\u5370\u82b1\u957f\u8896\u8584\u6b3eT\u6064\u5973\u88c5\u97e9\u7248\u5bbd\u677e\u5b66\u751f\u6253\u5e95\u886b\u4f11\u95f2\u4e0a\u8863\u6f6e"],"ptpC":"_mb_mls_10057922_wap-index_noab-noab","sale":"63","shopId":"1302404510","show":{"h":416,"img":"http://s11.mogucdn.com/mlcdn/55cf19/180823_37d8bljigae1ab954d8idiie1gbb5_640x960.jpg_320x999.jpg","w":320},"showLarge":{"h":840,"img":"http://s11.mogucdn.com/mlcdn/55cf19/180823_37d8bljigae1ab954d8idiie1gbb5_640x960.jpg_560x999.jpg","w":560},"title":"2018\u6625\u79cb\u5b63\u6e2f\u5473\u521d\u79cb\u65b0\u6b3e\u539f\u5bbfBF\u98ce\u65f6\u5c1a\u5370\u82b1\u957f\u8896\u8584\u6b3eT\u6064\u5973\u88c5\u97e9\u7248\u5bbd\u677e\u5b66\u751f\u6253\u5e95\u886b\u4f11\u95f2\u4e0a\u8863\u6f6e","titleTags":null,"type":2},{"acm":"3.ms.2_1_1m3a900.0.70867-69004.s026ur4QKYAp7.sd_117-c_2_32_395143192_2004647_56_0-t_-c1_10057922_nil_nil_0_2004647_23_0-lc_32","cfav":"1115","clientUrl":"http://item.meilishuo.com/h5/detail/1m3a900?acm=3.ms.2_1_1m3a900.0.70867-69004.s026ur4QKYAp7.sd_117-c_2_32_395143192_2004647_56_0-t_-c1_10057922_nil_nil_0_2004647_23_0-lc_32&cparam=MTUzODA1MDQ1N18xZDJpa3g0XzU3ODhmOTA5MTA5OWZmNGE5ZTFiNTRkYWFhYjIxZjc3XzMyXzFfMzk1MTQzMTkyXzBfMjAwNDY0N181Nl8wXzMxMV8wXzA=","cparam":"MTUzODA1MDQ1N18xZDJpa3g0XzU3ODhmOTA5MTA5OWZmNGE5ZTFiNTRkYWFhYjIxZjc3XzMyXzFfMzk1MTQzMTkyXzBfMjAwNDY0N181Nl8wXzMxMV8wXzA=","iid":"1m3a900","itemMarks":"1525","itemType":7,"leftbottom_taglist":["http://s2.mogucdn.com/p2/170307/1_5k6k8eiffl43633479294a49f8gci_60x28.png"],"lefttop_taglist":[],"link":"http://item.meilishuo.com/h5/detail/1m3a900?acm=3.ms.2_1_1m3a900.0.70867-69004.s026ur4QKYAp7.sd_117-c_2_32_395143192_2004647_56_0-t_-c1_10057922_nil_nil_0_2004647_23_0-lc_32&cparam=MTUzODA1MDQ1N18xZDJpa3g0XzU3ODhmOTA5MTA5OWZmNGE5ZTFiNTRkYWFhYjIxZjc3XzMyXzFfMzk1MTQzMTkyXzBfMjAwNDY0N181Nl8wXzMxMV8wXzA=","orgPrice":"\uffe540.00","popularStar":null,"price":"28.00","props":["2\u4ef650\u5143qlz\u590f\u5b632018\u60c5\u4fa3\u88c5\u65b0\u6b3e\u5bbd\u677e\u5973\u97e9\u7248\u6f6e\u5b66\u751f\u767e\u642d\u7f51\u7ea2\u540c\u6b3e\u77ed\u8896T\u6064\u4e0a\u8863\u5c0f\u54e5\u54e5\u5370\u82b1"],"ptpC":"_mb_mls_10057922_wap-index_noab-noab","sale":"595","shopId":"21689974","show":{"h":416,"img":"http://s3.mogucdn.com/mlcdn/17f85e/180607_2l80eaa784bka7f5701egda5g5jbl_640x960.jpg_320x999.jpg","w":320},"showLarge":{"h":840,"img":"http://s11.mogucdn.com/mlcdn/17f85e/180607_2l80eaa784bka7f5701egda5g5jbl_640x960.jpg_560x999.jpg","w":560},"title":"2\u4ef650\u5143qlz\u590f\u5b632018\u60c5\u4fa3\u88c5\u65b0\u6b3e\u5bbd\u677e\u5973\u97e9\u7248\u6f6e\u5b66\u751f\u767e\u642d\u7f51\u7ea2\u540c\u6b3e\u77ed\u8896T\u6064\u4e0a\u8863\u5c0f\u54e5\u54e5\u5370\u82b1","titleTags":null,"type":2},{"acm":"3.ms.0_4_1m70vp4.0.53971-69004.s026ur4QKYAp7.t_-sd_117-lc_16","cfav":18,"clientUrl":"http://item.meilishuo.com/h5/detail/1m70vp4?acm=3.ms.0_4_1m70vp4.0.53971-69004.s026ur4QKYAp7.t_-sd_117-lc_16","cparam":null,"iid":"1m70vp4","itemMarks":"1525 353 181","itemType":10,"leftbottom_taglist":[],"lefttop_taglist":[],"link":"http://item.meilishuo.com/h5/detail/1m70vp4?acm=3.ms.0_4_1m70vp4.0.53971-69004.s026ur4QKYAp7.t_-sd_117-lc_16","orgPrice":"\uffe598.58","popularStar":0,"price":"69.00","props":["2018\u79cb\u5b63\u65b0\u6b3e\u97e9\u7248\u5bbd\u677e\u767e\u642d\u6c14\u8d28\u6ce2\u70b9\u957f\u8896\u886c\u8863\u4e0a\u8863\u5973\u7b80\u7ea6\u5c0f\u6e05\u65b0\u76f4\u7b52\u88e4\u663e\u7626\u5bbd\u677e\u4e5d\u5206\u4f11\u95f2\u88e4\u4e24\u4ef6\u5957"],"ptpC":"_mb_mls_10057922_wap-index_noab-noab","sale":1088,"shopId":10664478,"show":{"h":416,"img":"http://s11.mogucdn.com/mlcdn/c45406/180808_2762c67cchlcli7bi8ik2297a570b_640x960.jpg_320x999.jpg","w":320},"showLarge":{"h":840,"img":"http://s11.mogucdn.com/mlcdn/c45406/180808_2762c67cchlcli7bi8ik2297a570b_640x960.jpg_560x999.jpg","w":560},"title":"2018\u79cb\u5b63\u65b0\u6b3e\u97e9\u7248\u5bbd\u677e\u767e\u642d\u6c14\u8d28\u6ce2\u70b9\u957f\u8896\u886c\u8863\u4e0a\u8863\u5973\u7b80\u7ea6\u5c0f\u6e05\u65b0\u76f4\u7b52\u88e4\u663e\u7626\u5bbd\u677e\u4e5d\u5206\u4f11\u95f2\u88e4\u4e24\u4ef6\u5957","titleTags":null,"type":2},{"acm":"3.ms.0_4_1m7tg14.0.53971-69004.s026ur4QKYAp7.t_-sd_117-lc_16","cfav":11,"clientUrl":"http://item.meilishuo.com/h5/detail/1m7tg14?acm=3.ms.0_4_1m7tg14.0.53971-69004.s026ur4QKYAp7.t_-sd_117-lc_16","cparam":null,"iid":"1m7tg14","itemMarks":"1964 1711","itemType":10,"leftbottom_taglist":[],"lefttop_taglist":[],"link":"http://item.meilishuo.com/h5/detail/1m7tg14?acm=3.ms.0_4_1m7tg14.0.53971-69004.s026ur4QKYAp7.t_-sd_117-lc_16","orgPrice":"\uffe5126.00","popularStar":0,"price":"126.00","props":["2018\u79cb\u5b63\u65b0\u6b3e\u6c14\u8d28\u540d\u5a9b\u857e\u4e1d\u8fde\u8863\u88d9\u5973\u97e9\u7248\u4fee\u8eab\u5185\u642d\u9542\u7a7aa\u5b57\u6253\u5e95\u88d9\u6f6e\u79cb\u51ac"],"ptpC":"_mb_mls_10057922_wap-index_noab-noab","sale":1247,"shopId":1302408860,"show":{"h":416,"img":"http://s11.mogucdn.com/mlcdn/c45406/180828_7c7i6f1642igai5j52fj8f8j2ladi_640x960.jpg_320x999.jpg","w":320},"showLarge":{"h":840,"img":"http://s11.mogucdn.com/mlcdn/c45406/180828_7c7i6f1642igai5j52fj8f8j2ladi_640x960.jpg_560x999.jpg","w":560},"title":"2018\u79cb\u5b63\u65b0\u6b3e\u6c14\u8d28\u540d\u5a9b\u857e\u4e1d\u8fde\u8863\u88d9\u5973\u97e9\u7248\u4fee\u8eab\u5185\u642d\u9542\u7a7aa\u5b57\u6253\u5e95\u88d9\u6f6e\u79cb\u51ac","titleTags":null,"type":2},{"acm":"3.ms.2_1_1m23ppo.0.70867-69004.s026ur4QKYAp7.sd_117-c_2_32_387443194_436773857_57_0-t_-c1_10057922_nil_nil_1_436773857_30_0-lc_32","cfav":"88","clientUrl":"http://item.meilishuo.com/h5/detail/1m23ppo?acm=3.ms.2_1_1m23ppo.0.70867-69004.s026ur4QKYAp7.sd_117-c_2_32_387443194_436773857_57_0-t_-c1_10057922_nil_nil_1_436773857_30_0-lc_32&cparam=MTUzODA1MDQ1N18xY3RjaTdnX2I3ZGU0MmQ4ZDJkNDg3NmE5MzgzOGFjYmM1ZmE0M2I4XzMyXzJfMzg3NDQzMTk0XzBfMF81N18wXzUzNF8wXzA=","cparam":"MTUzODA1MDQ1N18xY3RjaTdnX2I3ZGU0MmQ4ZDJkNDg3NmE5MzgzOGFjYmM1ZmE0M2I4XzMyXzJfMzg3NDQzMTk0XzBfMF81N18wXzUzNF8wXzA=","iid":"1m23ppo","itemMarks":"1525","itemType":7,"leftbottom_taglist":[],"lefttop_taglist":[],"link":"http://item.meilishuo.com/h5/detail/1m23ppo?acm=3.ms.2_1_1m23ppo.0.70867-69004.s026ur4QKYAp7.sd_117-c_2_32_387443194_436773857_57_0-t_-c1_10057922_nil_nil_1_436773857_30_0-lc_32&cparam=MTUzODA1MDQ1N18xY3RjaTdnX2I3ZGU0MmQ4ZDJkNDg3NmE5MzgzOGFjYmM1ZmE0M2I4XzMyXzJfMzg3NDQzMTk0XzBfMF81N18wXzUzNF8wXzA=","orgPrice":"\uffe550.00","popularStar":null,"price":"35.00","props":["\u301059\u51432\u4ef6\u3011\u6761\u7eb9\u7eaf\u68c9\u8fd0\u52a8\u77ed\u88e4\u59732018\u6625\u590f\u65b0\u6b3e\u97e9\u7248\u5bbd\u677e\u663e\u7626\u4f11\u95f2\u88e4\u5b66\u751f\u8dd1\u6b65\u4e09\u5206\u88e4"],"ptpC":"_mb_mls_10057922_wap-index_noab-noab","sale":"72","shopId":"109875","show":{"h":416,"img":"http://s3.mogucdn.com/mlcdn/c45406/180522_21l7lb0acallifbl6d6ael74h45c3_640x960.jpg_320x999.jpg","w":320},"showLarge":{"h":840,"img":"http://s3.mogucdn.com/mlcdn/c45406/180522_21l7lb0acallifbl6d6ael74h45c3_640x960.jpg_560x999.jpg","w":560},"title":"\u301059\u51432\u4ef6\u3011\u6761\u7eb9\u7eaf\u68c9\u8fd0\u52a8\u77ed\u88e4\u59732018\u6625\u590f\u65b0\u6b3e\u97e9\u7248\u5bbd\u677e\u663e\u7626\u4f11\u95f2\u88e4\u5b66\u751f\u8dd1\u6b65\u4e09\u5206\u88e4","titleTags":null,"type":2},{"acm":"3.ms.2_1_1lqntnw.0.70867-69004.s026ur4QKYAp7.sd_117-c_2_32_385733073_391985368_58_0-t_-c1_10057922_nil_nil_1_391985368_20_0-lc_32","cfav":"452","clientUrl":"http://item.meilishuo.com/h5/detail/1lqntnw?acm=3.ms.2_1_1lqntnw.0.70867-69004.s026ur4QKYAp7.sd_117-c_2_32_385733073_391985368_58_0-t_-c1_10057922_nil_nil_1_391985368_20_0-lc_32&cparam=MTUzODA1MDQ1N18xY3JiNzRxX2IwMDM1Y2Q4YzUxMzMzMjFmNTA5ZmM4OWIyZGUwYTZjXzMyXzNfMzg1NzMzMDczXzBfMF81OF8wXzYzMl8wXzA=","cparam":"MTUzODA1MDQ1N18xY3JiNzRxX2IwMDM1Y2Q4YzUxMzMzMjFmNTA5ZmM4OWIyZGUwYTZjXzMyXzNfMzg1NzMzMDczXzBfMF81OF8wXzYzMl8wXzA=","iid":"1lqntnw","itemMarks":"1525","itemType":7,"leftbottom_taglist":[],"lefttop_taglist":[],"link":"http://item.meilishuo.com/h5/detail/1lqntnw?acm=3.ms.2_1_1lqntnw.0.70867-69004.s026ur4QKYAp7.sd_117-c_2_32_385733073_391985368_58_0-t_-c1_10057922_nil_nil_1_391985368_20_0-lc_32&cparam=MTUzODA1MDQ1N18xY3JiNzRxX2IwMDM1Y2Q4YzUxMzMzMjFmNTA5ZmM4OWIyZGUwYTZjXzMyXzNfMzg1NzMzMDczXzBfMF81OF8wXzYzMl8wXzA=","orgPrice":"\uffe557.00","popularStar":null,"price":"39.90","props":["2018\u6625\u590f\u88c5\u65b0\u6b3e\u4e0a\u8863\u5706\u9886\u4f11\u95f2\u767e\u642d\u97e9\u7248\u6253\u5e95\u886b\u7eaf\u8272\u767d\u8272\u68c9t\u6064\u5973\u77ed\u8896\u5bbd\u677e\u5b66\u751f\u534a\u8896tee\u60c5\u4fa3\u7537"],"ptpC":"_mb_mls_10057922_wap-index_noab-noab","sale":"121","shopId":"105755","show":{"h":416,"img":"http://s11.mogucdn.com/mlcdn/c45406/180122_1297b7c1b49f64ggkk25d1gh0gi5b_640x960.jpg_320x999.jpg","w":320},"showLarge":{"h":840,"img":"http://s3.mogucdn.com/mlcdn/c45406/180122_1297b7c1b49f64ggkk25d1gh0gi5b_640x960.jpg_560x999.jpg","w":560},"title":"2018\u6625\u590f\u88c5\u65b0\u6b3e\u4e0a\u8863\u5706\u9886\u4f11\u95f2\u767e\u642d\u97e9\u7248\u6253\u5e95\u886b\u7eaf\u8272\u767d\u8272\u68c9t\u6064\u5973\u77ed\u8896\u5bbd\u677e\u5b66\u751f\u534a\u8896tee\u60c5\u4fa3\u7537","titleTags":null,"type":2},{"acm":"3.ms.2_1_1m3dm2o.0.70867-69004.s026ur4QKYAp7.sd_117-c_2_32_407263421_442159017_59_0-t_-c1_10057922_nil_nil_1_442159017_20_0-lc_32","cfav":"740","clientUrl":"http://item.meilishuo.com/h5/detail/1m3dm2o?acm=3.ms.2_1_1m3dm2o.0.70867-69004.s026ur4QKYAp7.sd_117-c_2_32_407263421_442159017_59_0-t_-c1_10057922_nil_nil_1_442159017_20_0-lc_32&cparam=MTUzODA1MDQ1N18xZGd5NHo2X2VhYTdmNTM1NGFkNjYwMmJjY2I5MzEyOGUyNTVjMjBjXzMyXzRfNDA3MjYzNDIxXzBfMF81OV8wXzU2NV8wXzA=","cparam":"MTUzODA1MDQ1N18xZGd5NHo2X2VhYTdmNTM1NGFkNjYwMmJjY2I5MzEyOGUyNTVjMjBjXzMyXzRfNDA3MjYzNDIxXzBfMF81OV8wXzU2NV8wXzA=","iid":"1m3dm2o","itemMarks":"1525","itemType":7,"leftbottom_taglist":[],"lefttop_taglist":[],"link":"http://item.meilishuo.com/h5/detail/1m3dm2o?acm=3.ms.2_1_1m3dm2o.0.70867-69004.s026ur4QKYAp7.sd_117-c_2_32_407263421_442159017_59_0-t_-c1_10057922_nil_nil_1_442159017_20_0-lc_32&cparam=MTUzODA1MDQ1N18xZGd5NHo2X2VhYTdmNTM1NGFkNjYwMmJjY2I5MzEyOGUyNTVjMjBjXzMyXzRfNDA3MjYzNDIxXzBfMF81OV8wXzU2NV8wXzA=","orgPrice":"\uffe542.71","popularStar":null,"price":"29.89","props":["2018\u590f\u88c5\u65b0\u6b3e\u4fee\u8eab\u663e\u7626\u6027\u611f\u62fc\u8272\u9488\u7ec7\u5973\u77ed\u6b3e\u97e9\u7248\u4f11\u95f2\u6253\u5e95\u886b\u4e0a\u8863\u540a\u5e26\u80cc\u5fc3"],"ptpC":"_mb_mls_10057922_wap-index_noab-noab","sale":"307","shopId":"108443","show":{"h":416,"img":"http://s11.mogucdn.com/mlcdn/c45406/180605_25ah46f6e61dk43g22i3cf6dckcf6_640x960.jpg_320x999.jpg","w":320},"showLarge":{"h":840,"img":"http://s3.mogucdn.com/mlcdn/c45406/180605_25ah46f6e61dk43g22i3cf6dckcf6_640x960.jpg_560x999.jpg","w":560},"title":"2018\u590f\u88c5\u65b0\u6b3e\u4fee\u8eab\u663e\u7626\u6027\u611f\u62fc\u8272\u9488\u7ec7\u5973\u77ed\u6b3e\u97e9\u7248\u4f11\u95f2\u6253\u5e95\u886b\u4e0a\u8863\u540a\u5e26\u80cc\u5fc3","titleTags":null,"type":2},{"acm":"3.ms.2_1_1m7fees.0.70867-69004.s026ur4QKYAp7.sd_117-c_2_32_428165472_2027710_60_0-t_-c1_10057922_nil_nil_0_2027710_39_0-lc_32","cfav":"318","clientUrl":"http://item.meilishuo.com/h5/detail/1m7fees?acm=3.ms.2_1_1m7fees.0.70867-69004.s026ur4QKYAp7.sd_117-c_2_32_428165472_2027710_60_0-t_-c1_10057922_nil_nil_0_2027710_39_0-lc_32&cparam=MTUzODA1MDQ1N18xZTV1NTg4XzVjMWQ4ZDliZTUzYjhjYzk4ZTc0ZjJmNTNhNTVjNGYxXzMyXzVfNDI4MTY1NDcyXzBfMjAyNzcxMF82MF8wXzE4MF8wXzA=","cparam":"MTUzODA1MDQ1N18xZTV1NTg4XzVjMWQ4ZDliZTUzYjhjYzk4ZTc0ZjJmNTNhNTVjNGYxXzMyXzVfNDI4MTY1NDcyXzBfMjAyNzcxMF82MF8wXzE4MF8wXzA=","iid":"1m7fees","itemMarks":"-1","itemType":7,"leftbottom_taglist":[],"lefttop_taglist":[],"link":"http://item.meilishuo.com/h5/detail/1m7fees?acm=3.ms.2_1_1m7fees.0.70867-69004.s026ur4QKYAp7.sd_117-c_2_32_428165472_2027710_60_0-t_-c1_10057922_nil_nil_0_2027710_39_0-lc_32&cparam=MTUzODA1MDQ1N18xZTV1NTg4XzVjMWQ4ZDliZTUzYjhjYzk4ZTc0ZjJmNTNhNTVjNGYxXzMyXzVfNDI4MTY1NDcyXzBfMjAyNzcxMF82MF8wXzE4MF8wXzA=","orgPrice":"\uffe5189.00","popularStar":null,"price":"132.00","props":["2018\u65b0\u54c1\u5973\u4e09\u4ef6\u5957\u4f11\u95f2\u8fd0\u52a8\u5957\u88c5\u5927\u7801\u957f\u8896\u65f6\u5c1a\u6f6e\u65b0\u6b3e\u79cb\u5b63\u536b\u8863\u4e09\u4ef6\u5957\u8fde\u5e3d\u8fd0\u52a8\u670d\u9488\u7ec7\u649e\u8272\u5957\u88c5"],"ptpC":"_mb_mls_10057922_wap-index_noab-noab","sale":"218","shopId":"20542751","show":{"h":416,"img":"http://s11.mogucdn.com/mlcdn/17f85e/180819_75agk8i0gchlf23ie3glflgbd17ac_640x960.jpg_320x999.jpg","w":320},"showLarge":{"h":840,"img":"http://s11.mogucdn.com/mlcdn/17f85e/180819_75agk8i0gchlf23ie3glflgbd17ac_640x960.jpg_560x999.jpg","w":560},"title":"2018\u65b0\u54c1\u5973\u4e09\u4ef6\u5957\u4f11\u95f2\u8fd0\u52a8\u5957\u88c5\u5927\u7801\u957f\u8896\u65f6\u5c1a\u6f6e\u65b0\u6b3e\u79cb\u5b63\u536b\u8863\u4e09\u4ef6\u5957\u8fde\u5e3d\u8fd0\u52a8\u670d\u9488\u7ec7\u649e\u8272\u5957\u88c5","titleTags":null,"type":2},{"acm":"3.ms.0_4_1m7yiwk.0.53971-69004.s026ur4QKYAp7.t_-sd_117-lc_16","cfav":166,"clientUrl":"http://item.meilishuo.com/h5/detail/1m7yiwk?acm=3.ms.0_4_1m7yiwk.0.53971-69004.s026ur4QKYAp7.t_-sd_117-lc_16","cparam":null,"iid":"1m7yiwk","itemMarks":"-1","itemType":10,"leftbottom_taglist":[],"lefttop_taglist":[],"link":"http://item.meilishuo.com/h5/detail/1m7yiwk?acm=3.ms.0_4_1m7yiwk.0.53971-69004.s026ur4QKYAp7.t_-sd_117-lc_16","orgPrice":"\uffe584.29","popularStar":0,"price":"59.00","props":["2018\u79cb\u5b63\u65b0\u54c1\u97e9\u8303\u4f11\u95f2\u5bbd\u677e\u767e\u642d\u725b\u4ed4\u5916\u5957\u6c14\u8d28\u663e\u7626\u4e2d\u957f\u6b3e\u540a\u5e26\u8fde\u8863\u88d9\u5957\u88c5"],"ptpC":"_mb_mls_10057922_wap-index_noab-noab","sale":8988,"shopId":22533618,"show":{"h":416,"img":"http://s11.mogucdn.com/mlcdn/c45406/180901_60e7c737k66c4i5f7bj50l38c91ie_640x960.jpg_320x999.jpg","w":320},"showLarge":{"h":840,"img":"http://s3.mogucdn.com/mlcdn/c45406/180901_60e7c737k66c4i5f7bj50l38c91ie_640x960.jpg_560x999.jpg","w":560},"title":"2018\u79cb\u5b63\u65b0\u54c1\u97e9\u8303\u4f11\u95f2\u5bbd\u677e\u767e\u642d\u725b\u4ed4\u5916\u5957\u6c14\u8d28\u663e\u7626\u4e2d\u957f\u6b3e\u540a\u5e26\u8fde\u8863\u88d9\u5957\u88c5","titleTags":null,"type":2},{"acm":"3.ms.0_4_1m77714.0.53971-69004.s026ur4QKYAp7.t_-sd_117-lc_16","cfav":255,"clientUrl":"http://item.meilishuo.com/h5/detail/1m77714?acm=3.ms.0_4_1m77714.0.53971-69004.s026ur4QKYAp7.t_-sd_117-lc_16","cparam":null,"iid":"1m77714","itemMarks":"-1","itemType":10,"leftbottom_taglist":[],"lefttop_taglist":[],"link":"http://item.meilishuo.com/h5/detail/1m77714?acm=3.ms.0_4_1m77714.0.53971-69004.s026ur4QKYAp7.t_-sd_117-lc_16","orgPrice":"\uffe5157.00","popularStar":0,"price":"109.90","props":["2018\u65b0\u6b3e\u79cb\u88c5\u886c\u886b+\u6536\u8170\u9a6c\u7532+\u4f11\u95f2\u88e4\u540d\u5a9b\u8d85\u706b\u65f6\u5c1a\u5957\u88c5\u5973\u6d0b\u6c14\u4e09\u4ef6\u5957\u5973J14"],"ptpC":"_mb_mls_10057922_wap-index_noab-noab","sale":8079,"shopId":1302424394,"show":{"h":416,"img":"http://s11.mogucdn.com/mlcdn/c45406/180813_587cl37ikbj5ah47lbi0c098eehk4_640x960.jpg_320x999.jpg","w":320},"showLarge":{"h":840,"img":"http://s3.mogucdn.com/mlcdn/c45406/180813_587cl37ikbj5ah47lbi0c098eehk4_640x960.jpg_560x999.jpg","w":560},"title":"2018\u65b0\u6b3e\u79cb\u88c5\u886c\u886b+\u6536\u8170\u9a6c\u7532+\u4f11\u95f2\u88e4\u540d\u5a9b\u8d85\u706b\u65f6\u5c1a\u5957\u88c5\u5973\u6d0b\u6c14\u4e09\u4ef6\u5957\u5973J14","titleTags":null,"type":2},{"acm":"3.ms.2_1_1m93l9s.0.70867-69004.s026ur4QKYAp7.sd_117-c_2_32_444336521_0_61_0-t_-c1_10057922_nil_nil_0_0_40_0-lc_32","cfav":"0","clientUrl":"http://item.meilishuo.com/h5/detail/1m93l9s?acm=3.ms.2_1_1m93l9s.0.70867-69004.s026ur4QKYAp7.sd_117-c_2_32_444336521_0_61_0-t_-c1_10057922_nil_nil_0_0_40_0-lc_32&cparam=MTUzODA1MDQ1N18xZXAzY2p1XzYyNzA2YWI0NDEzMGQ4YThhMjYwYjA4ZWEzYmZmZDQyXzMyXzZfNDQ0MzM2NTIxXzBfMF82MV8wXzc5Ml8wXzA=","cparam":"MTUzODA1MDQ1N18xZXAzY2p1XzYyNzA2YWI0NDEzMGQ4YThhMjYwYjA4ZWEzYmZmZDQyXzMyXzZfNDQ0MzM2NTIxXzBfMF82MV8wXzc5Ml8wXzA=","iid":"1m93l9s","itemMarks":"352 351","itemType":7,"leftbottom_taglist":[],"lefttop_taglist":[],"link":"http://item.meilishuo.com/h5/detail/1m93l9s?acm=3.ms.2_1_1m93l9s.0.70867-69004.s026ur4QKYAp7.sd_117-c_2_32_444336521_0_61_0-t_-c1_10057922_nil_nil_0_0_40_0-lc_32&cparam=MTUzODA1MDQ1N18xZXAzY2p1XzYyNzA2YWI0NDEzMGQ4YThhMjYwYjA4ZWEzYmZmZDQyXzMyXzZfNDQ0MzM2NTIxXzBfMF82MV8wXzc5Ml8wXzA=","orgPrice":"\uffe5158.00","popularStar":null,"price":"69.90","props":["\u3010\u9001\u8170\u5e26\u30112018\u79cb\u51ac\u65b0\u6b3e\u5bbd\u677e\u80d6mm200\u65a4\u706f\u82af\u7ed2\u77ed\u88e4\u5973\u79cb\u51ac\u5916\u7a7f\u677e\u7d27\u8170\u9614\u817f\u6253\u5e95A\u5b57\u9774\u88e4"],"ptpC":"_mb_mls_10057922_wap-index_noab-noab","sale":"0","shopId":"110074","show":{"h":416,"img":"http://s3.mogucdn.com/mlcdn/c45406/180927_1ghedb2gl95dde7aabg42gecj8l8j_640x960.jpg_320x999.jpg","w":320},"showLarge":{"h":840,"img":"http://s3.mogucdn.com/mlcdn/c45406/180927_1ghedb2gl95dde7aabg42gecj8l8j_640x960.jpg_560x999.jpg","w":560},"title":"\u3010\u9001\u8170\u5e26\u30112018\u79cb\u51ac\u65b0\u6b3e\u5bbd\u677e\u80d6mm200\u65a4\u706f\u82af\u7ed2\u77ed\u88e4\u5973\u79cb\u51ac\u5916\u7a7f\u677e\u7d27\u8170\u9614\u817f\u6253\u5e95A\u5b57\u9774\u88e4","titleTags":null,"type":2},{"acm":"3.ms.2_1_1m91q1c.0.70867-69004.s026ur4QKYAp7.sd_117-c_2_32_444054732_0_62_0-t_-c1_10057922_nil_nil_0_0_30_0-lc_32","cfav":"0","clientUrl":"http://item.meilishuo.com/h5/detail/1m91q1c?acm=3.ms.2_1_1m91q1c.0.70867-69004.s026ur4QKYAp7.sd_117-c_2_32_444054732_0_62_0-t_-c1_10057922_nil_nil_0_0_30_0-lc_32&cparam=MTUzODA1MDQ1N18xZW9yOW93XzQ2MmZkNGI4OWZiNTZhMDdhNGU5YWY1NTljMjEwOGIxXzMyXzdfNDQ0MDU0NzMyXzBfMF82Ml8wXzUxNV8wXzA=","cparam":"MTUzODA1MDQ1N18xZW9yOW93XzQ2MmZkNGI4OWZiNTZhMDdhNGU5YWY1NTljMjEwOGIxXzMyXzdfNDQ0MDU0NzMyXzBfMF82Ml8wXzUxNV8wXzA=","iid":"1m91q1c","itemMarks":"352 351","itemType":7,"leftbottom_taglist":[],"lefttop_taglist":[],"link":"http://item.meilishuo.com/h5/detail/1m91q1c?acm=3.ms.2_1_1m91q1c.0.70867-69004.s026ur4QKYAp7.sd_117-c_2_32_444054732_0_62_0-t_-c1_10057922_nil_nil_0_0_30_0-lc_32&cparam=MTUzODA1MDQ1N18xZW9yOW93XzQ2MmZkNGI4OWZiNTZhMDdhNGU5YWY1NTljMjEwOGIxXzMyXzdfNDQ0MDU0NzMyXzBfMF82Ml8wXzUxNV8wXzA=","orgPrice":"\uffe568.00","popularStar":null,"price":"68.00","props":["\u79cb\u5b632018\u65b0\u6b3e\u97e9\u7248\u6761\u7eb9T\u6064\u5973\u957f\u8896\u5bbd\u677e\u5b66\u751f\u767e\u642d\u5c0f\u6e05\u65b0\u6253\u5e95\u886b\u539f\u5bbf\u98ce\u6175\u61d2\u6e2f\u5473\u4e0a\u8863\u670d"],"ptpC":"_mb_mls_10057922_wap-index_noab-noab","sale":"0","shopId":"1302401586","show":{"h":416,"img":"http://s3.mogucdn.com/mlcdn/55cf19/180926_1j176fab5g21kd3ib9jlgj751dcgh_640x960.jpg_320x999.jpg","w":320},"showLarge":{"h":840,"img":"http://s11.mogucdn.com/mlcdn/55cf19/180926_1j176fab5g21kd3ib9jlgj751dcgh_640x960.jpg_560x999.jpg","w":560},"title":"\u79cb\u5b632018\u65b0\u6b3e\u97e9\u7248\u6761\u7eb9T\u6064\u5973\u957f\u8896\u5bbd\u677e\u5b66\u751f\u767e\u642d\u5c0f\u6e05\u65b0\u6253\u5e95\u886b\u539f\u5bbf\u98ce\u6175\u61d2\u6e2f\u5473\u4e0a\u8863\u670d","titleTags":null,"type":2},{"acm":"3.ms.0_4_1m8hki2.0.53971-69004.s026ur4QKYAp7.t_-sd_117-lc_16","cfav":228,"clientUrl":"http://item.meilishuo.com/h5/detail/1m8hki2?acm=3.ms.0_4_1m8hki2.0.53971-69004.s026ur4QKYAp7.t_-sd_117-lc_16","cparam":null,"iid":"1m8hki2","itemMarks":"1525 1232","itemType":10,"leftbottom_taglist":[],"lefttop_taglist":[],"link":"http://item.meilishuo.com/h5/detail/1m8hki2?acm=3.ms.0_4_1m8hki2.0.53971-69004.s026ur4QKYAp7.t_-sd_117-lc_16","orgPrice":"\uffe597.15","popularStar":0,"price":"68.00","props":["2018\u79cb\u5b63\u65b0\u54c1\u97e9\u7248\u5bbd\u677e\u663e\u7626\u5f00\u53c9\u524d\u77ed\u540e\u957f\u62fc\u8272\u9488\u7ec7\u6bdb\u8863\u5916\u5957+\u540a\u5e26\u80cc\u5fc3\u8fde\u8863\u88d9\u4e24\u4ef6\u5957\u65f6\u5c1a\u5957\u88c5\u5973"],"ptpC":"_mb_mls_10057922_wap-index_noab-noab","sale":991,"shopId":109179,"show":{"h":416,"img":"http://s11.mogucdn.com/mlcdn/c45406/180912_4i9ec0hig5lh3j98gcei6c3f3ae7f_640x960.jpg_320x999.jpg","w":320},"showLarge":{"h":840,"img":"http://s3.mogucdn.com/mlcdn/c45406/180912_4i9ec0hig5lh3j98gcei6c3f3ae7f_640x960.jpg_560x999.jpg","w":560},"title":"2018\u79cb\u5b63\u65b0\u54c1\u97e9\u7248\u5bbd\u677e\u663e\u7626\u5f00\u53c9\u524d\u77ed\u540e\u957f\u62fc\u8272\u9488\u7ec7\u6bdb\u8863\u5916\u5957+\u540a\u5e26\u80cc\u5fc3\u8fde\u8863\u88d9\u4e24\u4ef6\u5957\u65f6\u5c1a\u5957\u88c5\u5973","titleTags":null,"type":2},{"acm":"3.ms.0_4_1m7ycpu.0.53971-69004.s026ur4QKYAp7.t_-sd_117-lc_16","cfav":16,"clientUrl":"http://item.meilishuo.com/h5/detail/1m7ycpu?acm=3.ms.0_4_1m7ycpu.0.53971-69004.s026ur4QKYAp7.t_-sd_117-lc_16","cparam":null,"iid":"1m7ycpu","itemMarks":"1525 353 181","itemType":10,"leftbottom_taglist":[],"lefttop_taglist":[],"link":"http://item.meilishuo.com/h5/detail/1m7ycpu?acm=3.ms.0_4_1m7ycpu.0.53971-69004.s026ur4QKYAp7.t_-sd_117-lc_16","orgPrice":"\uffe598.58","popularStar":0,"price":"69.00","props":["2018\u79cb\u5b63\u65b0\u6b3e\u97e9\u7248\u5c0f\u6e05\u65b0\u6175\u61d2\u98ce\u9488\u7ec7\u5f00\u886b\u7cfb\u5e26\u6536\u8170\u5916\u5957+\u4f11\u95f2\u4e2d\u957f\u6b3e\u9488\u7ec7\u540a\u5e26\u88d9\u65f6\u5c1a\u5957\u88c5\u4e24\u4ef6\u5957\u6f6e"],"ptpC":"_mb_mls_10057922_wap-index_noab-noab","sale":853,"shopId":21359576,"show":{"h":416,"img":"http://s3.mogucdn.com/mlcdn/c45406/180901_2l46j5l6ek1he3f0feg061chd6fkb_640x960.jpg_320x999.jpg","w":320},"showLarge":{"h":840,"img":"http://s3.mogucdn.com/mlcdn/c45406/180901_2l46j5l6ek1he3f0feg061chd6fkb_640x960.jpg_560x999.jpg","w":560},"title":"2018\u79cb\u5b63\u65b0\u6b3e\u97e9\u7248\u5c0f\u6e05\u65b0\u6175\u61d2\u98ce\u9488\u7ec7\u5f00\u886b\u7cfb\u5e26\u6536\u8170\u5916\u5957+\u4f11\u95f2\u4e2d\u957f\u6b3e\u9488\u7ec7\u540a\u5e26\u88d9\u65f6\u5c1a\u5957\u88c5\u4e24\u4ef6\u5957\u6f6e","titleTags":null,"type":2},{"acm":"3.ms.2_1_1m91taw.0.70867-69004.s026ur4QKYAp7.sd_117-c_2_32_444054733_0_63_0-t_-c1_10057922_nil_nil_0_0_30_0-lc_32","cfav":"0","clientUrl":"http://item.meilishuo.com/h5/detail/1m91taw?acm=3.ms.2_1_1m91taw.0.70867-69004.s026ur4QKYAp7.sd_117-c_2_32_444054733_0_63_0-t_-c1_10057922_nil_nil_0_0_30_0-lc_32&cparam=MTUzODA1MDQ1N18xZW9yOW95X2M3NmY1ODcxMDlhYTcxYTYxMGZmZDk2NTQzNzhmNzQ3XzMyXzhfNDQ0MDU0NzMzXzBfMF82M18wXzUxNV8wXzA=","cparam":"MTUzODA1MDQ1N18xZW9yOW95X2M3NmY1ODcxMDlhYTcxYTYxMGZmZDk2NTQzNzhmNzQ3XzMyXzhfNDQ0MDU0NzMzXzBfMF82M18wXzUxNV8wXzA=","iid":"1m91taw","itemMarks":"352 351","itemType":7,"leftbottom_taglist":[],"lefttop_taglist":[],"link":"http://item.meilishuo.com/h5/detail/1m91taw?acm=3.ms.2_1_1m91taw.0.70867-69004.s026ur4QKYAp7.sd_117-c_2_32_444054733_0_63_0-t_-c1_10057922_nil_nil_0_0_30_0-lc_32&cparam=MTUzODA1MDQ1N18xZW9yOW95X2M3NmY1ODcxMDlhYTcxYTYxMGZmZDk2NTQzNzhmNzQ3XzMyXzhfNDQ0MDU0NzMzXzBfMF82M18wXzUxNV8wXzA=","orgPrice":"\uffe570.00","popularStar":null,"price":"70.00","props":["\u4e07\u5e74\u7ecf\u5178\u6761\u7eb9\u4e0a\u8863\u5973\u88c5\u79cb2018\u97e9\u7248\u65b0\u6b3e\u5bbd\u677e\u767e\u642d\u663e\u7626\u62fc\u8272\u6761\u7eb9\u957f\u8896T\u6064\u5973\u5b66\u751f\u539f\u5bbf\u6175\u61d2\u98ce"],"ptpC":"_mb_mls_10057922_wap-index_noab-noab","sale":"0","shopId":"1302401586","show":{"h":416,"img":"http://s3.mogucdn.com/mlcdn/55cf19/180926_7078259k7h0l2ihf67k2hc7ca79ic_640x960.jpg_320x999.jpg","w":320},"showLarge":{"h":840,"img":"http://s11.mogucdn.com/mlcdn/55cf19/180926_7078259k7h0l2ihf67k2hc7ca79ic_640x960.jpg_560x999.jpg","w":560},"title":"\u4e07\u5e74\u7ecf\u5178\u6761\u7eb9\u4e0a\u8863\u5973\u88c5\u79cb2018\u97e9\u7248\u65b0\u6b3e\u5bbd\u677e\u767e\u642d\u663e\u7626\u62fc\u8272\u6761\u7eb9\u957f\u8896T\u6064\u5973\u5b66\u751f\u539f\u5bbf\u6175\u61d2\u98ce","titleTags":null,"type":2},{"acm":"3.ms.2_1_1lpmb9u.0.70867-69004.s026ur4QKYAp7.sd_117-c_2_32_385733390_388112959_64_0-t_-c1_10057922_nil_nil_1_388112959_20_0-lc_32","cfav":"362","clientUrl":"http://item.meilishuo.com/h5/detail/1lpmb9u?acm=3.ms.2_1_1lpmb9u.0.70867-69004.s026ur4QKYAp7.sd_117-c_2_32_385733390_388112959_64_0-t_-c1_10057922_nil_nil_1_388112959_20_0-lc_32&cparam=MTUzODA1MDQ1N18xY3JiN21jXzgyMDJhZGE3MDZiMzFjNDVkOGM4MzZiY2NjZGIyYjVmXzMyXzlfMzg1NzMzMzkwXzBfMF82NF8wXzYzMl8wXzA=","cparam":"MTUzODA1MDQ1N18xY3JiN21jXzgyMDJhZGE3MDZiMzFjNDVkOGM4MzZiY2NjZGIyYjVmXzMyXzlfMzg1NzMzMzkwXzBfMF82NF8wXzYzMl8wXzA=","iid":"1lpmb9u","itemMarks":"1525","itemType":7,"leftbottom_taglist":[],"lefttop_taglist":[],"link":"http://item.meilishuo.com/h5/detail/1lpmb9u?acm=3.ms.2_1_1lpmb9u.0.70867-69004.s026ur4QKYAp7.sd_117-c_2_32_385733390_388112959_64_0-t_-c1_10057922_nil_nil_1_388112959_20_0-lc_32&cparam=MTUzODA1MDQ1N18xY3JiN21jXzgyMDJhZGE3MDZiMzFjNDVkOGM4MzZiY2NjZGIyYjVmXzMyXzlfMzg1NzMzMzkwXzBfMF82NF8wXzYzMl8wXzA=","orgPrice":"\uffe557.00","popularStar":null,"price":"39.90","props":["2018\u6625\u590f\u88c5\u65b0\u6b3e\u4e0a\u8863\u5706\u9886\u4f11\u95f2\u767e\u642d\u97e9\u7248\u6253\u5e95\u886b\u7eaf\u8272\u767d\u8272\u68c9t\u6064\u5973\u77ed\u8896\u5bbd\u677e\u5b66\u751f\u534a\u8896tee\u60c5\u4fa3\u7537"],"ptpC":"_mb_mls_10057922_wap-index_noab-noab","sale":"175","shopId":"105755","show":{"h":416,"img":"http://s11.mogucdn.com/mlcdn/c45406/180108_6ecg9hkhe7g5g12fhkc6al06k95de_640x989.jpg_320x999.jpg","w":320},"showLarge":{"h":866,"img":"http://s11.mogucdn.com/mlcdn/c45406/180108_6ecg9hkhe7g5g12fhkc6al06k95de_640x989.jpg_560x999.jpg","w":560},"title":"2018\u6625\u590f\u88c5\u65b0\u6b3e\u4e0a\u8863\u5706\u9886\u4f11\u95f2\u767e\u642d\u97e9\u7248\u6253\u5e95\u886b\u7eaf\u8272\u767d\u8272\u68c9t\u6064\u5973\u77ed\u8896\u5bbd\u677e\u5b66\u751f\u534a\u8896tee\u60c5\u4fa3\u7537","titleTags":null,"type":2},{"acm":"3.ms.2_1_1m8xdiw.0.70867-69004.s026ur4QKYAp7.sd_117-c_2_32_442803489_2041239_65_0-t_-c1_10057922_nil_nil_0_2041239_30_0-lc_32","cfav":"3","clientUrl":"http://item.meilishuo.com/h5/detail/1m8xdiw?acm=3.ms.2_1_1m8xdiw.0.70867-69004.s026ur4QKYAp7.sd_117-c_2_32_442803489_2041239_65_0-t_-c1_10057922_nil_nil_0_2041239_30_0-lc_32&cparam=MTUzODA1MDQ1N18xZW45bXJlX2FjNjc0MThkMmRiYjU4ZmVmMjlkYzMxOTlhN2RmNzA2XzMyXzEwXzQ0MjgwMzQ4OV8wXzIwNDEyMzlfNjVfMF8yMThfMF8w","cparam":"MTUzODA1MDQ1N18xZW45bXJlX2FjNjc0MThkMmRiYjU4ZmVmMjlkYzMxOTlhN2RmNzA2XzMyXzEwXzQ0MjgwMzQ4OV8wXzIwNDEyMzlfNjVfMF8yMThfMF8w","iid":"1m8xdiw","itemMarks":"-1","itemType":7,"leftbottom_taglist":[],"lefttop_taglist":[],"link":"http://item.meilishuo.com/h5/detail/1m8xdiw?acm=3.ms.2_1_1m8xdiw.0.70867-69004.s026ur4QKYAp7.sd_117-c_2_32_442803489_2041239_65_0-t_-c1_10057922_nil_nil_0_2041239_30_0-lc_32&cparam=MTUzODA1MDQ1N18xZW45bXJlX2FjNjc0MThkMmRiYjU4ZmVmMjlkYzMxOTlhN2RmNzA2XzMyXzEwXzQ0MjgwMzQ4OV8wXzIwNDEyMzlfNjVfMF8yMThfMF8w","orgPrice":"\uffe546.86","popularStar":null,"price":"46.86","props":["2018\u6625\u79cb\u65b0\u6b3e\u97e9\u7248\u80d6mm\u52a0\u80a5\u52a0\u5927\u7801200\u65a4\u523a\u7ee3\u5b57\u6bcd\u6253\u5e95\u886b\u5bbd\u677e\u663e\u7626\u957f\u8896t\u6064\u4e0a\u8863"],"ptpC":"_mb_mls_10057922_wap-index_noab-noab","sale":"0","shopId":"1302415013","show":{"h":416,"img":"http://s3.mogucdn.com/mlcdn/17f85e/180923_7b30c16he2lfdidb6e826kih8eaki_640x960.jpg_320x999.jpg","w":320},"showLarge":{"h":840,"img":"http://s11.mogucdn.com/mlcdn/17f85e/180923_7b30c16he2lfdidb6e826kih8eaki_640x960.jpg_560x999.jpg","w":560},"title":"2018\u6625\u79cb\u65b0\u6b3e\u97e9\u7248\u80d6mm\u52a0\u80a5\u52a0\u5927\u7801200\u65a4\u523a\u7ee3\u5b57\u6bcd\u6253\u5e95\u886b\u5bbd\u677e\u663e\u7626\u957f\u8896t\u6064\u4e0a\u8863","titleTags":null,"type":2},{"acm":"3.ms.2_1_1m72f6m.0.70867-69004.s026ur4QKYAp7.sd_117-c_2_32_438772165_458168240_66_0-t_-c1_10057922_nil_nil_1_458168240_30_0-lc_32","cfav":"42","clientUrl":"http://item.meilishuo.com/h5/detail/1m72f6m?acm=3.ms.2_1_1m72f6m.0.70867-69004.s026ur4QKYAp7.sd_117-c_2_32_438772165_458168240_66_0-t_-c1_10057922_nil_nil_1_458168240_30_0-lc_32&cparam=MTUzODA1MDQ1N18xZWlndGt5XzA4OTcyMjJjNWMzZDc2MzI2OTQxMmY4M2Q0ODMyNjFiXzMyXzExXzQzODc3MjE2NV8wXzBfNjZfMF8xODVfMF8w","cparam":"MTUzODA1MDQ1N18xZWlndGt5XzA4OTcyMjJjNWMzZDc2MzI2OTQxMmY4M2Q0ODMyNjFiXzMyXzExXzQzODc3MjE2NV8wXzBfNjZfMF8xODVfMF8w","iid":"1m72f6m","itemMarks":"1525","itemType":7,"leftbottom_taglist":[],"lefttop_taglist":[],"link":"http://item.meilishuo.com/h5/detail/1m72f6m?acm=3.ms.2_1_1m72f6m.0.70867-69004.s026ur4QKYAp7.sd_117-c_2_32_438772165_458168240_66_0-t_-c1_10057922_nil_nil_1_458168240_30_0-lc_32&cparam=MTUzODA1MDQ1N18xZWlndGt5XzA4OTcyMjJjNWMzZDc2MzI2OTQxMmY4M2Q0ODMyNjFiXzMyXzExXzQzODc3MjE2NV8wXzBfNjZfMF8xODVfMF8w","orgPrice":"\uffe557.00","popularStar":null,"price":"39.90","props":["2018\u65b0\u6b3e\u79cb\u88c5\u767d\u8272\u957f\u8896t\u6064\u5973\u5bbd\u677e\u97e9\u7248\u5b66\u751f\u4f53\u6064\u767e\u642d\u957f\u8896\u4e0a\u8863\u670d"],"ptpC":"_mb_mls_10057922_wap-index_noab-noab","sale":"32","shopId":"20646861","show":{"h":416,"img":"http://s11.mogucdn.com/mlcdn/55cf19/180809_00j78l8dakkgjkk2a3lgfeae1kgj1_640x960.jpg_320x999.jpg","w":320},"showLarge":{"h":840,"img":"http://s11.mogucdn.com/mlcdn/55cf19/180809_00j78l8dakkgjkk2a3lgfeae1kgj1_640x960.jpg_560x999.jpg","w":560},"title":"2018\u65b0\u6b3e\u79cb\u88c5\u767d\u8272\u957f\u8896t\u6064\u5973\u5bbd\u677e\u97e9\u7248\u5b66\u751f\u4f53\u6064\u767e\u642d\u957f\u8896\u4e0a\u8863\u670d","titleTags":null,"type":2},{"acm":"3.ms.0_4_1m7fhb6.0.53971-69004.s026ur4QKYAp7.t_-sd_117-lc_16","cfav":75,"clientUrl":"http://item.meilishuo.com/h5/detail/1m7fhb6?acm=3.ms.0_4_1m7fhb6.0.53971-69004.s026ur4QKYAp7.t_-sd_117-lc_16","cparam":null,"iid":"1m7fhb6","itemMarks":"353 2 138 181 172 173","itemType":10,"leftbottom_taglist":[],"lefttop_taglist":[],"link":"http://item.meilishuo.com/h5/detail/1m7fhb6?acm=3.ms.0_4_1m7fhb6.0.53971-69004.s026ur4QKYAp7.t_-sd_117-lc_16","orgPrice":"\uffe599.99","popularStar":0,"price":"69.99","props":["\u65f6\u5c1a\u5957\u88c5\u4e24\u4ef6\u5957\u7f51\u7ea2\u540c\u6b3e2018\u79cb\u88c5\u5973\u5957\u88c5\u65b0\u6b3e\u5b66\u751f\u725b\u4ed4\u5916\u5957\u914d\u5185\u642d\u6e29\u67d4\u98ce\u5c0f\u9ed1\u88d9\u9ed1\u8272v\u9886\u540a\u5e26\u88d9\u6f6e"],"ptpC":"_mb_mls_10057922_wap-index_noab-noab","sale":1404,"shopId":1302415823,"show":{"h":416,"img":"http://s3.mogucdn.com/mlcdn/c45406/180819_44ee3hf251agika4lji8958i46e6d_640x960.jpg_320x999.jpg","w":320},"showLarge":{"h":840,"img":"http://s3.mogucdn.com/mlcdn/c45406/180819_44ee3hf251agika4lji8958i46e6d_640x960.jpg_560x999.jpg","w":560},"title":"\u65f6\u5c1a\u5957\u88c5\u4e24\u4ef6\u5957\u7f51\u7ea2\u540c\u6b3e2018\u79cb\u88c5\u5973\u5957\u88c5\u65b0\u6b3e\u5b66\u751f\u725b\u4ed4\u5916\u5957\u914d\u5185\u642d\u6e29\u67d4\u98ce\u5c0f\u9ed1\u88d9\u9ed1\u8272v\u9886\u540a\u5e26\u88d9\u6f6e","titleTags":null,"type":2},{"acm":"3.ms.0_4_1lsees0.0.53971-69004.s026ur4QKYAp7.t_-sd_117-lc_16","cfav":66,"clientUrl":"http://item.meilishuo.com/h5/detail/1lsees0?acm=3.ms.0_4_1lsees0.0.53971-69004.s026ur4QKYAp7.t_-sd_117-lc_16","cparam":null,"iid":"1lsees0","itemMarks":"1525","itemType":10,"leftbottom_taglist":[],"lefttop_taglist":[],"link":"http://item.meilishuo.com/h5/detail/1lsees0?acm=3.ms.0_4_1lsees0.0.53971-69004.s026ur4QKYAp7.t_-sd_117-lc_16","orgPrice":"\uffe584.29","popularStar":0,"price":"59.00","props":["2018\u6625\u79cb\u65b0\u6b3e\u97e9\u7248\u8bbe\u8ba1\u611f\u9488\u7ec7\u6bdb\u8863\u9a6c\u7532\u5c0f\u6e05\u65b0\u5b66\u9662\u8774\u8776\u7ed3\u5fc3\u673a\u886c\u886b+\u9ed1\u8272\u5c0f\u811a\u88e4\u4e09\u4ef6\u5957\u65f6\u5c1a\u5957\u88c5"],"ptpC":"_mb_mls_10057922_wap-index_noab-noab","sale":1266,"shopId":105405,"show":{"h":416,"img":"http://s3.mogucdn.com/mlcdn/c45406/180306_5alha0fl923gffdag8dajdh0kak7c_640x960.jpg_320x999.jpg","w":320},"showLarge":{"h":840,"img":"http://s3.mogucdn.com/mlcdn/c45406/180306_5alha0fl923gffdag8dajdh0kak7c_640x960.jpg_560x999.jpg","w":560},"title":"2018\u6625\u79cb\u65b0\u6b3e\u97e9\u7248\u8bbe\u8ba1\u611f\u9488\u7ec7\u6bdb\u8863\u9a6c\u7532\u5c0f\u6e05\u65b0\u5b66\u9662\u8774\u8776\u7ed3\u5fc3\u673a\u886c\u886b+\u9ed1\u8272\u5c0f\u811a\u88e4\u4e09\u4ef6\u5957\u65f6\u5c1a\u5957\u88c5","titleTags":null,"type":2},{"acm":"3.ms.2_1_1ls1dp8.0.70867-69004.s026ur4QKYAp7.sd_117-c_2_32_355438209_441109625_67_0-t_-c1_10057922_nil_nil_1_441109625_30_0-lc_32","cfav":"661","clientUrl":"http://item.meilishuo.com/h5/detail/1ls1dp8?acm=3.ms.2_1_1ls1dp8.0.70867-69004.s026ur4QKYAp7.sd_117-c_2_32_355438209_441109625_67_0-t_-c1_10057922_nil_nil_1_441109625_30_0-lc_32&cparam=MTUzODA1MDQ1N18xYnI4anNxXzAyYThhNjU4YWNkYjQ3MTU3ZDViOGVmN2IwMTMzMTY3XzMyXzEyXzM1NTQzODIwOV8wXzBfNjdfMF8xMDNfMF8w","cparam":"MTUzODA1MDQ1N18xYnI4anNxXzAyYThhNjU4YWNkYjQ3MTU3ZDViOGVmN2IwMTMzMTY3XzMyXzEyXzM1NTQzODIwOV8wXzBfNjdfMF8xMDNfMF8w","iid":"1ls1dp8","itemMarks":"1525","itemType":7,"leftbottom_taglist":[],"lefttop_taglist":[],"link":"http://item.meilishuo.com/h5/detail/1ls1dp8?acm=3.ms.2_1_1ls1dp8.0.70867-69004.s026ur4QKYAp7.sd_117-c_2_32_355438209_441109625_67_0-t_-c1_10057922_nil_nil_1_441109625_30_0-lc_32&cparam=MTUzODA1MDQ1N18xYnI4anNxXzAyYThhNjU4YWNkYjQ3MTU3ZDViOGVmN2IwMTMzMTY3XzMyXzEyXzM1NTQzODIwOV8wXzBfNjdfMF8xMDNfMF8w","orgPrice":"\uffe556.00","popularStar":null,"price":"39.00","props":["2018\u590f\u88c5\u65b0\u6b3e\u9ad8\u54c1\u8d28\u77ed\u8896t\u6064\u5973\u7eaf\u68c9\u5706\u9886\u5bbd\u677e\u663e\u7626\u97e9\u7248\u5b66\u751f\u5973\u88c5"],"ptpC":"_mb_mls_10057922_wap-index_noab-noab","sale":"93","shopId":"1302412599","show":{"h":416,"img":"http://s3.mogucdn.com/mlcdn/c45406/180602_8befkifhf8aj5771ejg8di887822a_640x960.jpg_320x999.jpg","w":320},"showLarge":{"h":840,"img":"http://s11.mogucdn.com/mlcdn/c45406/180602_8befkifhf8aj5771ejg8di887822a_640x960.jpg_560x999.jpg","w":560},"title":"2018\u590f\u88c5\u65b0\u6b3e\u9ad8\u54c1\u8d28\u77ed\u8896t\u6064\u5973\u7eaf\u68c9\u5706\u9886\u5bbd\u677e\u663e\u7626\u97e9\u7248\u5b66\u751f\u5973\u88c5","titleTags":null,"type":2},{"acm":"3.ms.2_1_1m8x624.0.70867-69004.s026ur4QKYAp7.sd_117-c_2_32_442704162_1302719065_68_0-t_-c1_10057922_nil_nil_2_1302719065_30_0-lc_32","cfav":"5","clientUrl":"http://item.meilishuo.com/h5/detail/1m8x624?acm=3.ms.2_1_1m8x624.0.70867-69004.s026ur4QKYAp7.sd_117-c_2_32_442704162_1302719065_68_0-t_-c1_10057922_nil_nil_2_1302719065_30_0-lc_32&cparam=MTUzODA1MDQ1N18xZW41ZGg4XzllNGU1MzMyYzdkNDdiOWFkNWMwMDQ3MTFmNjAzNzJlXzMyXzEzXzQ0MjcwNDE2Ml8wXzBfNjhfMF81MzhfMF8w","cparam":"MTUzODA1MDQ1N18xZW41ZGg4XzllNGU1MzMyYzdkNDdiOWFkNWMwMDQ3MTFmNjAzNzJlXzMyXzEzXzQ0MjcwNDE2Ml8wXzBfNjhfMF81MzhfMF8w","iid":"1m8x624","itemMarks":"1525","itemType":7,"leftbottom_taglist":[],"lefttop_taglist":[],"link":"http://item.meilishuo.com/h5/detail/1m8x624?acm=3.ms.2_1_1m8x624.0.70867-69004.s026ur4QKYAp7.sd_117-c_2_32_442704162_1302719065_68_0-t_-c1_10057922_nil_nil_2_1302719065_30_0-lc_32&cparam=MTUzODA1MDQ1N18xZW41ZGg4XzllNGU1MzMyYzdkNDdiOWFkNWMwMDQ3MTFmNjAzNzJlXzMyXzEzXzQ0MjcwNDE2Ml8wXzBfNjhfMF81MzhfMF8w","orgPrice":"\uffe5129.00","popularStar":null,"price":"129.00","props":["\u5e26\u5e3d\u8fd0\u52a8\u670d2018\u79cb\u51ac\u65b0\u6b3e\u97e9\u7248\u65f6\u5c1a\u52a0\u539a\u523a\u7ee3\u91d1\u4e1d\u7ed2\u5973\u58eb\u5bbd\u677e\u4f11\u95f2\u8fde\u5e3d\u8fd0\u52a8\u670d\u536b\u8863\u4e24\u4ef6\u5957\u6f6e"],"ptpC":"_mb_mls_10057922_wap-index_noab-noab","sale":"0","shopId":"1302408692","show":{"h":416,"img":"http://s3.mogucdn.com/mlcdn/55cf19/180923_50592f7hb205baacihfj6bb2gg802_640x960.jpg_320x999.jpg","w":320},"showLarge":{"h":840,"img":"http://s3.mogucdn.com/mlcdn/55cf19/180923_50592f7hb205baacihfj6bb2gg802_640x960.jpg_560x999.jpg","w":560},"title":"\u5e26\u5e3d\u8fd0\u52a8\u670d2018\u79cb\u51ac\u65b0\u6b3e\u97e9\u7248\u65f6\u5c1a\u52a0\u539a\u523a\u7ee3\u91d1\u4e1d\u7ed2\u5973\u58eb\u5bbd\u677e\u4f11\u95f2\u8fde\u5e3d\u8fd0\u52a8\u670d\u536b\u8863\u4e24\u4ef6\u5957\u6f6e","titleTags":null,"type":2},{"acm":"3.ms.0_4_1m8dqau.0.53971-69004.s026ur4QKYAp7.t_-sd_117-lc_16","cfav":7,"clientUrl":"http://item.meilishuo.com/h5/detail/1m8dqau?acm=3.ms.0_4_1m8dqau.0.53971-69004.s026ur4QKYAp7.t_-sd_117-lc_16","cparam":null,"iid":"1m8dqau","itemMarks":"1525","itemType":10,"leftbottom_taglist":[],"lefttop_taglist":[],"link":"http://item.meilishuo.com/h5/detail/1m8dqau?acm=3.ms.0_4_1m8dqau.0.53971-69004.s026ur4QKYAp7.t_-sd_117-lc_16","orgPrice":"\uffe568.00","popularStar":0,"price":"68.00","props":["2018\u79cb\u88c5\u65b0\u6b3e\u5973\u88c5\u906e\u809a\u5b50\u663e\u7626\u6d0b\u6c14\u5957\u88c5\u88d9\u6bdb\u8863\u9488\u7ec7\u88d9\u4e24\u4ef6\u5957"],"ptpC":"_mb_mls_10057922_wap-index_noab-noab","sale":677,"shopId":1302445206,"show":{"h":416,"img":"http://s11.mogucdn.com/mlcdn/c45406/180910_06le6c4gea295l6cl35h9e33dkh46_640x960.jpg_320x999.jpg","w":320},"showLarge":{"h":840,"img":"http://s3.mogucdn.com/mlcdn/c45406/180910_06le6c4gea295l6cl35h9e33dkh46_640x960.jpg_560x999.jpg","w":560},"title":"2018\u79cb\u88c5\u65b0\u6b3e\u5973\u88c5\u906e\u809a\u5b50\u663e\u7626\u6d0b\u6c14\u5957\u88c5\u88d9\u6bdb\u8863\u9488\u7ec7\u88d9\u4e24\u4ef6\u5957","titleTags":null,"type":2},{"acm":"3.ms.0_4_1m7673e.0.53971-69004.s026ur4QKYAp7.t_-sd_117-lc_16","cfav":239,"clientUrl":"http://item.meilishuo.com/h5/detail/1m7673e?acm=3.ms.0_4_1m7673e.0.53971-69004.s026ur4QKYAp7.t_-sd_117-lc_16","cparam":null,"iid":"1m7673e","itemMarks":"1525 1232","itemType":10,"leftbottom_taglist":[],"lefttop_taglist":[],"link":"http://item.meilishuo.com/h5/detail/1m7673e?acm=3.ms.0_4_1m7673e.0.53971-69004.s026ur4QKYAp7.t_-sd_117-lc_16","orgPrice":"\uffe5140.00","popularStar":0,"price":"98.00","props":["\u79cb\u5b63\u7f51\u7ea2\u5973\u65f6\u5c1a\u4e24\u4ef6\u59572018\u65b0\u6b3e\u665a\u665a\u98ce\u6c14\u8d28\u5973\u795e\u8303\u9488\u7ec7\u6e2f\u5473\u5957\u88c5\u88d9\u5b50"],"ptpC":"_mb_mls_10057922_wap-index_noab-noab","sale":3805,"shopId":1302424320,"show":{"h":416,"img":"http://s11.mogucdn.com/mlcdn/c45406/180812_7dg023gflle285h71f1kf8gfi588i_640x960.jpg_320x999.jpg","w":320},"showLarge":{"h":840,"img":"http://s3.mogucdn.com/mlcdn/c45406/180812_7dg023gflle285h71f1kf8gfi588i_640x960.jpg_560x999.jpg","w":560},"title":"\u79cb\u5b63\u7f51\u7ea2\u5973\u65f6\u5c1a\u4e24\u4ef6\u59572018\u65b0\u6b3e\u665a\u665a\u98ce\u6c14\u8d28\u5973\u795e\u8303\u9488\u7ec7\u6e2f\u5473\u5957\u88c5\u88d9\u5b50","titleTags":null,"type":2},{"acm":"3.ms.2_1_1m7bpya.0.70867-69004.s026ur4QKYAp7.sd_117-c_2_32_427089623_1284714262_69_0-t_-c1_10057922_nil_nil_2_1284714262_30_0-lc_32","cfav":"183","clientUrl":"http://item.meilishuo.com/h5/detail/1m7bpya?acm=3.ms.2_1_1m7bpya.0.70867-69004.s026ur4QKYAp7.sd_117-c_2_32_427089623_1284714262_69_0-t_-c1_10057922_nil_nil_2_1284714262_30_0-lc_32&cparam=MTUzODA1MDQ1N18xZTRrMHl1X2QyZDIwYTk5ZTQyMWYyOGFiMGQzNDFiMzdlMDZkNjk3XzMyXzE0XzQyNzA4OTYyM18wXzBfNjlfMF8xODBfMF8w","cparam":"MTUzODA1MDQ1N18xZTRrMHl1X2QyZDIwYTk5ZTQyMWYyOGFiMGQzNDFiMzdlMDZkNjk3XzMyXzE0XzQyNzA4OTYyM18wXzBfNjlfMF8xODBfMF8w","iid":"1m7bpya","itemMarks":"1655 1318","itemType":7,"leftbottom_taglist":[],"lefttop_taglist":[],"link":"http://item.meilishuo.com/h5/detail/1m7bpya?acm=3.ms.2_1_1m7bpya.0.70867-69004.s026ur4QKYAp7.sd_117-c_2_32_427089623_1284714262_69_0-t_-c1_10057922_nil_nil_2_1284714262_30_0-lc_32&cparam=MTUzODA1MDQ1N18xZTRrMHl1X2QyZDIwYTk5ZTQyMWYyOGFiMGQzNDFiMzdlMDZkNjk3XzMyXzE0XzQyNzA4OTYyM18wXzBfNjlfMF8xODBfMF8w","orgPrice":"\uffe5169.00","popularStar":null,"price":"118.00","props":["2018\u79cb\u88c5\u65b0\u54c1\u5973\u58eb\u8fd0\u52a8\u5957\u88c5\u7acb\u9886\u4f11\u95f2\u957f\u8896\u957f\u88e4\u8fd0\u52a8\u5957\u88c5\u65b0\u6b3e\u97e9\u65f6\u5c1a\u5927\u7801\u5973\u88c5\u4e24\u4ef6\u5957"],"ptpC":"_mb_mls_10057922_wap-index_noab-noab","sale":"86","shopId":"20542751","show":{"h":416,"img":"http://s11.mogucdn.com/mlcdn/c45406/180816_7ecl9a0fe90j0kh30kff8c5j2jli4_640x960.jpg_320x999.jpg","w":320},"showLarge":{"h":840,"img":"http://s11.mogucdn.com/mlcdn/c45406/180816_7ecl9a0fe90j0kh30kff8c5j2jli4_640x960.jpg_560x999.jpg","w":560},"title":"2018\u79cb\u88c5\u65b0\u54c1\u5973\u58eb\u8fd0\u52a8\u5957\u88c5\u7acb\u9886\u4f11\u95f2\u957f\u8896\u957f\u88e4\u8fd0\u52a8\u5957\u88c5\u65b0\u6b3e\u97e9\u65f6\u5c1a\u5927\u7801\u5973\u88c5\u4e24\u4ef6\u5957","titleTags":null,"type":2},{"acm":"3.ms.2_1_1m72u06.0.70867-69004.s026ur4QKYAp7.sd_117-c_2_32_424663558_2024172_70_0-t_-c1_10057922_nil_nil_0_2024172_31_0-lc_32","cfav":"139","clientUrl":"http://item.meilishuo.com/h5/detail/1m72u06?acm=3.ms.2_1_1m72u06.0.70867-69004.s026ur4QKYAp7.sd_117-c_2_32_424663558_2024172_70_0-t_-c1_10057922_nil_nil_0_2024172_31_0-lc_32&cparam=MTUzODA1MDQ1N18xZTFvMTFnX2YxODFiN2Y1ZjE3NTU3OTgyM2U2NjUwNzUwOTRmYmRkXzMyXzE1XzQyNDY2MzU1OF8wXzIwMjQxNzJfNzBfMF8xODBfMF8w","cparam":"MTUzODA1MDQ1N18xZTFvMTFnX2YxODFiN2Y1ZjE3NTU3OTgyM2U2NjUwNzUwOTRmYmRkXzMyXzE1XzQyNDY2MzU1OF8wXzIwMjQxNzJfNzBfMF8xODBfMF8w","iid":"1m72u06","itemMarks":"-1","itemType":7,"leftbottom_taglist":[],"lefttop_taglist":[],"link":"http://item.meilishuo.com/h5/detail/1m72u06?acm=3.ms.2_1_1m72u06.0.70867-69004.s026ur4QKYAp7.sd_117-c_2_32_424663558_2024172_70_0-t_-c1_10057922_nil_nil_0_2024172_31_0-lc_32&cparam=MTUzODA1MDQ1N18xZTFvMTFnX2YxODFiN2Y1ZjE3NTU3OTgyM2U2NjUwNzUwOTRmYmRkXzMyXzE1XzQyNDY2MzU1OF8wXzIwMjQxNzJfNzBfMF8xODBfMF8w","orgPrice":"\uffe5198.00","popularStar":null,"price":"138.00","props":["2018\u65b0\u54c1\u5973\u58eb\u4e09\u4ef6\u5957\u4f11\u95f2\u8fd0\u52a8\u5957\u88c5\u5973\u5927\u7801\u957f\u8896\u65f6\u5c1a\u6f6e\u65b0\u6b3e\u79cb\u5b63\u536b\u8863\u4e09\u4ef6\u5957\u5927\u7801\u663e\u7626\u8fd0\u52a8\u670d\u9488\u7ec7\u5957\u88c5"],"ptpC":"_mb_mls_10057922_wap-index_noab-noab","sale":"97","shopId":"20542751","show":{"h":416,"img":"http://s11.mogucdn.com/mlcdn/17f85e/180809_2k07dd1hda42liff2273j1b3cc7l1_640x960.jpg_320x999.jpg","w":320},"showLarge":{"h":840,"img":"http://s11.mogucdn.com/mlcdn/17f85e/180809_2k07dd1hda42liff2273j1b3cc7l1_640x960.jpg_560x999.jpg","w":560},"title":"2018\u65b0\u54c1\u5973\u58eb\u4e09\u4ef6\u5957\u4f11\u95f2\u8fd0\u52a8\u5957\u88c5\u5973\u5927\u7801\u957f\u8896\u65f6\u5c1a\u6f6e\u65b0\u6b3e\u79cb\u5b63\u536b\u8863\u4e09\u4ef6\u5957\u5927\u7801\u663e\u7626\u8fd0\u52a8\u670d\u9488\u7ec7\u5957\u88c5","titleTags":null,"type":2}],"page":4,"param":{"_mgjuuid":"d2ff87b6-38f0-4f97-a43b-fb279b46e33b","cKey":"wap-index","cpcEventId":70005,"cpc_offset":0,"eventId":70003,"fcid":"10057922","page":"4","ptpPartC":"_mb_mls_10057922_wap-index_noab-noab","ptpWallCpc":"_wall_cpc","ptpWallDoc":"_wall_docs","section":"0","sort":"pop"},"ptpPartC":"_mb_mls_10057922_wap-index_noab-noab","sort":"pop","title":"\u7f8e\u4e3d\u8bf4wap\u9996\u9875","total":40932},"returnCode":"1001","returnMessage":null,"success":true}
