{"data":{"cpc_offset":0,"filter":{"list":[{"fcid":"10057922","sort":"pop","style":null,"title":"\u6d41\u884c","type":"sort"},{"fcid":"10057922","sort":"sell","style":null,"title":"\u70ed\u9500","type":"sort"},{"fcid":"10057922","sort":"new","style":null,"title":"\u4e0a\u65b0","type":"sort"}],"title":"\u7f8e\u4e3d\u8bf4wap\u9996\u9875"},"isEnd":false,"list":[{"acm":"3.ms.0_4_1m79w1c.0.13384-69004.s026vr4QL1c0y.t_-sd_117-lc_16","cfav":27,"clientUrl":"http://item.meilishuo.com/h5/detail/1m79w1c?acm=3.ms.0_4_1m79w1c.0.13384-69004.s026vr4QL1c0y.t_-sd_117-lc_16","cparam":null,"iid":"1m79w1c","itemMarks":"1525 152","itemType":10,"leftbottom_taglist":[],"lefttop_taglist":[],"link":"http://item.meilishuo.com/h5/detail/1m79w1c?acm=3.ms.0_4_1m79w1c.0.13384-69004.s026vr4QL1c0y.t_-sd_117-lc_16","orgPrice":"\uffe597.15","popularStar":0,"price":"68.00","props":["\u590d\u53e4\u683c\u5b50chic\u5c0f\u897f\u88c5\u5916\u5957\u5973\u5bbd\u677e\u97e9\u72482018\u79cb\u88c5\u65b0\u6b3e\u6e2f\u98ce\u897f\u670dBF\u98ce\u4f11\u95f2\u5916\u5957\u6253\u5e95\u957f\u88e4\u65f6\u5c1a\u5957\u88c5"],"ptpC":"_mb_mls_10057922_wap-index_noab-noab","sale":1181,"shopId":103044,"show":{"h":416,"img":"http://s11.mogucdn.com/mlcdn/c45406/180815_7fah35b3898kf118dallb86f75ece_640x960.jpg_320x999.jpg","w":320},"showLarge":{"h":840,"img":"http://s3.mogucdn.com/mlcdn/c45406/180815_7fah35b3898kf118dallb86f75ece_640x960.jpg_560x999.jpg","w":560},"title":"\u590d\u53e4\u683c\u5b50chic\u5c0f\u897f\u88c5\u5916\u5957\u5973\u5bbd\u677e\u97e9\u72482018\u79cb\u88c5\u65b0\u6b3e\u6e2f\u98ce\u897f\u670dBF\u98ce\u4f11\u95f2\u5916\u5957\u6253\u5e95\u957f\u88e4\u65f6\u5c1a\u5957\u88c5","titleTags":null,"type":2},{"acm":"3.ms.0_4_1m6uag4.0.13384-69004.s026vr4QL1c0y.t_-sd_117-lc_16","cfav":27,"clientUrl":"http://item.meilishuo.com/h5/detail/1m6uag4?acm=3.ms.0_4_1m6uag4.0.13384-69004.s026vr4QL1c0y.t_-sd_117-lc_16","cparam":null,"iid":"1m6uag4","itemMarks":"1964","itemType":10,"leftbottom_taglist":[],"lefttop_taglist":[],"link":"http://item.meilishuo.com/h5/detail/1m6uag4?acm=3.ms.0_4_1m6uag4.0.13384-69004.s026vr4QL1c0y.t_-sd_117-lc_16","orgPrice":"\uffe5198.00","popularStar":0,"price":"198.00","props":["2018\u79cb\u88c5\u5973\u88c5\u97e9\u7248\u65b0\u6b3e\u5957\u88c5\u4e24\u4ef6\u5957\u65f6\u5c1a\u6027\u611f\u65f6\u5c1a\u5957\u88c5\u4e0a\u8863\u5973+\u8fd0\u52a8\u88e4\u5b50\u5957\u88c5\u5973\u6f6e\u663e\u7626\u5bbd\u677e"],"ptpC":"_mb_mls_10057922_wap-index_noab-noab","sale":2439,"shopId":1302421384,"show":{"h":416,"img":"http://s11.mogucdn.com/mlcdn/c45406/180826_5cf0l1745i7hl39dgeb3di3hc3af1_640x960.jpg_320x999.jpg","w":320},"showLarge":{"h":840,"img":"http://s3.mogucdn.com/mlcdn/c45406/180826_5cf0l1745i7hl39dgeb3di3hc3af1_640x960.jpg_560x999.jpg","w":560},"title":"2018\u79cb\u88c5\u5973\u88c5\u97e9\u7248\u65b0\u6b3e\u5957\u88c5\u4e24\u4ef6\u5957\u65f6\u5c1a\u6027\u611f\u65f6\u5c1a\u5957\u88c5\u4e0a\u8863\u5973+\u8fd0\u52a8\u88e4\u5b50\u5957\u88c5\u5973\u6f6e\u663e\u7626\u5bbd\u677e","titleTags":null,"type":2},{"acm":"3.ms.0_4_1m8088i.0.13384-69004.s026vr4QL1c0y.t_-sd_117-lc_16","cfav":182,"clientUrl":"http://item.meilishuo.com/h5/detail/1m8088i?acm=3.ms.0_4_1m8088i.0.13384-69004.s026vr4QL1c0y.t_-sd_117-lc_16","cparam":null,"iid":"1m8088i","itemMarks":"1525","itemType":10,"leftbottom_taglist":[],"lefttop_taglist":[],"link":"http://item.meilishuo.com/h5/detail/1m8088i?acm=3.ms.0_4_1m8088i.0.13384-69004.s026vr4QL1c0y.t_-sd_117-lc_16","orgPrice":"\uffe598.58","popularStar":0,"price":"69.00","props":["2018\u79cb\u5b63\u65b0\u6b3e\u65f6\u5c1a\u5957\u88c5\u97e9\u7248\u767e\u642d\u4e2a\u6027\u62fc\u8272\u683c\u7eb9\u5957\u5934\u8fde\u5e3d\u536b\u8863\u9ad8\u8170\u663e\u7626\u4f11\u95f2\u88e4\u4e24\u4ef6\u5957"],"ptpC":"_mb_mls_10057922_wap-index_noab-noab","sale":1809,"shopId":10759068,"show":{"h":416,"img":"http://s11.mogucdn.com/mlcdn/c45406/180906_3d610k09hge16h62gg2h5h4fg2ali_640x960.jpg_320x999.jpg","w":320},"showLarge":{"h":840,"img":"http://s11.mogucdn.com/mlcdn/c45406/180906_3d610k09hge16h62gg2h5h4fg2ali_640x960.jpg_560x999.jpg","w":560},"title":"2018\u79cb\u5b63\u65b0\u6b3e\u65f6\u5c1a\u5957\u88c5\u97e9\u7248\u767e\u642d\u4e2a\u6027\u62fc\u8272\u683c\u7eb9\u5957\u5934\u8fde\u5e3d\u536b\u8863\u9ad8\u8170\u663e\u7626\u4f11\u95f2\u88e4\u4e24\u4ef6\u5957","titleTags":null,"type":2},{"acm":"3.ms.0_4_1m8p65a.0.13384-69004.s026vr4QL1c0y.t_-sd_117-lc_16","cfav":4,"clientUrl":"http://item.meilishuo.com/h5/detail/1m8p65a?acm=3.ms.0_4_1m8p65a.0.13384-69004.s026vr4QL1c0y.t_-sd_117-lc_16","cparam":null,"iid":"1m8p65a","itemMarks":"-1","itemType":10,"leftbottom_taglist":[],"lefttop_taglist":[],"link":"http://item.meilishuo.com/h5/detail/1m8p65a?acm=3.ms.0_4_1m8p65a.0.13384-69004.s026vr4QL1c0y.t_-sd_117-lc_16","orgPrice":"\uffe5110.90","popularStar":0,"price":"110.90","props":["9826  2018\u79cb\u5b63\u65b0\u6b3e\u5927\u7801\u5973\u88c5\u4e2d\u957f\u6b3e\u9488\u7ec7\u7ee3\u82b1\u5047\u4e24\u4ef6\u8fde\u8863\u88d9"],"ptpC":"_mb_mls_10057922_wap-index_noab-noab","sale":608,"shopId":1302445363,"show":{"h":416,"img":"http://s3.mogucdn.com/mlcdn/c45406/180918_1e13lhakbbd6kadk5b4c174jdi7j9_720x996.jpg_320x999.jpg","w":320},"showLarge":{"h":775,"img":"http://s3.mogucdn.com/mlcdn/c45406/180918_1e13lhakbbd6kadk5b4c174jdi7j9_720x996.jpg_560x999.jpg","w":560},"title":"9826  2018\u79cb\u5b63\u65b0\u6b3e\u5927\u7801\u5973\u88c5\u4e2d\u957f\u6b3e\u9488\u7ec7\u7ee3\u82b1\u5047\u4e24\u4ef6\u8fde\u8863\u88d9","titleTags":null,"type":2},{"acm":"3.ms.0_4_1m6q9qa.0.13384-69004.s026vr4QL1c0y.t_-sd_117-lc_16","cfav":260,"clientUrl":"http://item.meilishuo.com/h5/detail/1m6q9qa?acm=3.ms.0_4_1m6q9qa.0.13384-69004.s026vr4QL1c0y.t_-sd_117-lc_16","cparam":null,"iid":"1m6q9qa","itemMarks":"-1","itemType":10,"leftbottom_taglist":[],"lefttop_taglist":[],"link":"http://item.meilishuo.com/h5/detail/1m6q9qa?acm=3.ms.0_4_1m6q9qa.0.13384-69004.s026vr4QL1c0y.t_-sd_117-lc_16","orgPrice":"\uffe584.29","popularStar":0,"price":"59.00","props":["2018\u79cb\u5b63\u65b0\u6b3e\u4e09\u4ef6\u5957\u97e9\u7248\u62fc\u8272\u9488\u7ec7\u5f00\u886b\u4e2d\u957f\u6b3e\u6bdb\u8863\u5916\u5957+\u5c0f\u6e05\u65b0\u683c\u5b50\u886c\u886b+\u663e\u7626\u725b\u4ed4\u88e4\u65f6\u5c1a\u5957\u88c5"],"ptpC":"_mb_mls_10057922_wap-index_noab-noab","sale":2194,"shopId":1302413805,"show":{"h":416,"img":"http://s3.mogucdn.com/mlcdn/c45406/180801_8filh47j1lh24a8a6500dj46ie597_640x854.jpg_320x999.jpg","w":320},"showLarge":{"h":748,"img":"http://s11.mogucdn.com/mlcdn/c45406/180801_8filh47j1lh24a8a6500dj46ie597_640x854.jpg_560x999.jpg","w":560},"title":"2018\u79cb\u5b63\u65b0\u6b3e\u4e09\u4ef6\u5957\u97e9\u7248\u62fc\u8272\u9488\u7ec7\u5f00\u886b\u4e2d\u957f\u6b3e\u6bdb\u8863\u5916\u5957+\u5c0f\u6e05\u65b0\u683c\u5b50\u886c\u886b+\u663e\u7626\u725b\u4ed4\u88e4\u65f6\u5c1a\u5957\u88c5","titleTags":null,"type":2},{"acm":"3.ms.0_4_1m6zz1w.0.13384-69004.s026vr4QL1c0y.t_-sd_117-lc_16","cfav":24,"clientUrl":"http://item.meilishuo.com/h5/detail/1m6zz1w?acm=3.ms.0_4_1m6zz1w.0.13384-69004.s026vr4QL1c0y.t_-sd_117-lc_16","cparam":null,"iid":"1m6zz1w","itemMarks":"1525","itemType":10,"leftbottom_taglist":[],"lefttop_taglist":[],"link":"http://item.meilishuo.com/h5/detail/1m6zz1w?acm=3.ms.0_4_1m6zz1w.0.13384-69004.s026vr4QL1c0y.t_-sd_117-lc_16","orgPrice":"\uffe598.75","popularStar":0,"price":"76.00","props":["2018\u79cb\u88c5\u65b0\u6b3e\u5bbd\u677e\u663e\u7626V\u9886\u6e29\u67d4\u98ce\u649e\u8272\u6761\u7eb9\u9488\u7ec7\u540a\u5e26\u88d9\uff0b\u5f00\u886b\u4e24\u4ef6\u5957\u88d9\u5b50\u5957\u88c5"],"ptpC":"_mb_mls_10057922_wap-index_noab-noab","sale":975,"shopId":108779,"show":{"h":416,"img":"http://s11.mogucdn.com/mlcdn/c45406/180807_500ig1b7cje64c82i762lhf8fc6i0_640x960.jpg_320x999.jpg","w":320},"showLarge":{"h":840,"img":"http://s11.mogucdn.com/mlcdn/c45406/180807_500ig1b7cje64c82i762lhf8fc6i0_640x960.jpg_560x999.jpg","w":560},"title":"2018\u79cb\u88c5\u65b0\u6b3e\u5bbd\u677e\u663e\u7626V\u9886\u6e29\u67d4\u98ce\u649e\u8272\u6761\u7eb9\u9488\u7ec7\u540a\u5e26\u88d9\uff0b\u5f00\u886b\u4e24\u4ef6\u5957\u88d9\u5b50\u5957\u88c5","titleTags":null,"type":2},{"acm":"3.ms.0_4_1m71vue.0.13384-69004.s026vr4QL1c0y.t_-sd_117-lc_16","cfav":0,"clientUrl":"http://item.meilishuo.com/h5/detail/1m71vue?acm=3.ms.0_4_1m71vue.0.13384-69004.s026vr4QL1c0y.t_-sd_117-lc_16","cparam":null,"iid":"1m71vue","itemMarks":"-1","itemType":10,"leftbottom_taglist":[],"lefttop_taglist":[],"link":"http://item.meilishuo.com/h5/detail/1m71vue?acm=3.ms.0_4_1m71vue.0.13384-69004.s026vr4QL1c0y.t_-sd_117-lc_16","orgPrice":"\uffe5198.00","popularStar":0,"price":"198.00","props":["\u604b\u9999\u5983 2018\u79cb\u5b63\u5973\u88c5\u97e9\u7248\u65b0\u6b3e\u5973\u5957\u88c5\u540d\u5a9b\u9ad8\u8170\u663e\u7626\u9614\u817f\u88e4\u6e2f\u5473\u4f11\u95f2\u65f6\u5c1a\u5957\u88c5\u4e24\u4ef6\u5957\u79cb\u88c5"],"ptpC":"_mb_mls_10057922_wap-index_noab-noab","sale":834,"shopId":1302445081,"show":{"h":416,"img":"http://s3.mogucdn.com/mlcdn/55cf19/180809_0ki7j96ekhkl45555a7lgkd0859ka_640x960.jpg_320x999.jpg","w":320},"showLarge":{"h":840,"img":"http://s11.mogucdn.com/mlcdn/55cf19/180809_0ki7j96ekhkl45555a7lgkd0859ka_640x960.jpg_560x999.jpg","w":560},"title":"\u604b\u9999\u5983 2018\u79cb\u5b63\u5973\u88c5\u97e9\u7248\u65b0\u6b3e\u5973\u5957\u88c5\u540d\u5a9b\u9ad8\u8170\u663e\u7626\u9614\u817f\u88e4\u6e2f\u5473\u4f11\u95f2\u65f6\u5c1a\u5957\u88c5\u4e24\u4ef6\u5957\u79cb\u88c5","titleTags":null,"type":2},{"acm":"3.ms.0_4_1m8128y.0.13384-69004.s026vr4QL1c0y.t_-sd_117-lc_16","cfav":6,"clientUrl":"http://item.meilishuo.com/h5/detail/1m8128y?acm=3.ms.0_4_1m8128y.0.13384-69004.s026vr4QL1c0y.t_-sd_117-lc_16","cparam":null,"iid":"1m8128y","itemMarks":"1525 353 181","itemType":10,"leftbottom_taglist":[],"lefttop_taglist":[],"link":"http://item.meilishuo.com/h5/detail/1m8128y?acm=3.ms.0_4_1m8128y.0.13384-69004.s026vr4QL1c0y.t_-sd_117-lc_16","orgPrice":"\uffe570.00","popularStar":0,"price":"49.00","props":["\u8c1c\u79c0\u683c\u5b50\u886c\u886b\u59732018\u79cb\u88c5\u65b0\u6b3e\u97e9\u7248\u5bbd\u677e\u65e9\u79cbchic\u6175\u61d2\u4e0a\u8863\u6e2f\u5473\u886c\u8863\u6f6e"],"ptpC":"_mb_mls_10057922_wap-index_noab-noab","sale":564,"shopId":1302445312,"show":{"h":416,"img":"http://s3.mogucdn.com/mlcdn/c45406/180902_6l1fk268lkc5ia6lcb40a59c29ibb_640x960.jpg_320x999.jpg","w":320},"showLarge":{"h":840,"img":"http://s11.mogucdn.com/mlcdn/c45406/180902_6l1fk268lkc5ia6lcb40a59c29ibb_640x960.jpg_560x999.jpg","w":560},"title":"\u8c1c\u79c0\u683c\u5b50\u886c\u886b\u59732018\u79cb\u88c5\u65b0\u6b3e\u97e9\u7248\u5bbd\u677e\u65e9\u79cbchic\u6175\u61d2\u4e0a\u8863\u6e2f\u5473\u886c\u8863\u6f6e","titleTags":null,"type":2},{"acm":"3.ms.0_4_1m6bkks.0.13384-69004.s026vr4QL1c0y.t_-sd_117-lc_16","cfav":71,"clientUrl":"http://item.meilishuo.com/h5/detail/1m6bkks?acm=3.ms.0_4_1m6bkks.0.13384-69004.s026vr4QL1c0y.t_-sd_117-lc_16","cparam":null,"iid":"1m6bkks","itemMarks":"1525","itemType":10,"leftbottom_taglist":[],"lefttop_taglist":[],"link":"http://item.meilishuo.com/h5/detail/1m6bkks?acm=3.ms.0_4_1m6bkks.0.13384-69004.s026vr4QL1c0y.t_-sd_117-lc_16","orgPrice":"\uffe5112.86","popularStar":0,"price":"79.00","props":["\u6e2f\u98ce\u5c11\u5973\u77ed\u6b3e\u725b\u4ed4\u5916\u5957\u59732018\u65b0\u6b3e\u97e9\u7248\u725b\u4ed4\u8863\u5939\u514b\u6f6e+\u9ad8\u8170\u6d41\u82cf\u86cb\u7cd5\u88d9\u534a\u8eab\u88d9\u5973\u857e\u4e1d\u77ed\u88d9\u4e24\u4ef6\u5957\u88c5"],"ptpC":"_mb_mls_10057922_wap-index_noab-noab","sale":1590,"shopId":103044,"show":{"h":416,"img":"http://s11.mogucdn.com/mlcdn/c45406/180723_827dgd0bdj5i4egcleje6j35eebbc_640x960.jpg_320x999.jpg","w":320},"showLarge":{"h":840,"img":"http://s3.mogucdn.com/mlcdn/c45406/180723_827dgd0bdj5i4egcleje6j35eebbc_640x960.jpg_560x999.jpg","w":560},"title":"\u6e2f\u98ce\u5c11\u5973\u77ed\u6b3e\u725b\u4ed4\u5916\u5957\u59732018\u65b0\u6b3e\u97e9\u7248\u725b\u4ed4\u8863\u5939\u514b\u6f6e+\u9ad8\u8170\u6d41\u82cf\u86cb\u7cd5\u88d9\u534a\u8eab\u88d9\u5973\u857e\u4e1d\u77ed\u88d9\u4e24\u4ef6\u5957\u88c5","titleTags":null,"type":2},{"acm":"3.ms.0_4_1m7vqr4.0.13384-69004.s026vr4QL1c0y.t_-sd_117-lc_16","cfav":0,"clientUrl":"http://item.meilishuo.com/h5/detail/1m7vqr4?acm=3.ms.0_4_1m7vqr4.0.13384-69004.s026vr4QL1c0y.t_-sd_117-lc_16","cparam":null,"iid":"1m7vqr4","itemMarks":"353 1711 181","itemType":10,"leftbottom_taglist":[],"lefttop_taglist":[],"link":"http://item.meilishuo.com/h5/detail/1m7vqr4?acm=3.ms.0_4_1m7vqr4.0.13384-69004.s026vr4QL1c0y.t_-sd_117-lc_16","orgPrice":"\uffe5198.00","popularStar":0,"price":"198.00","props":["2018\u79cb\u5b63\u5973\u88c5\u97e9\u7248\u65b0\u6b3e\u706f\u7b3c\u8896\u6761\u7eb9\u886c\u886b\u4e0a\u8863+\u663e\u7626\u88e4\u5b50\u5c0f\u811a\u88e4\u4e24\u4ef6\u5957\u6c14\u8d28\u4f11\u95f2\u65f6\u5c1a\u5957\u88c5\u5973\u79cb\u88c5\u6f6e"],"ptpC":"_mb_mls_10057922_wap-index_noab-noab","sale":613,"shopId":1302445343,"show":{"h":416,"img":"http://s3.mogucdn.com/mlcdn/c45406/180830_74g7g0gd89hg9jc3jlehbf5lh8je6_640x960.jpg_320x999.jpg","w":320},"showLarge":{"h":840,"img":"http://s11.mogucdn.com/mlcdn/c45406/180830_74g7g0gd89hg9jc3jlehbf5lh8je6_640x960.jpg_560x999.jpg","w":560},"title":"2018\u79cb\u5b63\u5973\u88c5\u97e9\u7248\u65b0\u6b3e\u706f\u7b3c\u8896\u6761\u7eb9\u886c\u886b\u4e0a\u8863+\u663e\u7626\u88e4\u5b50\u5c0f\u811a\u88e4\u4e24\u4ef6\u5957\u6c14\u8d28\u4f11\u95f2\u65f6\u5c1a\u5957\u88c5\u5973\u79cb\u88c5\u6f6e","titleTags":null,"type":2},{"acm":"3.ms.0_4_1klmgwa.0.13384-69004.s026vr4QL1c0y.t_-sd_117-lc_16","cfav":1987,"clientUrl":"http://item.meilishuo.com/h5/detail/1klmgwa?acm=3.ms.0_4_1klmgwa.0.13384-69004.s026vr4QL1c0y.t_-sd_117-lc_16","cparam":null,"iid":"1klmgwa","itemMarks":"82","itemType":10,"leftbottom_taglist":[],"lefttop_taglist":[],"link":"http://item.meilishuo.com/h5/detail/1klmgwa?acm=3.ms.0_4_1klmgwa.0.13384-69004.s026vr4QL1c0y.t_-sd_117-lc_16","orgPrice":"\uffe599.00","popularStar":0,"price":"69.30","props":["\u73b0\u8d27\u79d2\u53d1~2018\u6625\u79cb\u65b0\u6b3e\u5957\u88c5\u6761\u7eb9\u886c\u886b\u4e0d\u89c4\u5219\u62fc\u63a5V\u9886\u7834\u9a6c\u7532\u70df\u7070\u8272\u94c5\u7b14\u5c0f\u811a\u725b\u4ed4\u88e4\u5957\u88c5\u4e09\u4ef6\u5957"],"ptpC":"_mb_mls_10057922_wap-index_noab-noab","sale":5288,"shopId":147976,"show":{"h":416,"img":"http://s3.mogucdn.com/mlcdn/c45406/170925_1kjjfb8iae7dcdjgc131l246bki3l_640x960.jpg_320x999.jpg","w":320},"showLarge":{"h":840,"img":"http://s11.mogucdn.com/mlcdn/c45406/170925_1kjjfb8iae7dcdjgc131l246bki3l_640x960.jpg_560x999.jpg","w":560},"title":"\u73b0\u8d27\u79d2\u53d1~2018\u6625\u79cb\u65b0\u6b3e\u5957\u88c5\u6761\u7eb9\u886c\u886b\u4e0d\u89c4\u5219\u62fc\u63a5V\u9886\u7834\u9a6c\u7532\u70df\u7070\u8272\u94c5\u7b14\u5c0f\u811a\u725b\u4ed4\u88e4\u5957\u88c5\u4e09\u4ef6\u5957","titleTags":null,"type":2},{"acm":"3.ms.0_4_1m7isxu.0.13384-69004.s026vr4QL1c0y.t_-sd_117-lc_16","cfav":42,"clientUrl":"http://item.meilishuo.com/h5/detail/1m7isxu?acm=3.ms.0_4_1m7isxu.0.13384-69004.s026vr4QL1c0y.t_-sd_117-lc_16","cparam":null,"iid":"1m7isxu","itemMarks":"1525 353 2 138 181 172 173","itemType":10,"leftbottom_taglist":[],"lefttop_taglist":[],"link":"http://item.meilishuo.com/h5/detail/1m7isxu?acm=3.ms.0_4_1m7isxu.0.13384-69004.s026vr4QL1c0y.t_-sd_117-lc_16","orgPrice":"\uffe582.86","popularStar":0,"price":"58.00","props":["2018\u65b0\u6b3e\u65e9\u79cb\u6df1V\u9886\u7eaf\u8272\u96ea\u7eba\u886c\u886b\u4e0a\u8863\uff0b\u9ad8\u8170\u7cfb\u5e26\u683c\u5b50\u4f11\u95f2\u4e5d\u5206\u88e4\u4e24\u4ef6\u5957"],"ptpC":"_mb_mls_10057922_wap-index_noab-noab","sale":967,"shopId":108775,"show":{"h":416,"img":"http://s11.mogucdn.com/mlcdn/c45406/180821_7hh7eck08g26hibc4d24f4hg5j4bj_640x960.jpg_320x999.jpg","w":320},"showLarge":{"h":840,"img":"http://s11.mogucdn.com/mlcdn/c45406/180821_7hh7eck08g26hibc4d24f4hg5j4bj_640x960.jpg_560x999.jpg","w":560},"title":"2018\u65b0\u6b3e\u65e9\u79cb\u6df1V\u9886\u7eaf\u8272\u96ea\u7eba\u886c\u886b\u4e0a\u8863\uff0b\u9ad8\u8170\u7cfb\u5e26\u683c\u5b50\u4f11\u95f2\u4e5d\u5206\u88e4\u4e24\u4ef6\u5957","titleTags":null,"type":2}],"page":5,"param":{"_mgjuuid":"c549a483-289f-44dc-adb0-40acf71095b1","cKey":"wap-index","cpcEventId":70005,"cpc_offset":0,"eventId":70003,"fcid":"10057922","page":"5","ptpPartC":"_mb_mls_10057922_wap-index_noab-noab","ptpWallCpc":"_wall_cpc","ptpWallDoc":"_wall_docs","section":"0","sort":"pop"},"ptpPartC":"_mb_mls_10057922_wap-index_noab-noab","sort":"pop","title":"\u7f8e\u4e3d\u8bf4wap\u9996\u9875","total":40834},"returnCode":"1001","returnMessage":null,"success":true}
