{"data":{"cpc_offset":0,"filter":{"list":[{"fcid":"10057922","sort":"pop","style":null,"title":"\u6d41\u884c","type":"sort"},{"fcid":"10057922","sort":"sell","style":null,"title":"\u70ed\u9500","type":"sort"},{"fcid":"10057922","sort":"new","style":null,"title":"\u4e0a\u65b0","type":"sort"}],"title":"\u7f8e\u4e3d\u8bf4wap\u9996\u9875"},"isEnd":false,"list":[{"acm":"3.ms.0_4_1lqe6pa.0.13384-69004.ni0a5r4QL2goT.t_-sd_117-lc_16","cfav":10,"clientUrl":"http://item.meilishuo.com/h5/detail/1lqe6pa?acm=3.ms.0_4_1lqe6pa.0.13384-69004.ni0a5r4QL2goT.t_-sd_117-lc_16","cparam":null,"iid":"1lqe6pa","itemMarks":"1525 1232","itemType":10,"leftbottom_taglist":[],"lefttop_taglist":[],"link":"http://item.meilishuo.com/h5/detail/1lqe6pa?acm=3.ms.0_4_1lqe6pa.0.13384-69004.ni0a5r4QL2goT.t_-sd_117-lc_16","orgPrice":"\uffe599.00","popularStar":0,"price":"99.00","props":["\u8fd0\u52a8\u5957\u88c5\u59732018\u6625\u88c5\u65b0\u6b3e\u97e9\u7248\u65f6\u5c1a\u5706\u9886\u5957\u5934\u536b\u8863\u4f11\u95f2\u5957\u88c5\u957f\u8896\u4e24\u4ef6\u5957"],"ptpC":"_mb_mls_10057922_wap-index_noab-noab","sale":5256,"shopId":1300347521,"show":{"h":416,"img":"http://s11.mogucdn.com/mlcdn/c45406/180401_4j5fc88d3hillkc22g5ij4l1jd217_800x800.jpg_320x999.jpg","w":320},"showLarge":{"h":560,"img":"http://s11.mogucdn.com/mlcdn/c45406/180401_4j5fc88d3hillkc22g5ij4l1jd217_800x800.jpg_560x999.jpg","w":560},"title":"\u8fd0\u52a8\u5957\u88c5\u59732018\u6625\u88c5\u65b0\u6b3e\u97e9\u7248\u65f6\u5c1a\u5706\u9886\u5957\u5934\u536b\u8863\u4f11\u95f2\u5957\u88c5\u957f\u8896\u4e24\u4ef6\u5957","titleTags":null,"type":2},{"acm":"3.ms.0_4_1m7bfq8.0.13384-69004.ni0a5r4QL2goT.t_-sd_117-lc_16","cfav":64,"clientUrl":"http://item.meilishuo.com/h5/detail/1m7bfq8?acm=3.ms.0_4_1m7bfq8.0.13384-69004.ni0a5r4QL2goT.t_-sd_117-lc_16","cparam":null,"iid":"1m7bfq8","itemMarks":"-1","itemType":10,"leftbottom_taglist":[],"lefttop_taglist":[],"link":"http://item.meilishuo.com/h5/detail/1m7bfq8?acm=3.ms.0_4_1m7bfq8.0.13384-69004.ni0a5r4QL2goT.t_-sd_117-lc_16","orgPrice":"\uffe599.00","popularStar":0,"price":"69.30","props":["2018\u79cb\u88c5\u65b0\u6b3e\u97e9\u7248\u5bbd\u677e\u9488\u7ec7\u5f00\u886b\u6bdb\u8863\u5916\u5957\u4e2d\u957f\u6c14\u8d28v\u9886\u9488\u7ec7\u8fde\u8863\u88d9\u6253\u5e95\u540a\u5e26\u88d9\u4e24\u4ef6\u5957\u65f6\u5c1a\u88d9\u5b50\u5957\u88c5"],"ptpC":"_mb_mls_10057922_wap-index_noab-noab","sale":1471,"shopId":1302413256,"show":{"h":416,"img":"http://s3.mogucdn.com/mlcdn/c45406/180816_8gb546fel3dic1i6d44fj217l49eg_640x960.jpg_320x999.jpg","w":320},"showLarge":{"h":840,"img":"http://s11.mogucdn.com/mlcdn/c45406/180816_8gb546fel3dic1i6d44fj217l49eg_640x960.jpg_560x999.jpg","w":560},"title":"2018\u79cb\u88c5\u65b0\u6b3e\u97e9\u7248\u5bbd\u677e\u9488\u7ec7\u5f00\u886b\u6bdb\u8863\u5916\u5957\u4e2d\u957f\u6c14\u8d28v\u9886\u9488\u7ec7\u8fde\u8863\u88d9\u6253\u5e95\u540a\u5e26\u88d9\u4e24\u4ef6\u5957\u65f6\u5c1a\u88d9\u5b50\u5957\u88c5","titleTags":null,"type":2},{"acm":"3.ms.0_4_1m7ag4s.0.13384-69004.ni0a5r4QL2goT.t_-sd_117-lc_16","cfav":6,"clientUrl":"http://item.meilishuo.com/h5/detail/1m7ag4s?acm=3.ms.0_4_1m7ag4s.0.13384-69004.ni0a5r4QL2goT.t_-sd_117-lc_16","cparam":null,"iid":"1m7ag4s","itemMarks":"1232","itemType":10,"leftbottom_taglist":[],"lefttop_taglist":[],"link":"http://item.meilishuo.com/h5/detail/1m7ag4s?acm=3.ms.0_4_1m7ag4s.0.13384-69004.ni0a5r4QL2goT.t_-sd_117-lc_16","orgPrice":"\uffe5128.00","popularStar":0,"price":"128.00","props":["\u897f\u88c5\u5957\u88c5\u5973\u6625\u79cb2018\u65b0\u6b3e\u5c0f\u9999\u98ce\u5973\u88c5\u79cb\u5b63\u97e9\u7248\u65f6\u5c1a\u6c14\u8d28\u4e24\u4ef6\u5957\u79cb\u88c5\u6f6e"],"ptpC":"_mb_mls_10057922_wap-index_noab-noab","sale":750,"shopId":1300347521,"show":{"h":416,"img":"http://s3.mogucdn.com/mlcdn/c45406/180815_5gafcbh5lhg05534b7deef464286g_640x960.jpg_320x999.jpg","w":320},"showLarge":{"h":840,"img":"http://s11.mogucdn.com/mlcdn/c45406/180815_5gafcbh5lhg05534b7deef464286g_640x960.jpg_560x999.jpg","w":560},"title":"\u897f\u88c5\u5957\u88c5\u5973\u6625\u79cb2018\u65b0\u6b3e\u5c0f\u9999\u98ce\u5973\u88c5\u79cb\u5b63\u97e9\u7248\u65f6\u5c1a\u6c14\u8d28\u4e24\u4ef6\u5957\u79cb\u88c5\u6f6e","titleTags":null,"type":2},{"acm":"3.ms.0_4_1m7j5tu.0.13384-69004.ni0a5r4QL2goT.t_-sd_117-lc_16","cfav":120,"clientUrl":"http://item.meilishuo.com/h5/detail/1m7j5tu?acm=3.ms.0_4_1m7j5tu.0.13384-69004.ni0a5r4QL2goT.t_-sd_117-lc_16","cparam":null,"iid":"1m7j5tu","itemMarks":"1525 82","itemType":10,"leftbottom_taglist":[],"lefttop_taglist":[],"link":"http://item.meilishuo.com/h5/detail/1m7j5tu?acm=3.ms.0_4_1m7j5tu.0.13384-69004.ni0a5r4QL2goT.t_-sd_117-lc_16","orgPrice":"\uffe570.00","popularStar":0,"price":"49.00","props":["\u504f\u5927\u5927\u7801\u79cb\u88c5\u5973\u5957\u88c5\u65b0\u6b3e2018\u4e2d\u957f\u6b3e\u8fde\u5e3d\u536b\u8863+\u725b\u4ed4\u9a6c\u7532\u6d0b\u6c14\u5957\u88c5\u80d6mm\u906e\u8089\u663e\u7626\u4e24\u4ef6\u5957\u7701\u5fc3\u642d\u914d"],"ptpC":"_mb_mls_10057922_wap-index_noab-noab","sale":1799,"shopId":20385073,"show":{"h":416,"img":"http://s3.mogucdn.com/mlcdn/c45406/180821_7gccd889f8f88hde1kd4l99dj0h3e_640x960.jpg_320x999.jpg","w":320},"showLarge":{"h":840,"img":"http://s11.mogucdn.com/mlcdn/c45406/180821_7gccd889f8f88hde1kd4l99dj0h3e_640x960.jpg_560x999.jpg","w":560},"title":"\u504f\u5927\u5927\u7801\u79cb\u88c5\u5973\u5957\u88c5\u65b0\u6b3e2018\u4e2d\u957f\u6b3e\u8fde\u5e3d\u536b\u8863+\u725b\u4ed4\u9a6c\u7532\u6d0b\u6c14\u5957\u88c5\u80d6mm\u906e\u8089\u663e\u7626\u4e24\u4ef6\u5957\u7701\u5fc3\u642d\u914d","titleTags":null,"type":2},{"acm":"3.ms.0_4_1m6oh8e.0.13384-69004.ni0a5r4QL2goT.t_-sd_117-lc_16","cfav":93,"clientUrl":"http://item.meilishuo.com/h5/detail/1m6oh8e?acm=3.ms.0_4_1m6oh8e.0.13384-69004.ni0a5r4QL2goT.t_-sd_117-lc_16","cparam":null,"iid":"1m6oh8e","itemMarks":"1525","itemType":10,"leftbottom_taglist":[],"lefttop_taglist":[],"link":"http://item.meilishuo.com/h5/detail/1m6oh8e?acm=3.ms.0_4_1m6oh8e.0.13384-69004.ni0a5r4QL2goT.t_-sd_117-lc_16","orgPrice":"\uffe5110.00","popularStar":0,"price":"77.00","props":["2018\u79cb\u5b63\u65b0\u6b3e\u65f6\u5c1a\u5957\u88c5\u97e9\u7248\u767e\u642d\u4e2a\u6027\u62fc\u8272\u8fde\u5e3d\u98ce\u8863\u5916\u5957\u9ad8\u8170\u663e\u7626\u7834\u6d1e\u725b\u4ed4\u88e4\u5c0f\u811a\u88e4\u4e24\u4ef6\u5957"],"ptpC":"_mb_mls_10057922_wap-index_noab-noab","sale":5275,"shopId":10759068,"show":{"h":416,"img":"http://s3.mogucdn.com/mlcdn/c45406/180731_682dgekcb3f8i8i864l485kf0i4lf_640x960.jpg_320x999.jpg","w":320},"showLarge":{"h":840,"img":"http://s11.mogucdn.com/mlcdn/c45406/180731_682dgekcb3f8i8i864l485kf0i4lf_640x960.jpg_560x999.jpg","w":560},"title":"2018\u79cb\u5b63\u65b0\u6b3e\u65f6\u5c1a\u5957\u88c5\u97e9\u7248\u767e\u642d\u4e2a\u6027\u62fc\u8272\u8fde\u5e3d\u98ce\u8863\u5916\u5957\u9ad8\u8170\u663e\u7626\u7834\u6d1e\u725b\u4ed4\u88e4\u5c0f\u811a\u88e4\u4e24\u4ef6\u5957","titleTags":null,"type":2},{"acm":"3.ms.0_4_1lo5rso.0.13384-69004.ni0a5r4QL2goT.t_-sd_117-lc_16","cfav":1635,"clientUrl":"http://item.meilishuo.com/h5/detail/1lo5rso?acm=3.ms.0_4_1lo5rso.0.13384-69004.ni0a5r4QL2goT.t_-sd_117-lc_16","cparam":null,"iid":"1lo5rso","itemMarks":"1525","itemType":10,"leftbottom_taglist":[],"lefttop_taglist":[],"link":"http://item.meilishuo.com/h5/detail/1lo5rso?acm=3.ms.0_4_1lo5rso.0.13384-69004.ni0a5r4QL2goT.t_-sd_117-lc_16","orgPrice":"\uffe577.15","popularStar":0,"price":"54.00","props":["2018\u5916\u5957\u5973\u79cb\u5b63\u65b0\u6b3e\u5973\u88c5\u65f6\u5c1a\u5957\u88c5\u5973\u97e9\u7248\u9488\u7ec7\u5f00\u886b\u6bdb\u8863\u5916\u5957\u683c\u5b50\u886c\u886b\u76f4\u7b52\u725b\u4ed4\u88e4\u5b50\u5957\u88c5\u4e09\u4ef6\u5957"],"ptpC":"_mb_mls_10057922_wap-index_noab-noab","sale":4250,"shopId":10688881,"show":{"h":416,"img":"http://s3.mogucdn.com/mlcdn/c45406/171224_57ldck1ki0bjh0fc48ac0e2f9i788_640x960.jpg_320x999.jpg","w":320},"showLarge":{"h":840,"img":"http://s3.mogucdn.com/mlcdn/c45406/171224_57ldck1ki0bjh0fc48ac0e2f9i788_640x960.jpg_560x999.jpg","w":560},"title":"2018\u5916\u5957\u5973\u79cb\u5b63\u65b0\u6b3e\u5973\u88c5\u65f6\u5c1a\u5957\u88c5\u5973\u97e9\u7248\u9488\u7ec7\u5f00\u886b\u6bdb\u8863\u5916\u5957\u683c\u5b50\u886c\u886b\u76f4\u7b52\u725b\u4ed4\u88e4\u5b50\u5957\u88c5\u4e09\u4ef6\u5957","titleTags":null,"type":2},{"acm":"3.ms.0_4_1m6dihs.0.13384-69004.ni0a5r4QL2goT.t_-sd_117-lc_16","cfav":99,"clientUrl":"http://item.meilishuo.com/h5/detail/1m6dihs?acm=3.ms.0_4_1m6dihs.0.13384-69004.ni0a5r4QL2goT.t_-sd_117-lc_16","cparam":null,"iid":"1m6dihs","itemMarks":"-1","itemType":10,"leftbottom_taglist":[],"lefttop_taglist":[],"link":"http://item.meilishuo.com/h5/detail/1m6dihs?acm=3.ms.0_4_1m6dihs.0.13384-69004.ni0a5r4QL2goT.t_-sd_117-lc_16","orgPrice":"\uffe584.29","popularStar":0,"price":"59.00","props":["2018\u79cb\u5b63\u65b0\u6b3e\u97e9\u8303\u6e05\u65b0\u5957\u88c5\u5bbd\u677e\u5706\u9886\u53ef\u7231\u5b66\u751f\u6761\u7eb9\u4e0a\u8863\u914d\u590d\u53e4\u9ad8\u8170\u76f4\u7b52\u88e4\u5b50\u7834\u6d1e\u725b\u4ed4\u88e4\u65f6\u5c1a\u4e24\u4ef6\u5957"],"ptpC":"_mb_mls_10057922_wap-index_noab-noab","sale":4556,"shopId":111081,"show":{"h":416,"img":"http://s11.mogucdn.com/mlcdn/c45406/180725_1h224e27l805diked2lcj2j63d7h2_640x960.jpg_320x999.jpg","w":320},"showLarge":{"h":840,"img":"http://s11.mogucdn.com/mlcdn/c45406/180725_1h224e27l805diked2lcj2j63d7h2_640x960.jpg_560x999.jpg","w":560},"title":"2018\u79cb\u5b63\u65b0\u6b3e\u97e9\u8303\u6e05\u65b0\u5957\u88c5\u5bbd\u677e\u5706\u9886\u53ef\u7231\u5b66\u751f\u6761\u7eb9\u4e0a\u8863\u914d\u590d\u53e4\u9ad8\u8170\u76f4\u7b52\u88e4\u5b50\u7834\u6d1e\u725b\u4ed4\u88e4\u65f6\u5c1a\u4e24\u4ef6\u5957","titleTags":null,"type":2},{"acm":"3.ms.0_4_1lrt8pc.0.13384-69004.ni0a5r4QL2goT.t_-sd_117-lc_16","cfav":21,"clientUrl":"http://item.meilishuo.com/h5/detail/1lrt8pc?acm=3.ms.0_4_1lrt8pc.0.13384-69004.ni0a5r4QL2goT.t_-sd_117-lc_16","cparam":null,"iid":"1lrt8pc","itemMarks":"1525 1232","itemType":10,"leftbottom_taglist":[],"lefttop_taglist":[],"link":"http://item.meilishuo.com/h5/detail/1lrt8pc?acm=3.ms.0_4_1lrt8pc.0.13384-69004.ni0a5r4QL2goT.t_-sd_117-lc_16","orgPrice":"\uffe579.00","popularStar":0,"price":"79.00","props":["\u8fd0\u52a8\u5957\u88c5\u5973\u6625\u79cb\u97e9\u72482018\u65b0\u6b3e\u5973\u88c5\u6625\u88c5\u65f6\u9ae6\u4f11\u95f2\u8863\u670d\u8584\u6b3e\u536b\u8863\u4e24\u4ef6\u5957"],"ptpC":"_mb_mls_10057922_wap-index_noab-noab","sale":4647,"shopId":1300347521,"show":{"h":416,"img":"http://s3.mogucdn.com/mlcdn/c45406/180226_2hb2b3991i5kj050e4c9cfk985ab2_800x800.jpg_320x999.jpg","w":320},"showLarge":{"h":560,"img":"http://s11.mogucdn.com/mlcdn/c45406/180226_2hb2b3991i5kj050e4c9cfk985ab2_800x800.jpg_560x999.jpg","w":560},"title":"\u8fd0\u52a8\u5957\u88c5\u5973\u6625\u79cb\u97e9\u72482018\u65b0\u6b3e\u5973\u88c5\u6625\u88c5\u65f6\u9ae6\u4f11\u95f2\u8863\u670d\u8584\u6b3e\u536b\u8863\u4e24\u4ef6\u5957","titleTags":null,"type":2},{"acm":"3.ms.0_4_1m71xei.0.13384-69004.ni0a5r4QL2goT.t_-sd_117-lc_16","cfav":20,"clientUrl":"http://item.meilishuo.com/h5/detail/1m71xei?acm=3.ms.0_4_1m71xei.0.13384-69004.ni0a5r4QL2goT.t_-sd_117-lc_16","cparam":null,"iid":"1m71xei","itemMarks":"-1","itemType":10,"leftbottom_taglist":[],"lefttop_taglist":[],"link":"http://item.meilishuo.com/h5/detail/1m71xei?acm=3.ms.0_4_1m71xei.0.13384-69004.ni0a5r4QL2goT.t_-sd_117-lc_16","orgPrice":"\uffe5198.00","popularStar":0,"price":"198.00","props":["\u604b\u9999\u5983 2018\u79cb\u5b63\u5973\u88c5\u97e9\u7248\u65b0\u6b3e\u65f6\u5c1a\u5957\u88c5\u5bbd\u677e\u957f\u8896\u4e0a\u8863+\u9ad8\u8170\u9614\u817f\u88e4\u8fd0\u52a8\u4f11\u95f2\u88e4\u4e24\u4ef6\u5957\u5973\u79cb\u88c5"],"ptpC":"_mb_mls_10057922_wap-index_noab-noab","sale":1640,"shopId":1302445081,"show":{"h":416,"img":"http://s11.mogucdn.com/mlcdn/55cf19/180809_70c848a8ahffjfb095d4iac66994h_640x960.jpg_320x999.jpg","w":320},"showLarge":{"h":840,"img":"http://s11.mogucdn.com/mlcdn/55cf19/180809_70c848a8ahffjfb095d4iac66994h_640x960.jpg_560x999.jpg","w":560},"title":"\u604b\u9999\u5983 2018\u79cb\u5b63\u5973\u88c5\u97e9\u7248\u65b0\u6b3e\u65f6\u5c1a\u5957\u88c5\u5bbd\u677e\u957f\u8896\u4e0a\u8863+\u9ad8\u8170\u9614\u817f\u88e4\u8fd0\u52a8\u4f11\u95f2\u88e4\u4e24\u4ef6\u5957\u5973\u79cb\u88c5","titleTags":null,"type":2},{"acm":"3.ms.0_4_1lr3zdg.0.13384-69004.ni0a5r4QL2goT.t_-sd_117-lc_16","cfav":489,"clientUrl":"http://item.meilishuo.com/h5/detail/1lr3zdg?acm=3.ms.0_4_1lr3zdg.0.13384-69004.ni0a5r4QL2goT.t_-sd_117-lc_16","cparam":null,"iid":"1lr3zdg","itemMarks":"1525","itemType":10,"leftbottom_taglist":[],"lefttop_taglist":[],"link":"http://item.meilishuo.com/h5/detail/1lr3zdg?acm=3.ms.0_4_1lr3zdg.0.13384-69004.ni0a5r4QL2goT.t_-sd_117-lc_16","orgPrice":"\uffe598.58","popularStar":0,"price":"69.00","props":["2018\u5916\u5957\u5973\u79cb\u5b63\u65b0\u6b3e\u5973\u88c5\u65f6\u5c1a\u5957\u88c5\u5973\u97e9\u7248\u5bbd\u677e\u6761\u7eb9\u68d2\u7403\u670d\u5916\u5957\u62fc\u8272\u7c89\u8fb9\u725b\u4ed4\u88e4\u5b50\u5957\u88c5\u4e24\u4ef6\u5957"],"ptpC":"_mb_mls_10057922_wap-index_noab-noab","sale":4918,"shopId":109683,"show":{"h":416,"img":"http://s11.mogucdn.com/mlcdn/c45406/180129_6370dj299hlcg15fc3l7fi9l4i4l7_640x960.jpg_320x999.jpg","w":320},"showLarge":{"h":840,"img":"http://s3.mogucdn.com/mlcdn/c45406/180129_6370dj299hlcg15fc3l7fi9l4i4l7_640x960.jpg_560x999.jpg","w":560},"title":"2018\u5916\u5957\u5973\u79cb\u5b63\u65b0\u6b3e\u5973\u88c5\u65f6\u5c1a\u5957\u88c5\u5973\u97e9\u7248\u5bbd\u677e\u6761\u7eb9\u68d2\u7403\u670d\u5916\u5957\u62fc\u8272\u7c89\u8fb9\u725b\u4ed4\u88e4\u5b50\u5957\u88c5\u4e24\u4ef6\u5957","titleTags":null,"type":2},{"acm":"3.ms.0_4_1m7ljee.0.13384-69004.ni0a5r4QL2goT.t_-sd_117-lc_16","cfav":148,"clientUrl":"http://item.meilishuo.com/h5/detail/1m7ljee?acm=3.ms.0_4_1m7ljee.0.13384-69004.ni0a5r4QL2goT.t_-sd_117-lc_16","cparam":null,"iid":"1m7ljee","itemMarks":"1232","itemType":10,"leftbottom_taglist":[],"lefttop_taglist":[],"link":"http://item.meilishuo.com/h5/detail/1m7ljee?acm=3.ms.0_4_1m7ljee.0.13384-69004.ni0a5r4QL2goT.t_-sd_117-lc_16","orgPrice":"\uffe5127.15","popularStar":0,"price":"89.00","props":["\u79cb\u5b632018\u65b0\u6b3e\u97e9\u7248\u5bbd\u677e\u5f00\u886b\u8fde\u5e3d\u957f\u8896\u536b\u8863\u5916\u5957\u540a\u5e26\u88d9\u80cc\u5fc3\u88d9\u663e\u7626\u8fde\u8863\u88d9\u5b50\u65f6\u5c1a\u5957\u88c5\u79cb\u88c5\u4e24\u4ef6\u5957\u5973\u88c5"],"ptpC":"_mb_mls_10057922_wap-index_noab-noab","sale":3496,"shopId":111485,"show":{"h":416,"img":"http://s3.mogucdn.com/mlcdn/c45406/180827_8aa0ajci5142eic7lj870jlhe26gg_640x960.jpg_320x999.jpg","w":320},"showLarge":{"h":840,"img":"http://s3.mogucdn.com/mlcdn/c45406/180827_8aa0ajci5142eic7lj870jlhe26gg_640x960.jpg_560x999.jpg","w":560},"title":"\u79cb\u5b632018\u65b0\u6b3e\u97e9\u7248\u5bbd\u677e\u5f00\u886b\u8fde\u5e3d\u957f\u8896\u536b\u8863\u5916\u5957\u540a\u5e26\u88d9\u80cc\u5fc3\u88d9\u663e\u7626\u8fde\u8863\u88d9\u5b50\u65f6\u5c1a\u5957\u88c5\u79cb\u88c5\u4e24\u4ef6\u5957\u5973\u88c5","titleTags":null,"type":2},{"acm":"3.ms.0_4_1m6s768.0.13384-69004.ni0a5r4QL2goT.t_-sd_117-lc_16","cfav":78,"clientUrl":"http://item.meilishuo.com/h5/detail/1m6s768?acm=3.ms.0_4_1m6s768.0.13384-69004.ni0a5r4QL2goT.t_-sd_117-lc_16","cparam":null,"iid":"1m6s768","itemMarks":"1525","itemType":10,"leftbottom_taglist":[],"lefttop_taglist":[],"link":"http://item.meilishuo.com/h5/detail/1m6s768?acm=3.ms.0_4_1m6s768.0.13384-69004.ni0a5r4QL2goT.t_-sd_117-lc_16","orgPrice":"\uffe599.00","popularStar":0,"price":"99.00","props":["2018\u79cb\u5b63\u65b0\u6b3e\u683c\u5b50\u886c\u886b\u5973\u957f\u8896\u97e9\u7248\u590d\u53e4\u706f\u7b3c\u8896\u5b66\u751f\u5bbd\u677e\u6ce1\u6ce1\u8896\u5927\u7801\u5a03\u5a03\u886bB24"],"ptpC":"_mb_mls_10057922_wap-index_noab-noab","sale":3440,"shopId":1302439868,"show":{"h":416,"img":"http://s11.mogucdn.com/mlcdn/c45406/180803_7ed1i8bkhlgkdh733j724ed22a0fh_640x960.jpg_320x999.jpg","w":320},"showLarge":{"h":840,"img":"http://s3.mogucdn.com/mlcdn/c45406/180803_7ed1i8bkhlgkdh733j724ed22a0fh_640x960.jpg_560x999.jpg","w":560},"title":"2018\u79cb\u5b63\u65b0\u6b3e\u683c\u5b50\u886c\u886b\u5973\u957f\u8896\u97e9\u7248\u590d\u53e4\u706f\u7b3c\u8896\u5b66\u751f\u5bbd\u677e\u6ce1\u6ce1\u8896\u5927\u7801\u5a03\u5a03\u886bB24","titleTags":null,"type":2}],"page":6,"param":{"_mgjuuid":"c838c860-2d42-4be5-9b09-06fc15ebbf9f","cKey":"wap-index","cpcEventId":70005,"cpc_offset":0,"eventId":70003,"fcid":"10057922","page":"6","ptpPartC":"_mb_mls_10057922_wap-index_noab-noab","ptpWallCpc":"_wall_cpc","ptpWallDoc":"_wall_docs","section":"0","sort":"pop"},"ptpPartC":"_mb_mls_10057922_wap-index_noab-noab","sort":"pop","title":"\u7f8e\u4e3d\u8bf4wap\u9996\u9875","total":40834},"returnCode":"1001","returnMessage":null,"success":true}
