{"data":{"cpc_offset":0,"filter":{"list":[{"fcid":"10057922","sort":"pop","style":null,"title":"\u6d41\u884c","type":"sort"},{"fcid":"10057922","sort":"sell","style":null,"title":"\u70ed\u9500","type":"sort"},{"fcid":"10057922","sort":"new","style":null,"title":"\u4e0a\u65b0","type":"sort"}],"title":"\u7f8e\u4e3d\u8bf4wap\u9996\u9875"},"isEnd":false,"list":[{"acm":"3.ms.0_4_1m8iqz6.0.13385-69004.s026ur4QXbcKf.t_-sd_117-lc_16","cfav":20,"clientUrl":"http://item.meilishuo.com/h5/detail/1m8iqz6?acm=3.ms.0_4_1m8iqz6.0.13385-69004.s026ur4QXbcKf.t_-sd_117-lc_16","cparam":null,"iid":"1m8iqz6","itemMarks":"-1","itemType":5,"leftbottom_taglist":[],"lefttop_taglist":[],"link":"http://item.meilishuo.com/h5/detail/1m8iqz6?acm=3.ms.0_4_1m8iqz6.0.13385-69004.s026ur4QXbcKf.t_-sd_117-lc_16","orgPrice":"\uffe570.00","popularStar":0,"price":"49.00","props":["\u79cb\u88c5\u5973\u536b\u8863\u5957\u88c5\u65b0\u6b3e2018\u97e9\u7248\u5370\u82b1\u8fde\u5e3d\u536b\u8863\u4e0a\u8863+\u663e\u7626\u9ad8\u8170\u7f51\u7eb1\u534a\u8eab\u88d9\u5b66\u751f\u88d9\u5b50\u65f6\u5c1a\u5957\u88c5\u4e24\u4ef6\u5957"],"ptpC":"_mb_mls_10057922_wap-index_noab-noab","sale":16428,"shopId":22533618,"show":{"h":416,"img":"http://s3.mogucdn.com/mlcdn/c45406/180913_00b8bg3cg308c9jhcakhj0c7fhbih_640x960.jpg_320x999.jpg","w":320},"showLarge":{"h":840,"img":"http://s11.mogucdn.com/mlcdn/c45406/180913_00b8bg3cg308c9jhcakhj0c7fhbih_640x960.jpg_560x999.jpg","w":560},"title":"\u79cb\u88c5\u5973\u536b\u8863\u5957\u88c5\u65b0\u6b3e2018\u97e9\u7248\u5370\u82b1\u8fde\u5e3d\u536b\u8863\u4e0a\u8863+\u663e\u7626\u9ad8\u8170\u7f51\u7eb1\u534a\u8eab\u88d9\u5b66\u751f\u88d9\u5b50\u65f6\u5c1a\u5957\u88c5\u4e24\u4ef6\u5957","titleTags":null,"type":2},{"acm":"3.ms.0_4_1m8k6ry.0.13385-69004.s026ur4QXbcKf.t_-sd_117-lc_16","cfav":49,"clientUrl":"http://item.meilishuo.com/h5/detail/1m8k6ry?acm=3.ms.0_4_1m8k6ry.0.13385-69004.s026ur4QXbcKf.t_-sd_117-lc_16","cparam":null,"iid":"1m8k6ry","itemMarks":"-1","itemType":5,"leftbottom_taglist":[],"lefttop_taglist":[],"link":"http://item.meilishuo.com/h5/detail/1m8k6ry?acm=3.ms.0_4_1m8k6ry.0.13385-69004.s026ur4QXbcKf.t_-sd_117-lc_16","orgPrice":"\uffe5119.40","popularStar":0,"price":"83.58","props":["\u65f6\u5c1a\u5957\u88c5\u4e24\u4ef6\u5957\u7f51\u7ea2\u540c\u6b3e2018\u79cb\u88c5\u5973\u5957\u88c5\u65b0\u6b3e\u663e\u7626\u4e2d\u957f\u6b3e\u5b57\u6bcd\u5370\u82b1\u5bbd\u677e\u5957\u5934\u536b\u8863\u65e0\u654c\u4fee\u8eab\u6253\u5e95\u957f\u88e4"],"ptpC":"_mb_mls_10057922_wap-index_noab-noab","sale":15999,"shopId":1302421522,"show":{"h":416,"img":"http://s11.mogucdn.com/mlcdn/c45406/180914_1lj3hk5hek8266fdf77elg1h78fg8_640x960.jpg_320x999.jpg","w":320},"showLarge":{"h":840,"img":"http://s11.mogucdn.com/mlcdn/c45406/180914_1lj3hk5hek8266fdf77elg1h78fg8_640x960.jpg_560x999.jpg","w":560},"title":"\u65f6\u5c1a\u5957\u88c5\u4e24\u4ef6\u5957\u7f51\u7ea2\u540c\u6b3e2018\u79cb\u88c5\u5973\u5957\u88c5\u65b0\u6b3e\u663e\u7626\u4e2d\u957f\u6b3e\u5b57\u6bcd\u5370\u82b1\u5bbd\u677e\u5957\u5934\u536b\u8863\u65e0\u654c\u4fee\u8eab\u6253\u5e95\u957f\u88e4","titleTags":null,"type":2},{"acm":"3.ms.2_1_1m4jogi.0.70869-69004.s026ur4QXbcKf.sd_117-c_2_32_401464435_1253674168_19_0-t_-c1_10057922_nil_nil_2_1253674168_32_0-lc_32","cfav":"969","clientUrl":"http://item.meilishuo.com/h5/detail/1m4jogi?acm=3.ms.2_1_1m4jogi.0.70869-69004.s026ur4QXbcKf.sd_117-c_2_32_401464435_1253674168_19_0-t_-c1_10057922_nil_nil_2_1253674168_32_0-lc_32&cparam=MTUzODA1MzM2Nl8xZGExanhhX2NlMDdjYjkyYzlhMWYyNDZhNWRlNzFhMzVhMWMxMTkwXzMyXzBfNDAxNDY0NDM1XzBfMF8xOV8wXzUzOF8wXzA=","cparam":"MTUzODA1MzM2Nl8xZGExanhhX2NlMDdjYjkyYzlhMWYyNDZhNWRlNzFhMzVhMWMxMTkwXzMyXzBfNDAxNDY0NDM1XzBfMF8xOV8wXzUzOF8wXzA=","iid":"1m4jogi","itemMarks":"1525","itemType":7,"leftbottom_taglist":["http://s2.mogucdn.com/p2/170307/1_53je1gbj88bjheidae4al1le4h94i_60x28.png"],"lefttop_taglist":[],"link":"http://item.meilishuo.com/h5/detail/1m4jogi?acm=3.ms.2_1_1m4jogi.0.70869-69004.s026ur4QXbcKf.sd_117-c_2_32_401464435_1253674168_19_0-t_-c1_10057922_nil_nil_2_1253674168_32_0-lc_32&cparam=MTUzODA1MzM2Nl8xZGExanhhX2NlMDdjYjkyYzlhMWYyNDZhNWRlNzFhMzVhMWMxMTkwXzMyXzBfNDAxNDY0NDM1XzBfMF8xOV8wXzUzOF8wXzA=","orgPrice":"\uffe550.00","popularStar":null,"price":"50.00","props":["2018\u590f\u88c5\u65b0\u6b3e\u97e9\u8303t\u6064\u5973\u77ed\u8896\u5bbd\u677e\u767e\u642d\u97e9\u7248\u5b66\u751f\u534a\u8896ins\u8d85\u706b\u7684\u4e0a\u8863\u4f53\u4f90\u6f6e"],"ptpC":"_mb_mls_10057922_wap-index_noab-noab","sale":"649","shopId":"1302408692","show":{"h":416,"img":"http://s11.mogucdn.com/mlcdn/55cf19/180620_81idi257gjk9kl4i61bel5kak5362_640x960.jpg_320x999.jpg","w":320},"showLarge":{"h":840,"img":"http://s11.mogucdn.com/mlcdn/55cf19/180620_81idi257gjk9kl4i61bel5kak5362_640x960.jpg_560x999.jpg","w":560},"title":"2018\u590f\u88c5\u65b0\u6b3e\u97e9\u8303t\u6064\u5973\u77ed\u8896\u5bbd\u677e\u767e\u642d\u97e9\u7248\u5b66\u751f\u534a\u8896ins\u8d85\u706b\u7684\u4e0a\u8863\u4f53\u4f90\u6f6e","titleTags":null,"type":2},{"acm":"3.ms.2_1_1m3a900.0.70869-69004.s026ur4QXbcKf.sd_117-c_2_32_395143192_2004646_20_0-t_-c1_10057922_nil_nil_0_2004646_23_0-lc_32","cfav":"1115","clientUrl":"http://item.meilishuo.com/h5/detail/1m3a900?acm=3.ms.2_1_1m3a900.0.70869-69004.s026ur4QXbcKf.sd_117-c_2_32_395143192_2004646_20_0-t_-c1_10057922_nil_nil_0_2004646_23_0-lc_32&cparam=MTUzODA1MzM2Nl8xZDJpa3g0Xzk3ZmJmNGJkZTQxNzZiNzNiNTlhZWNmMjM2MTViMzk4XzMyXzFfMzk1MTQzMTkyXzBfMjAwNDY0Nl8yMF8wXzMxMV8wXzA=","cparam":"MTUzODA1MzM2Nl8xZDJpa3g0Xzk3ZmJmNGJkZTQxNzZiNzNiNTlhZWNmMjM2MTViMzk4XzMyXzFfMzk1MTQzMTkyXzBfMjAwNDY0Nl8yMF8wXzMxMV8wXzA=","iid":"1m3a900","itemMarks":"1525","itemType":7,"leftbottom_taglist":["http://s2.mogucdn.com/p2/170307/1_5k6k8eiffl43633479294a49f8gci_60x28.png"],"lefttop_taglist":[],"link":"http://item.meilishuo.com/h5/detail/1m3a900?acm=3.ms.2_1_1m3a900.0.70869-69004.s026ur4QXbcKf.sd_117-c_2_32_395143192_2004646_20_0-t_-c1_10057922_nil_nil_0_2004646_23_0-lc_32&cparam=MTUzODA1MzM2Nl8xZDJpa3g0Xzk3ZmJmNGJkZTQxNzZiNzNiNTlhZWNmMjM2MTViMzk4XzMyXzFfMzk1MTQzMTkyXzBfMjAwNDY0Nl8yMF8wXzMxMV8wXzA=","orgPrice":"\uffe540.00","popularStar":null,"price":"28.00","props":["2\u4ef650\u5143qlz\u590f\u5b632018\u60c5\u4fa3\u88c5\u65b0\u6b3e\u5bbd\u677e\u5973\u97e9\u7248\u6f6e\u5b66\u751f\u767e\u642d\u7f51\u7ea2\u540c\u6b3e\u77ed\u8896T\u6064\u4e0a\u8863\u5c0f\u54e5\u54e5\u5370\u82b1"],"ptpC":"_mb_mls_10057922_wap-index_noab-noab","sale":"595","shopId":"21689974","show":{"h":416,"img":"http://s3.mogucdn.com/mlcdn/17f85e/180607_835hbfgcffaijjil95428cii1k9ef_640x960.jpg_320x999.jpg","w":320},"showLarge":{"h":840,"img":"http://s11.mogucdn.com/mlcdn/17f85e/180607_835hbfgcffaijjil95428cii1k9ef_640x960.jpg_560x999.jpg","w":560},"title":"2\u4ef650\u5143qlz\u590f\u5b632018\u60c5\u4fa3\u88c5\u65b0\u6b3e\u5bbd\u677e\u5973\u97e9\u7248\u6f6e\u5b66\u751f\u767e\u642d\u7f51\u7ea2\u540c\u6b3e\u77ed\u8896T\u6064\u4e0a\u8863\u5c0f\u54e5\u54e5\u5370\u82b1","titleTags":null,"type":2},{"acm":"3.ms.0_4_1m8gdf4.0.13385-69004.s026ur4QXbcKf.t_-sd_117-lc_16","cfav":48,"clientUrl":"http://item.meilishuo.com/h5/detail/1m8gdf4?acm=3.ms.0_4_1m8gdf4.0.13385-69004.s026ur4QXbcKf.t_-sd_117-lc_16","cparam":null,"iid":"1m8gdf4","itemMarks":"-1","itemType":5,"leftbottom_taglist":[],"lefttop_taglist":[],"link":"http://item.meilishuo.com/h5/detail/1m8gdf4?acm=3.ms.0_4_1m8gdf4.0.13385-69004.s026ur4QXbcKf.t_-sd_117-lc_16","orgPrice":"\uffe5149.90","popularStar":0,"price":"39.20","props":["\u65e9\u79cb\u65b0\u6b3e2018\u97e9\u7248ins\u8d85\u706b\u6e2f\u98ce\u6761\u7eb9\u957f\u8896\u96ea\u7eba\u886c\u886b\u6c14\u8d28\u767e\u642d\u5bbd\u677e\u663e\u7626chic\u4e0a\u8863\u6175\u61d2\u886c\u8863\u5973\u6f6e"],"ptpC":"_mb_mls_10057922_wap-index_noab-noab","sale":15609,"shopId":22533618,"show":{"h":416,"img":"http://s3.mogucdn.com/mlcdn/55cf19/180911_77hkba33lh2k52al9h406j8fl6ead_798x1197.jpg_320x999.jpg","w":320},"showLarge":{"h":840,"img":"http://s11.mogucdn.com/mlcdn/55cf19/180911_77hkba33lh2k52al9h406j8fl6ead_798x1197.jpg_560x999.jpg","w":560},"title":"\u65e9\u79cb\u65b0\u6b3e2018\u97e9\u7248ins\u8d85\u706b\u6e2f\u98ce\u6761\u7eb9\u957f\u8896\u96ea\u7eba\u886c\u886b\u6c14\u8d28\u767e\u642d\u5bbd\u677e\u663e\u7626chic\u4e0a\u8863\u6175\u61d2\u886c\u8863\u5973\u6f6e","titleTags":null,"type":2},{"acm":"3.ms.0_4_1m87vcm.0.13385-69004.s026ur4QXbcKf.t_-sd_117-lc_16","cfav":111,"clientUrl":"http://item.meilishuo.com/h5/detail/1m87vcm?acm=3.ms.0_4_1m87vcm.0.13385-69004.s026ur4QXbcKf.t_-sd_117-lc_16","cparam":null,"iid":"1m87vcm","itemMarks":"-1","itemType":5,"leftbottom_taglist":[],"lefttop_taglist":[],"link":"http://item.meilishuo.com/h5/detail/1m87vcm?acm=3.ms.0_4_1m87vcm.0.13385-69004.s026ur4QXbcKf.t_-sd_117-lc_16","orgPrice":"\uffe5155.00","popularStar":0,"price":"79.00","props":["\u73ca\u73ca2018\u79cb\u88c5\u65b0\u6b3e\u97e9\u7248\u767e\u642d\u4fee\u8eab\u663e\u7626\u6c14\u8d28\u751c\u7f8e\u8377\u53f6\u8fb9\u4e0b\u6446\u521d\u604b\u5973\u88d9\u857e\u4e1d\u62fc\u63a5\u957f\u8896\u9488\u7ec7\u8fde\u8863\u88d9"],"ptpC":"_mb_mls_10057922_wap-index_noab-noab","sale":11984,"shopId":1302423963,"show":{"h":416,"img":"http://s11.mogucdn.com/mlcdn/c45406/180906_09ce0e8a14l71k3ll34dah14j80kd_640x960.jpg_320x999.jpg","w":320},"showLarge":{"h":840,"img":"http://s11.mogucdn.com/mlcdn/c45406/180906_09ce0e8a14l71k3ll34dah14j80kd_640x960.jpg_560x999.jpg","w":560},"title":"\u73ca\u73ca2018\u79cb\u88c5\u65b0\u6b3e\u97e9\u7248\u767e\u642d\u4fee\u8eab\u663e\u7626\u6c14\u8d28\u751c\u7f8e\u8377\u53f6\u8fb9\u4e0b\u6446\u521d\u604b\u5973\u88d9\u857e\u4e1d\u62fc\u63a5\u957f\u8896\u9488\u7ec7\u8fde\u8863\u88d9","titleTags":null,"type":2},{"acm":"3.ms.2_1_1m3djgk.0.70869-69004.s026ur4QXbcKf.sd_117-c_2_32_393890050_1245764979_21_0-t_-c1_10057922_nil_nil_2_1245764979_30_0-lc_32","cfav":"377","clientUrl":"http://item.meilishuo.com/h5/detail/1m3djgk?acm=3.ms.2_1_1m3djgk.0.70869-69004.s026ur4QXbcKf.sd_117-c_2_32_393890050_1245764979_21_0-t_-c1_10057922_nil_nil_2_1245764979_30_0-lc_32&cparam=MTUzODA1MzM2Nl8xZDEwdjI0X2NlYTNmZWUzMjk5OGM2Njg5MjQxN2YxZmExMWY4NTY3XzMyXzJfMzkzODkwMDUwXzBfMF8yMV8wXzE4Nl8wXzA=","cparam":"MTUzODA1MzM2Nl8xZDEwdjI0X2NlYTNmZWUzMjk5OGM2Njg5MjQxN2YxZmExMWY4NTY3XzMyXzJfMzkzODkwMDUwXzBfMF8yMV8wXzE4Nl8wXzA=","iid":"1m3djgk","itemMarks":"-1","itemType":7,"leftbottom_taglist":[],"lefttop_taglist":[],"link":"http://item.meilishuo.com/h5/detail/1m3djgk?acm=3.ms.2_1_1m3djgk.0.70869-69004.s026ur4QXbcKf.sd_117-c_2_32_393890050_1245764979_21_0-t_-c1_10057922_nil_nil_2_1245764979_30_0-lc_32&cparam=MTUzODA1MzM2Nl8xZDEwdjI0X2NlYTNmZWUzMjk5OGM2Njg5MjQxN2YxZmExMWY4NTY3XzMyXzJfMzkzODkwMDUwXzBfMF8yMV8wXzE4Nl8wXzA=","orgPrice":"\uffe542.72","popularStar":null,"price":"29.90","props":["\u5bbd\u677e\u767d\u8272\u77ed\u8896T\u6064\u5973\u97e9\u7248\u534a\u8896\u4e0a\u8863\u5370\u82b12018\u590f\u5b63\u5973\u88c5\u65b0\u6b3e\u73ed\u670dins\u65f6\u5c1a\u767e\u642d\u5b66\u751f\u8863\u670d\u5927\u7801\u4f53\u6064"],"ptpC":"_mb_mls_10057922_wap-index_noab-noab","sale":"483","shopId":"22235597","show":{"h":416,"img":"http://s3.mogucdn.com/mlcdn/c45406/180605_445c0g87j0k130ja2di46cj9403h7_800x1200.jpg_320x999.jpg","w":320},"showLarge":{"h":840,"img":"http://s3.mogucdn.com/mlcdn/c45406/180605_445c0g87j0k130ja2di46cj9403h7_800x1200.jpg_560x999.jpg","w":560},"title":"\u5bbd\u677e\u767d\u8272\u77ed\u8896T\u6064\u5973\u97e9\u7248\u534a\u8896\u4e0a\u8863\u5370\u82b12018\u590f\u5b63\u5973\u88c5\u65b0\u6b3e\u73ed\u670dins\u65f6\u5c1a\u767e\u642d\u5b66\u751f\u8863\u670d\u5927\u7801\u4f53\u6064","titleTags":null,"type":2},{"acm":"3.ms.2_1_1m1d2os.0.70869-69004.s026ur4QXbcKf.sd_117-c_2_32_379462856_1212372585_22_0-t_-c1_10057922_nil_nil_2_1212372585_20_0-lc_32","cfav":"810","clientUrl":"http://item.meilishuo.com/h5/detail/1m1d2os?acm=3.ms.2_1_1m1d2os.0.70869-69004.s026ur4QXbcKf.sd_117-c_2_32_379462856_1212372585_22_0-t_-c1_10057922_nil_nil_2_1212372585_20_0-lc_32&cparam=MTUzODA1MzM2Nl8xY2p1ZXZjXzA5N2NjYzY0Y2I0YWZkYzMwOTBlMDM2YTU1ODFkYjAyXzMyXzNfMzc5NDYyODU2XzBfMF8yMl8wXzU2NV8wXzA=","cparam":"MTUzODA1MzM2Nl8xY2p1ZXZjXzA5N2NjYzY0Y2I0YWZkYzMwOTBlMDM2YTU1ODFkYjAyXzMyXzNfMzc5NDYyODU2XzBfMF8yMl8wXzU2NV8wXzA=","iid":"1m1d2os","itemMarks":"1525","itemType":7,"leftbottom_taglist":[],"lefttop_taglist":[],"link":"http://item.meilishuo.com/h5/detail/1m1d2os?acm=3.ms.2_1_1m1d2os.0.70869-69004.s026ur4QXbcKf.sd_117-c_2_32_379462856_1212372585_22_0-t_-c1_10057922_nil_nil_2_1212372585_20_0-lc_32&cparam=MTUzODA1MzM2Nl8xY2p1ZXZjXzA5N2NjYzY0Y2I0YWZkYzMwOTBlMDM2YTU1ODFkYjAyXzMyXzNfMzc5NDYyODU2XzBfMF8yMl8wXzU2NV8wXzA=","orgPrice":"\uffe556.00","popularStar":null,"price":"39.20","props":["2018\u6625\u590f\u65b0\u6b3e\u5973\u88c5\u5bbd\u677e\u6f6eV\u9886\u7834\u6d1e\u9542\u7a7a\u5b57\u6bcd\u5370\u82b1\u77ed\u8896T\u6064"],"ptpC":"_mb_mls_10057922_wap-index_noab-noab","sale":"443","shopId":"108443","show":{"h":416,"img":"http://s3.mogucdn.com/mlcdn/c45406/180514_1429jg0febkbdfk1ab3c8clah84cb_640x960.jpg_320x999.jpg","w":320},"showLarge":{"h":840,"img":"http://s3.mogucdn.com/mlcdn/c45406/180514_1429jg0febkbdfk1ab3c8clah84cb_640x960.jpg_560x999.jpg","w":560},"title":"2018\u6625\u590f\u65b0\u6b3e\u5973\u88c5\u5bbd\u677e\u6f6eV\u9886\u7834\u6d1e\u9542\u7a7a\u5b57\u6bcd\u5370\u82b1\u77ed\u8896T\u6064","titleTags":null,"type":2},{"acm":"3.ms.2_1_1lqnrto.0.70869-69004.s026ur4QXbcKf.sd_117-c_2_32_350016438_391979013_23_0-t_-c1_10057922_nil_nil_1_391979013_20_0-lc_32","cfav":"1185","clientUrl":"http://item.meilishuo.com/h5/detail/1lqnrto?acm=3.ms.2_1_1lqnrto.0.70869-69004.s026ur4QXbcKf.sd_117-c_2_32_350016438_391979013_23_0-t_-c1_10057922_nil_nil_1_391979013_20_0-lc_32&cparam=MTUzODA1MzM2Nl8xYmtzNHY4XzA0ZTUyN2YxMWZhMWI0OWIzZTVhOGZlNTJiZmU3YWNmXzMyXzRfMzUwMDE2NDM4XzBfMF8yM18wXzYzMl8wXzA=","cparam":"MTUzODA1MzM2Nl8xYmtzNHY4XzA0ZTUyN2YxMWZhMWI0OWIzZTVhOGZlNTJiZmU3YWNmXzMyXzRfMzUwMDE2NDM4XzBfMF8yM18wXzYzMl8wXzA=","iid":"1lqnrto","itemMarks":"1525","itemType":7,"leftbottom_taglist":[],"lefttop_taglist":[],"link":"http://item.meilishuo.com/h5/detail/1lqnrto?acm=3.ms.2_1_1lqnrto.0.70869-69004.s026ur4QXbcKf.sd_117-c_2_32_350016438_391979013_23_0-t_-c1_10057922_nil_nil_1_391979013_20_0-lc_32&cparam=MTUzODA1MzM2Nl8xYmtzNHY4XzA0ZTUyN2YxMWZhMWI0OWIzZTVhOGZlNTJiZmU3YWNmXzMyXzRfMzUwMDE2NDM4XzBfMF8yM18wXzYzMl8wXzA=","orgPrice":"\uffe557.00","popularStar":null,"price":"39.90","props":["2018\u6625\u590f\u88c5\u65b0\u6b3e\u4e0a\u8863\u5706\u9886\u4f11\u95f2\u767e\u642d\u97e9\u7248\u6253\u5e95\u886b\u7eaf\u8272\u767d\u8272\u68c9t\u6064\u5973\u77ed\u8896\u5bbd\u677e\u5b66\u751f\u534a\u8896tee\u60c5\u4fa3\u7537"],"ptpC":"_mb_mls_10057922_wap-index_noab-noab","sale":"423","shopId":"105755","show":{"h":416,"img":"http://s3.mogucdn.com/mlcdn/c45406/180122_5dh2dl7862136dkcfh0haaalc3517_640x960.jpg_320x999.jpg","w":320},"showLarge":{"h":840,"img":"http://s11.mogucdn.com/mlcdn/c45406/180122_5dh2dl7862136dkcfh0haaalc3517_640x960.jpg_560x999.jpg","w":560},"title":"2018\u6625\u590f\u88c5\u65b0\u6b3e\u4e0a\u8863\u5706\u9886\u4f11\u95f2\u767e\u642d\u97e9\u7248\u6253\u5e95\u886b\u7eaf\u8272\u767d\u8272\u68c9t\u6064\u5973\u77ed\u8896\u5bbd\u677e\u5b66\u751f\u534a\u8896tee\u60c5\u4fa3\u7537","titleTags":null,"type":2},{"acm":"3.ms.2_1_1m19k6y.0.70869-69004.s026ur4QXbcKf.sd_117-c_2_32_432055374_433439640_24_0-t_-c1_10057922_nil_nil_1_433439640_20_0-lc_32","cfav":"1167","clientUrl":"http://item.meilishuo.com/h5/detail/1m19k6y?acm=3.ms.2_1_1m19k6y.0.70869-69004.s026ur4QXbcKf.sd_117-c_2_32_432055374_433439640_24_0-t_-c1_10057922_nil_nil_1_433439640_20_0-lc_32&cparam=MTUzODA1MzM2Nl8xZWFndzV3X2ZjYjUwNDZiODBmZTBiZTIzNmU1OWVjYTUwNDA2OGZjXzMyXzVfNDMyMDU1Mzc0XzBfMF8yNF8wXzU2NV8wXzA=","cparam":"MTUzODA1MzM2Nl8xZWFndzV3X2ZjYjUwNDZiODBmZTBiZTIzNmU1OWVjYTUwNDA2OGZjXzMyXzVfNDMyMDU1Mzc0XzBfMF8yNF8wXzU2NV8wXzA=","iid":"1m19k6y","itemMarks":"1525","itemType":7,"leftbottom_taglist":[],"lefttop_taglist":[],"link":"http://item.meilishuo.com/h5/detail/1m19k6y?acm=3.ms.2_1_1m19k6y.0.70869-69004.s026ur4QXbcKf.sd_117-c_2_32_432055374_433439640_24_0-t_-c1_10057922_nil_nil_1_433439640_20_0-lc_32&cparam=MTUzODA1MzM2Nl8xZWFndzV3X2ZjYjUwNDZiODBmZTBiZTIzNmU1OWVjYTUwNDA2OGZjXzMyXzVfNDMyMDU1Mzc0XzBfMF8yNF8wXzU2NV8wXzA=","orgPrice":"\uffe570.00","popularStar":null,"price":"49.00","props":["2018\u6625\u590f\u65b0\u6b3e\u97e9\u8303\u957f\u8896\u767d\u8272\u886c\u886b\u5973\u767e\u642d\u5bbd\u677e\u4e2d\u957f\u6b3e\u68c9\u9ebb\u7acb\u9886\u97e9\u7248\u6253\u5e95\u886c\u8863"],"ptpC":"_mb_mls_10057922_wap-index_noab-noab","sale":"377","shopId":"108443","show":{"h":416,"img":"http://s11.mogucdn.com/mlcdn/c45406/180514_15272difihj7hg63gkakkg00hciaf_640x960.jpg_320x999.jpg","w":320},"showLarge":{"h":840,"img":"http://s3.mogucdn.com/mlcdn/c45406/180514_15272difihj7hg63gkakkg00hciaf_640x960.jpg_560x999.jpg","w":560},"title":"2018\u6625\u590f\u65b0\u6b3e\u97e9\u8303\u957f\u8896\u767d\u8272\u886c\u886b\u5973\u767e\u642d\u5bbd\u677e\u4e2d\u957f\u6b3e\u68c9\u9ebb\u7acb\u9886\u97e9\u7248\u6253\u5e95\u886c\u8863","titleTags":null,"type":2},{"acm":"3.ms.0_4_1m8lszk.0.13385-69004.s026ur4QXbcKf.t_-sd_117-lc_16","cfav":232,"clientUrl":"http://item.meilishuo.com/h5/detail/1m8lszk?acm=3.ms.0_4_1m8lszk.0.13385-69004.s026ur4QXbcKf.t_-sd_117-lc_16","cparam":null,"iid":"1m8lszk","itemMarks":"-1","itemType":5,"leftbottom_taglist":[],"lefttop_taglist":[],"link":"http://item.meilishuo.com/h5/detail/1m8lszk?acm=3.ms.0_4_1m8lszk.0.13385-69004.s026ur4QXbcKf.t_-sd_117-lc_16","orgPrice":"\uffe5169.00","popularStar":0,"price":"69.00","props":["\u660e\u661f\u540c\u6b3e2018\u79cb\u5b63\u65b0\u6b3e\u97e9\u7248\u5973\u88c5\u9ad8\u8170\u88d9\u5b50\u9488\u7ec7\u6bdb\u7ebf\u767e\u642d\u79cb\u51ac\u4e2d\u957f\u6b3e\u663e\u7626A\u5b57\u534a\u8eab\u88d9"],"ptpC":"_mb_mls_10057922_wap-index_noab-noab","sale":11717,"shopId":1302423963,"show":{"h":416,"img":"http://s11.mogucdn.com/mlcdn/c45406/180916_7j0dh9d7a1dlac84bf3jebj39fil0_640x812.jpg_320x999.jpg","w":320},"showLarge":{"h":711,"img":"http://s11.mogucdn.com/mlcdn/c45406/180916_7j0dh9d7a1dlac84bf3jebj39fil0_640x812.jpg_560x999.jpg","w":560},"title":"\u660e\u661f\u540c\u6b3e2018\u79cb\u5b63\u65b0\u6b3e\u97e9\u7248\u5973\u88c5\u9ad8\u8170\u88d9\u5b50\u9488\u7ec7\u6bdb\u7ebf\u767e\u642d\u79cb\u51ac\u4e2d\u957f\u6b3e\u663e\u7626A\u5b57\u534a\u8eab\u88d9","titleTags":null,"type":2},{"acm":"3.ms.0_4_1m7yitk.0.13385-69004.s026ur4QXbcKf.t_-sd_117-lc_16","cfav":231,"clientUrl":"http://item.meilishuo.com/h5/detail/1m7yitk?acm=3.ms.0_4_1m7yitk.0.13385-69004.s026ur4QXbcKf.t_-sd_117-lc_16","cparam":null,"iid":"1m7yitk","itemMarks":"-1","itemType":5,"leftbottom_taglist":[],"lefttop_taglist":[],"link":"http://item.meilishuo.com/h5/detail/1m7yitk?acm=3.ms.0_4_1m7yitk.0.13385-69004.s026ur4QXbcKf.t_-sd_117-lc_16","orgPrice":"\uffe578.58","popularStar":0,"price":"55.00","props":["2018\u79cb\u5b63\u65b0\u6b3e\u97e9\u8303\u6e05\u65b0\u5957\u88c5\u5bbd\u677e\u5706\u9886\u53ef\u7231\u5b66\u751f\u6761\u7eb9\u4e0a\u8863\u914d\u590d\u53e4\u9ad8\u8170\u76f4\u7b52\u88e4\u5b50\u7834\u6d1e\u725b\u4ed4\u88e4\u65f6\u5c1a\u4e24\u4ef6\u5957"],"ptpC":"_mb_mls_10057922_wap-index_noab-noab","sale":10152,"shopId":22533618,"show":{"h":416,"img":"http://s3.mogucdn.com/mlcdn/c45406/180901_024lb916jjb699j4dg56048e51jj6_640x960.jpg_320x999.jpg","w":320},"showLarge":{"h":840,"img":"http://s11.mogucdn.com/mlcdn/c45406/180901_024lb916jjb699j4dg56048e51jj6_640x960.jpg_560x999.jpg","w":560},"title":"2018\u79cb\u5b63\u65b0\u6b3e\u97e9\u8303\u6e05\u65b0\u5957\u88c5\u5bbd\u677e\u5706\u9886\u53ef\u7231\u5b66\u751f\u6761\u7eb9\u4e0a\u8863\u914d\u590d\u53e4\u9ad8\u8170\u76f4\u7b52\u88e4\u5b50\u7834\u6d1e\u725b\u4ed4\u88e4\u65f6\u5c1a\u4e24\u4ef6\u5957","titleTags":null,"type":2},{"acm":"3.ms.2_1_1lrpkxq.0.70869-69004.s026ur4QXbcKf.sd_117-c_2_32_355438940_1086616830_25_0-t_-c1_10057922_nil_nil_2_1086616830_30_0-lc_32","cfav":"5082","clientUrl":"http://item.meilishuo.com/h5/detail/1lrpkxq?acm=3.ms.2_1_1lrpkxq.0.70869-69004.s026ur4QXbcKf.sd_117-c_2_32_355438940_1086616830_25_0-t_-c1_10057922_nil_nil_2_1086616830_30_0-lc_32&cparam=MTUzODA1MzM2Nl8xYnI4a3hjXzA2NDMyMmFjODA2YWQ0YjU3YWRhYzZmZjE2ZDE3MTBmXzMyXzZfMzU1NDM4OTQwXzBfMF8yNV8wXzEwM18wXzA=","cparam":"MTUzODA1MzM2Nl8xYnI4a3hjXzA2NDMyMmFjODA2YWQ0YjU3YWRhYzZmZjE2ZDE3MTBmXzMyXzZfMzU1NDM4OTQwXzBfMF8yNV8wXzEwM18wXzA=","iid":"1lrpkxq","itemMarks":"1525 82","itemType":7,"leftbottom_taglist":[],"lefttop_taglist":[],"link":"http://item.meilishuo.com/h5/detail/1lrpkxq?acm=3.ms.2_1_1lrpkxq.0.70869-69004.s026ur4QXbcKf.sd_117-c_2_32_355438940_1086616830_25_0-t_-c1_10057922_nil_nil_2_1086616830_30_0-lc_32&cparam=MTUzODA1MzM2Nl8xYnI4a3hjXzA2NDMyMmFjODA2YWQ0YjU3YWRhYzZmZjE2ZDE3MTBmXzMyXzZfMzU1NDM4OTQwXzBfMF8yNV8wXzEwM18wXzA=","orgPrice":"\uffe556.00","popularStar":null,"price":"39.00","props":["\u3010\u4e24\u4ef659\u5143\u3011\u3010 \u964d\u4ef7\u5566\uff01\u30112018\u590f\u88c5\u65b0\u6b3e\u9ad8\u54c1\u8d28\u7eaf\u68c9t\u6064\u5973\u77ed\u8896\u767d\u8272\u5706\u9886\u5bbd\u677e\u5b66\u751f\u534a\u8896\u4e0a\u8863"],"ptpC":"_mb_mls_10057922_wap-index_noab-noab","sale":"350","shopId":"1302412599","show":{"h":416,"img":"http://s3.mogucdn.com/mlcdn/c45406/180302_58kc4dk5820fj4ihjdh3e4k2b3h4e_640x960.jpg_320x999.jpg","w":320},"showLarge":{"h":840,"img":"http://s11.mogucdn.com/mlcdn/c45406/180302_58kc4dk5820fj4ihjdh3e4k2b3h4e_640x960.jpg_560x999.jpg","w":560},"title":"\u3010\u4e24\u4ef659\u5143\u3011\u3010 \u964d\u4ef7\u5566\uff01\u30112018\u590f\u88c5\u65b0\u6b3e\u9ad8\u54c1\u8d28\u7eaf\u68c9t\u6064\u5973\u77ed\u8896\u767d\u8272\u5706\u9886\u5bbd\u677e\u5b66\u751f\u534a\u8896\u4e0a\u8863","titleTags":null,"type":2},{"acm":"3.ms.2_1_1lxjr56.0.70869-69004.s026ur4QXbcKf.sd_117-c_2_32_377420732_1155950429_26_0-t_-c1_10057922_nil_nil_2_1155950429_20_0-lc_32","cfav":"754","clientUrl":"http://item.meilishuo.com/h5/detail/1lxjr56?acm=3.ms.2_1_1lxjr56.0.70869-69004.s026ur4QXbcKf.sd_117-c_2_32_377420732_1155950429_26_0-t_-c1_10057922_nil_nil_2_1155950429_20_0-lc_32&cparam=MTUzODA1MzM2Nl8xY2hldmcwXzhlNTNlOTk3ZTJkM2E1NWY4Y2U0ZTM5ODEzYjQ4MDMyXzMyXzdfMzc3NDIwNzMyXzBfMF8yNl8wXzU2NV8wXzA=","cparam":"MTUzODA1MzM2Nl8xY2hldmcwXzhlNTNlOTk3ZTJkM2E1NWY4Y2U0ZTM5ODEzYjQ4MDMyXzMyXzdfMzc3NDIwNzMyXzBfMF8yNl8wXzU2NV8wXzA=","iid":"1lxjr56","itemMarks":"1525","itemType":7,"leftbottom_taglist":[],"lefttop_taglist":[],"link":"http://item.meilishuo.com/h5/detail/1lxjr56?acm=3.ms.2_1_1lxjr56.0.70869-69004.s026ur4QXbcKf.sd_117-c_2_32_377420732_1155950429_26_0-t_-c1_10057922_nil_nil_2_1155950429_20_0-lc_32&cparam=MTUzODA1MzM2Nl8xY2hldmcwXzhlNTNlOTk3ZTJkM2E1NWY4Y2U0ZTM5ODEzYjQ4MDMyXzMyXzdfMzc3NDIwNzMyXzBfMF8yNl8wXzU2NV8wXzA=","orgPrice":"\uffe557.00","popularStar":null,"price":"39.90","props":["2018\u65b0\u6b3e\u65e9\u6625\u6b3e\u97e9\u7248\u767e\u642d\u5bbd\u677e\u4f53\u6064\u523a\u7ee3\u5b57\u6bcd\u5706\u9886\u77ed\u8896T\u6064\u5973\u5b66\u751f\u4e0a\u8863\u670d\u6d0b\u6c14\u5c0f\u886b"],"ptpC":"_mb_mls_10057922_wap-index_noab-noab","sale":"335","shopId":"108443","show":{"h":416,"img":"http://s11.mogucdn.com/mlcdn/c45406/180416_4f73g9612ge2jja058g0gkhia406f_640x960.jpg_320x999.jpg","w":320},"showLarge":{"h":840,"img":"http://s3.mogucdn.com/mlcdn/c45406/180416_4f73g9612ge2jja058g0gkhia406f_640x960.jpg_560x999.jpg","w":560},"title":"2018\u65b0\u6b3e\u65e9\u6625\u6b3e\u97e9\u7248\u767e\u642d\u5bbd\u677e\u4f53\u6064\u523a\u7ee3\u5b57\u6bcd\u5706\u9886\u77ed\u8896T\u6064\u5973\u5b66\u751f\u4e0a\u8863\u670d\u6d0b\u6c14\u5c0f\u886b","titleTags":null,"type":2},{"acm":"3.ms.0_4_1m8lu4s.0.13385-69004.s026ur4QXbcKf.t_-sd_117-lc_16","cfav":9,"clientUrl":"http://item.meilishuo.com/h5/detail/1m8lu4s?acm=3.ms.0_4_1m8lu4s.0.13385-69004.s026ur4QXbcKf.t_-sd_117-lc_16","cparam":null,"iid":"1m8lu4s","itemMarks":"-1","itemType":5,"leftbottom_taglist":[],"lefttop_taglist":[],"link":"http://item.meilishuo.com/h5/detail/1m8lu4s?acm=3.ms.0_4_1m8lu4s.0.13385-69004.s026ur4QXbcKf.t_-sd_117-lc_16","orgPrice":"\uffe5169.00","popularStar":0,"price":"59.00","props":["\u5b9e\u62cd\u97e9\u72482018\u79cb\u51ac\u65b0\u6b3e\u5b66\u9662\u98ce\u767e\u642d\u9ad8\u8170\u663e\u7626PU\u76ae\u88d9\u4f1e\u88d9\u7cfb\u5e26\u9632\u8d70\u5149\u663e\u7626\u534a\u8eab\u88d9\u77ed\u88d9"],"ptpC":"_mb_mls_10057922_wap-index_noab-noab","sale":9714,"shopId":1302423963,"show":{"h":416,"img":"http://s11.mogucdn.com/mlcdn/c45406/180916_196h301k3fje7762dkhi5l6l99099_640x982.jpg_320x999.jpg","w":320},"showLarge":{"h":860,"img":"http://s11.mogucdn.com/mlcdn/c45406/180916_196h301k3fje7762dkhi5l6l99099_640x982.jpg_560x999.jpg","w":560},"title":"\u5b9e\u62cd\u97e9\u72482018\u79cb\u51ac\u65b0\u6b3e\u5b66\u9662\u98ce\u767e\u642d\u9ad8\u8170\u663e\u7626PU\u76ae\u88d9\u4f1e\u88d9\u7cfb\u5e26\u9632\u8d70\u5149\u663e\u7626\u534a\u8eab\u88d9\u77ed\u88d9","titleTags":null,"type":2},{"acm":"3.ms.0_4_1m7vau6.0.13385-69004.s026ur4QXbcKf.t_-sd_117-lc_16","cfav":103,"clientUrl":"http://item.meilishuo.com/h5/detail/1m7vau6?acm=3.ms.0_4_1m7vau6.0.13385-69004.s026ur4QXbcKf.t_-sd_117-lc_16","cparam":null,"iid":"1m7vau6","itemMarks":"1525","itemType":5,"leftbottom_taglist":[],"lefttop_taglist":[],"link":"http://item.meilishuo.com/h5/detail/1m7vau6?acm=3.ms.0_4_1m7vau6.0.13385-69004.s026ur4QXbcKf.t_-sd_117-lc_16","orgPrice":"\uffe584.29","popularStar":0,"price":"59.00","props":["\u65f6\u5c1a\u5957\u88c5\u59732018\u79cb\u5b63\u65b0\u6b3e\u97e9\u7248\u84dd\u8272\u5370\u82b1\u5b57\u6bcd\u957f\u8896\u536b\u8863+\u5bbd\u677e\u663e\u7626\u7834\u6d1e\u725b\u4ed4\u80cc\u5e26\u88e4\u4e24\u4ef6\u5957"],"ptpC":"_mb_mls_10057922_wap-index_noab-noab","sale":9182,"shopId":104471,"show":{"h":416,"img":"http://s11.mogucdn.com/mlcdn/c45406/180830_5fi3li32f7agal4hj9aihggc6lcb1_640x960.jpg_320x999.jpg","w":320},"showLarge":{"h":840,"img":"http://s3.mogucdn.com/mlcdn/c45406/180830_5fi3li32f7agal4hj9aihggc6lcb1_640x960.jpg_560x999.jpg","w":560},"title":"\u65f6\u5c1a\u5957\u88c5\u59732018\u79cb\u5b63\u65b0\u6b3e\u97e9\u7248\u84dd\u8272\u5370\u82b1\u5b57\u6bcd\u957f\u8896\u536b\u8863+\u5bbd\u677e\u663e\u7626\u7834\u6d1e\u725b\u4ed4\u80cc\u5e26\u88e4\u4e24\u4ef6\u5957","titleTags":null,"type":2},{"acm":"3.ms.2_1_1m3dm2o.0.70869-69004.s026ur4QXbcKf.sd_117-c_2_32_407263421_442159017_27_0-t_-c1_10057922_nil_nil_1_442159017_20_0-lc_32","cfav":"740","clientUrl":"http://item.meilishuo.com/h5/detail/1m3dm2o?acm=3.ms.2_1_1m3dm2o.0.70869-69004.s026ur4QXbcKf.sd_117-c_2_32_407263421_442159017_27_0-t_-c1_10057922_nil_nil_1_442159017_20_0-lc_32&cparam=MTUzODA1MzM2Nl8xZGd5NHo2Xzk2N2IxYmVmZmUyYmI5ODdmN2NlYmQxYjVhYjQzYzc1XzMyXzhfNDA3MjYzNDIxXzBfMF8yN18wXzU2NV8wXzA=","cparam":"MTUzODA1MzM2Nl8xZGd5NHo2Xzk2N2IxYmVmZmUyYmI5ODdmN2NlYmQxYjVhYjQzYzc1XzMyXzhfNDA3MjYzNDIxXzBfMF8yN18wXzU2NV8wXzA=","iid":"1m3dm2o","itemMarks":"1525","itemType":7,"leftbottom_taglist":[],"lefttop_taglist":[],"link":"http://item.meilishuo.com/h5/detail/1m3dm2o?acm=3.ms.2_1_1m3dm2o.0.70869-69004.s026ur4QXbcKf.sd_117-c_2_32_407263421_442159017_27_0-t_-c1_10057922_nil_nil_1_442159017_20_0-lc_32&cparam=MTUzODA1MzM2Nl8xZGd5NHo2Xzk2N2IxYmVmZmUyYmI5ODdmN2NlYmQxYjVhYjQzYzc1XzMyXzhfNDA3MjYzNDIxXzBfMF8yN18wXzU2NV8wXzA=","orgPrice":"\uffe542.71","popularStar":null,"price":"29.89","props":["2018\u590f\u88c5\u65b0\u6b3e\u4fee\u8eab\u663e\u7626\u6027\u611f\u62fc\u8272\u9488\u7ec7\u5973\u77ed\u6b3e\u97e9\u7248\u4f11\u95f2\u6253\u5e95\u886b\u4e0a\u8863\u540a\u5e26\u80cc\u5fc3"],"ptpC":"_mb_mls_10057922_wap-index_noab-noab","sale":"307","shopId":"108443","show":{"h":416,"img":"http://s11.mogucdn.com/mlcdn/c45406/180605_25ah46f6e61dk43g22i3cf6dckcf6_640x960.jpg_320x999.jpg","w":320},"showLarge":{"h":840,"img":"http://s3.mogucdn.com/mlcdn/c45406/180605_25ah46f6e61dk43g22i3cf6dckcf6_640x960.jpg_560x999.jpg","w":560},"title":"2018\u590f\u88c5\u65b0\u6b3e\u4fee\u8eab\u663e\u7626\u6027\u611f\u62fc\u8272\u9488\u7ec7\u5973\u77ed\u6b3e\u97e9\u7248\u4f11\u95f2\u6253\u5e95\u886b\u4e0a\u8863\u540a\u5e26\u80cc\u5fc3","titleTags":null,"type":2},{"acm":"3.ms.2_1_1ltf2tu.0.70869-69004.s026ur4QXbcKf.sd_117-c_2_32_362191657_466929722_28_0-t_-c1_10057922_nil_nil_1_466929722_30_0-lc_32","cfav":"535","clientUrl":"http://item.meilishuo.com/h5/detail/1ltf2tu?acm=3.ms.2_1_1ltf2tu.0.70869-69004.s026ur4QXbcKf.sd_117-c_2_32_362191657_466929722_28_0-t_-c1_10057922_nil_nil_1_466929722_30_0-lc_32&cparam=MTUzODA1MzM2Nl8xYnphMXNhXzkzYmY0MTk5OTgyNjQ3Njk1NDM1OGY2Mjk0YjEzYzhlXzMyXzlfMzYyMTkxNjU3XzBfMF8yOF8wXzk4XzBfMA==","cparam":"MTUzODA1MzM2Nl8xYnphMXNhXzkzYmY0MTk5OTgyNjQ3Njk1NDM1OGY2Mjk0YjEzYzhlXzMyXzlfMzYyMTkxNjU3XzBfMF8yOF8wXzk4XzBfMA==","iid":"1ltf2tu","itemMarks":"1525 352 351","itemType":7,"leftbottom_taglist":[],"lefttop_taglist":[],"link":"http://item.meilishuo.com/h5/detail/1ltf2tu?acm=3.ms.2_1_1ltf2tu.0.70869-69004.s026ur4QXbcKf.sd_117-c_2_32_362191657_466929722_28_0-t_-c1_10057922_nil_nil_1_466929722_30_0-lc_32&cparam=MTUzODA1MzM2Nl8xYnphMXNhXzkzYmY0MTk5OTgyNjQ3Njk1NDM1OGY2Mjk0YjEzYzhlXzMyXzlfMzYyMTkxNjU3XzBfMF8yOF8wXzk4XzBfMA==","orgPrice":"\uffe557.00","popularStar":null,"price":"39.90","props":["\u7eaf\u68c9\u767d\u8272t\u6064\u5973\u590f\u77ed\u8896\u4fee\u8eab\u77ed\u6b3e\u534a\u88962018\u65b0\u6b3e\u590f\u88c5\u7d27\u8eab\u9ed1\u8272\u4f53\u6064\u4e0a\u8863\u957f\u8896\u79cb\u51ac"],"ptpC":"_mb_mls_10057922_wap-index_noab-noab","sale":"290","shopId":"20149619","show":{"h":416,"img":"http://s11.mogucdn.com/mlcdn/c45406/180925_17cd358662ffc9jhah6bf6bl99c75_640x960.jpg_320x999.jpg","w":320},"showLarge":{"h":840,"img":"http://s3.mogucdn.com/mlcdn/c45406/180925_17cd358662ffc9jhah6bf6bl99c75_640x960.jpg_560x999.jpg","w":560},"title":"\u7eaf\u68c9\u767d\u8272t\u6064\u5973\u590f\u77ed\u8896\u4fee\u8eab\u77ed\u6b3e\u534a\u88962018\u65b0\u6b3e\u590f\u88c5\u7d27\u8eab\u9ed1\u8272\u4f53\u6064\u4e0a\u8863\u957f\u8896\u79cb\u51ac","titleTags":null,"type":2},{"acm":"3.ms.2_1_1lxjq0o.0.70869-69004.s026ur4QXbcKf.sd_117-c_2_32_365365834_1155937384_29_0-t_-c1_10057922_nil_nil_2_1155937384_20_0-lc_32","cfav":"1238","clientUrl":"http://item.meilishuo.com/h5/detail/1lxjq0o?acm=3.ms.2_1_1lxjq0o.0.70869-69004.s026ur4QXbcKf.sd_117-c_2_32_365365834_1155937384_29_0-t_-c1_10057922_nil_nil_2_1155937384_20_0-lc_32&cparam=MTUzODA1MzM2Nl8xYzMyNDdnXzg0YzE1Nzk2ODFmZjBkNTE1YzI3YWRkNmZjYzYzMjBkXzMyXzEwXzM2NTM2NTgzNF8wXzBfMjlfMF81NjVfMF8w","cparam":"MTUzODA1MzM2Nl8xYzMyNDdnXzg0YzE1Nzk2ODFmZjBkNTE1YzI3YWRkNmZjYzYzMjBkXzMyXzEwXzM2NTM2NTgzNF8wXzBfMjlfMF81NjVfMF8w","iid":"1lxjq0o","itemMarks":"1525 352 351","itemType":7,"leftbottom_taglist":[],"lefttop_taglist":[],"link":"http://item.meilishuo.com/h5/detail/1lxjq0o?acm=3.ms.2_1_1lxjq0o.0.70869-69004.s026ur4QXbcKf.sd_117-c_2_32_365365834_1155937384_29_0-t_-c1_10057922_nil_nil_2_1155937384_20_0-lc_32&cparam=MTUzODA1MzM2Nl8xYzMyNDdnXzg0YzE1Nzk2ODFmZjBkNTE1YzI3YWRkNmZjYzYzMjBkXzMyXzEwXzM2NTM2NTgzNF8wXzBfMjlfMF81NjVfMF8w","orgPrice":"\uffe570.00","popularStar":null,"price":"49.00","props":["2018\u590f\u5b63\u65b0\u6b3e\u7d2b\u8272\u767e\u642d\u6b3e\u5957\u5934\u5bbd\u677e\u5b66\u751fT\u6064\u5973\u4e0a\u8863\u6f6e4\u8272"],"ptpC":"_mb_mls_10057922_wap-index_noab-noab","sale":"198","shopId":"108443","show":{"h":416,"img":"http://s11.mogucdn.com/mlcdn/c45406/180611_8ahf5d6jh7gb9bjfll1f5bi33gil1_640x960.jpg_320x999.jpg","w":320},"showLarge":{"h":840,"img":"http://s11.mogucdn.com/mlcdn/c45406/180611_8ahf5d6jh7gb9bjfll1f5bi33gil1_640x960.jpg_560x999.jpg","w":560},"title":"2018\u590f\u5b63\u65b0\u6b3e\u7d2b\u8272\u767e\u642d\u6b3e\u5957\u5934\u5bbd\u677e\u5b66\u751fT\u6064\u5973\u4e0a\u8863\u6f6e4\u8272","titleTags":null,"type":2},{"acm":"3.ms.2_1_1lpmb9u.0.70869-69004.s026ur4QXbcKf.sd_117-c_2_32_385733390_388112958_30_0-t_-c1_10057922_nil_nil_1_388112958_20_0-lc_32","cfav":"362","clientUrl":"http://item.meilishuo.com/h5/detail/1lpmb9u?acm=3.ms.2_1_1lpmb9u.0.70869-69004.s026ur4QXbcKf.sd_117-c_2_32_385733390_388112958_30_0-t_-c1_10057922_nil_nil_1_388112958_20_0-lc_32&cparam=MTUzODA1MzM2Nl8xY3JiN21jXzkzODMzNTlkOTc0MWNiMTZhMzc3ZTk2ZGE0MWZmZmQwXzMyXzExXzM4NTczMzM5MF8wXzBfMzBfMF82MzJfMF8w","cparam":"MTUzODA1MzM2Nl8xY3JiN21jXzkzODMzNTlkOTc0MWNiMTZhMzc3ZTk2ZGE0MWZmZmQwXzMyXzExXzM4NTczMzM5MF8wXzBfMzBfMF82MzJfMF8w","iid":"1lpmb9u","itemMarks":"1525","itemType":7,"leftbottom_taglist":[],"lefttop_taglist":[],"link":"http://item.meilishuo.com/h5/detail/1lpmb9u?acm=3.ms.2_1_1lpmb9u.0.70869-69004.s026ur4QXbcKf.sd_117-c_2_32_385733390_388112958_30_0-t_-c1_10057922_nil_nil_1_388112958_20_0-lc_32&cparam=MTUzODA1MzM2Nl8xY3JiN21jXzkzODMzNTlkOTc0MWNiMTZhMzc3ZTk2ZGE0MWZmZmQwXzMyXzExXzM4NTczMzM5MF8wXzBfMzBfMF82MzJfMF8w","orgPrice":"\uffe557.00","popularStar":null,"price":"39.90","props":["2018\u6625\u590f\u88c5\u65b0\u6b3e\u4e0a\u8863\u5706\u9886\u4f11\u95f2\u767e\u642d\u97e9\u7248\u6253\u5e95\u886b\u7eaf\u8272\u767d\u8272\u68c9t\u6064\u5973\u77ed\u8896\u5bbd\u677e\u5b66\u751f\u534a\u8896tee\u60c5\u4fa3\u7537"],"ptpC":"_mb_mls_10057922_wap-index_noab-noab","sale":"175","shopId":"105755","show":{"h":416,"img":"http://s3.mogucdn.com/mlcdn/c45406/180108_3h9bdl88ci7cea6l0652fjiek8j9g_640x960.jpg_320x999.jpg","w":320},"showLarge":{"h":840,"img":"http://s11.mogucdn.com/mlcdn/c45406/180108_3h9bdl88ci7cea6l0652fjiek8j9g_640x960.jpg_560x999.jpg","w":560},"title":"2018\u6625\u590f\u88c5\u65b0\u6b3e\u4e0a\u8863\u5706\u9886\u4f11\u95f2\u767e\u642d\u97e9\u7248\u6253\u5e95\u886b\u7eaf\u8272\u767d\u8272\u68c9t\u6064\u5973\u77ed\u8896\u5bbd\u677e\u5b66\u751f\u534a\u8896tee\u60c5\u4fa3\u7537","titleTags":null,"type":2},{"acm":"3.ms.0_4_1m7yiwk.0.13385-69004.s026ur4QXbcKf.t_-sd_117-lc_16","cfav":166,"clientUrl":"http://item.meilishuo.com/h5/detail/1m7yiwk?acm=3.ms.0_4_1m7yiwk.0.13385-69004.s026ur4QXbcKf.t_-sd_117-lc_16","cparam":null,"iid":"1m7yiwk","itemMarks":"-1","itemType":5,"leftbottom_taglist":[],"lefttop_taglist":[],"link":"http://item.meilishuo.com/h5/detail/1m7yiwk?acm=3.ms.0_4_1m7yiwk.0.13385-69004.s026ur4QXbcKf.t_-sd_117-lc_16","orgPrice":"\uffe584.29","popularStar":0,"price":"59.00","props":["2018\u79cb\u5b63\u65b0\u54c1\u97e9\u8303\u4f11\u95f2\u5bbd\u677e\u767e\u642d\u725b\u4ed4\u5916\u5957\u6c14\u8d28\u663e\u7626\u4e2d\u957f\u6b3e\u540a\u5e26\u8fde\u8863\u88d9\u5957\u88c5"],"ptpC":"_mb_mls_10057922_wap-index_noab-noab","sale":8988,"shopId":22533618,"show":{"h":416,"img":"http://s11.mogucdn.com/mlcdn/c45406/180901_60e7c737k66c4i5f7bj50l38c91ie_640x960.jpg_320x999.jpg","w":320},"showLarge":{"h":840,"img":"http://s3.mogucdn.com/mlcdn/c45406/180901_60e7c737k66c4i5f7bj50l38c91ie_640x960.jpg_560x999.jpg","w":560},"title":"2018\u79cb\u5b63\u65b0\u54c1\u97e9\u8303\u4f11\u95f2\u5bbd\u677e\u767e\u642d\u725b\u4ed4\u5916\u5957\u6c14\u8d28\u663e\u7626\u4e2d\u957f\u6b3e\u540a\u5e26\u8fde\u8863\u88d9\u5957\u88c5","titleTags":null,"type":2},{"acm":"3.ms.0_4_1klchjq.0.13385-69004.s026ur4QXbcKf.t_-sd_117-lc_16","cfav":2928,"clientUrl":"http://item.meilishuo.com/h5/detail/1klchjq?acm=3.ms.0_4_1klchjq.0.13385-69004.s026ur4QXbcKf.t_-sd_117-lc_16","cparam":null,"iid":"1klchjq","itemMarks":"1525 2 138 82 61 172","itemType":5,"leftbottom_taglist":[],"lefttop_taglist":[],"link":"http://item.meilishuo.com/h5/detail/1klchjq?acm=3.ms.0_4_1klchjq.0.13385-69004.s026ur4QXbcKf.t_-sd_117-lc_16","orgPrice":"\uffe584.29","popularStar":0,"price":"59.00","props":["2018\u6625\u79cb\u5b63\u5973\u88c5\u65b0\u6b3e\u97e9\u7248\u5973\u683c\u5b50\u886c\u886b\u524d\u77ed\u540e\u957f\u9488\u7ec7\u767e\u642d\u5f00\u886b\u5916\u5957\u76f4\u7b52\u725b\u4ed4\u88e4\u4e24\u4ef6\u5957\u4e09\u4ef6\u5957\u65f6\u5c1a\u5957\u88c5"],"ptpC":"_mb_mls_10057922_wap-index_noab-noab","sale":8192,"shopId":109314,"show":{"h":416,"img":"http://s11.mogucdn.com/mlcdn/c45406/170924_152hjhlji2bfh01ej874ihi32kjl8_640x960.jpg_320x999.jpg","w":320},"showLarge":{"h":840,"img":"http://s3.mogucdn.com/mlcdn/c45406/170924_152hjhlji2bfh01ej874ihi32kjl8_640x960.jpg_560x999.jpg","w":560},"title":"2018\u6625\u79cb\u5b63\u5973\u88c5\u65b0\u6b3e\u97e9\u7248\u5973\u683c\u5b50\u886c\u886b\u524d\u77ed\u540e\u957f\u9488\u7ec7\u767e\u642d\u5f00\u886b\u5916\u5957\u76f4\u7b52\u725b\u4ed4\u88e4\u4e24\u4ef6\u5957\u4e09\u4ef6\u5957\u65f6\u5c1a\u5957\u88c5","titleTags":null,"type":2},{"acm":"3.ms.2_1_1k8efpw.0.70869-69004.s026ur4QXbcKf.sd_117-c_2_32_395000695_231647987_31_0-t_-c1_10057922_nil_nil_1_231647987_20_0-lc_32","cfav":"1125","clientUrl":"http://item.meilishuo.com/h5/detail/1k8efpw?acm=3.ms.2_1_1k8efpw.0.70869-69004.s026ur4QXbcKf.sd_117-c_2_32_395000695_231647987_31_0-t_-c1_10057922_nil_nil_1_231647987_20_0-lc_32&cparam=MTUzODA1MzM2Nl8xZDJjaDBtXzk3Y2U0NDI4NWMwYmFiNGUyYzE2MDIwYzdhYjcwYTU5XzMyXzEyXzM5NTAwMDY5NV8wXzBfMzFfMF8xMzFfMF8w","cparam":"MTUzODA1MzM2Nl8xZDJjaDBtXzk3Y2U0NDI4NWMwYmFiNGUyYzE2MDIwYzdhYjcwYTU5XzMyXzEyXzM5NTAwMDY5NV8wXzBfMzFfMF8xMzFfMF8w","iid":"1k8efpw","itemMarks":"1525","itemType":7,"leftbottom_taglist":[],"lefttop_taglist":[],"link":"http://item.meilishuo.com/h5/detail/1k8efpw?acm=3.ms.2_1_1k8efpw.0.70869-69004.s026ur4QXbcKf.sd_117-c_2_32_395000695_231647987_31_0-t_-c1_10057922_nil_nil_1_231647987_20_0-lc_32&cparam=MTUzODA1MzM2Nl8xZDJjaDBtXzk3Y2U0NDI4NWMwYmFiNGUyYzE2MDIwYzdhYjcwYTU5XzMyXzEyXzM5NTAwMDY5NV8wXzBfMzFfMF8xMzFfMF8w","orgPrice":"\uffe555.72","popularStar":null,"price":"39.00","props":["2018\u590f\u5b63\u65b0\u6b3e\u7eaf\u8272\u4f53\u6064\u97e9\u7248\u767d\u8272\u77ed\u8896T\u6064\u5973\u767e\u642d\u5b66\u751f\u9ed1\u8272\u5bbd\u677e\u5706\u9886\u4e0a\u8863\u663e\u7626\u6253\u5e95\u886b"],"ptpC":"_mb_mls_10057922_wap-index_noab-noab","sale":"158","shopId":"137747","show":{"h":416,"img":"http://s11.mogucdn.com/p2/170310/89187459_176ced5dd1lk16ggeadh7j6i3hg8g_640x960.jpg_320x999.jpg","w":320},"showLarge":{"h":840,"img":"http://s3.mogucdn.com/p2/170310/89187459_176ced5dd1lk16ggeadh7j6i3hg8g_640x960.jpg_560x999.jpg","w":560},"title":"2018\u590f\u5b63\u65b0\u6b3e\u7eaf\u8272\u4f53\u6064\u97e9\u7248\u767d\u8272\u77ed\u8896T\u6064\u5973\u767e\u642d\u5b66\u751f\u9ed1\u8272\u5bbd\u677e\u5706\u9886\u4e0a\u8863\u663e\u7626\u6253\u5e95\u886b","titleTags":null,"type":2},{"acm":"3.ms.2_1_1m7qqsw.0.70869-69004.s026ur4QXbcKf.sd_117-c_2_32_435540025_461239717_32_0-t_-c1_10057922_nil_nil_1_461239717_30_0-lc_32","cfav":"457","clientUrl":"http://item.meilishuo.com/h5/detail/1m7qqsw?acm=3.ms.2_1_1m7qqsw.0.70869-69004.s026ur4QXbcKf.sd_117-c_2_32_435540025_461239717_32_0-t_-c1_10057922_nil_nil_1_461239717_30_0-lc_32&cparam=MTUzODA1MzM2Nl8xZWVtOXBtX2Y0MTEzYjIzYzlmNDU2M2Q1N2U4YTVlNGJiMTAxMWVlXzMyXzEzXzQzNTU0MDAyNV8wXzBfMzJfMF83NTFfMF8w","cparam":"MTUzODA1MzM2Nl8xZWVtOXBtX2Y0MTEzYjIzYzlmNDU2M2Q1N2U4YTVlNGJiMTAxMWVlXzMyXzEzXzQzNTU0MDAyNV8wXzBfMzJfMF83NTFfMF8w","iid":"1m7qqsw","itemMarks":"1525 82","itemType":7,"leftbottom_taglist":[],"lefttop_taglist":[],"link":"http://item.meilishuo.com/h5/detail/1m7qqsw?acm=3.ms.2_1_1m7qqsw.0.70869-69004.s026ur4QXbcKf.sd_117-c_2_32_435540025_461239717_32_0-t_-c1_10057922_nil_nil_1_461239717_30_0-lc_32&cparam=MTUzODA1MzM2Nl8xZWVtOXBtX2Y0MTEzYjIzYzlmNDU2M2Q1N2U4YTVlNGJiMTAxMWVlXzMyXzEzXzQzNTU0MDAyNV8wXzBfMzJfMF83NTFfMF8w","orgPrice":"\uffe5142.00","popularStar":null,"price":"99.40","props":["2018\u79cb\u51ac\u65b0\u6b3e\u7f51\u7ea2\u6027\u611f\u6b27\u6839\u7eb1\u8774\u8776\u9886\u7ed3\u4e0a\u8863+\u9ad8\u8170\u663e\u7626\u534a\u8eab\u76ae\u88d92\u4ef6\u5957\u5957\u88c5"],"ptpC":"_mb_mls_10057922_wap-index_noab-noab","sale":"135","shopId":"21229125","show":{"h":416,"img":"http://s11.mogucdn.com/mlcdn/55cf19/180827_1l1278e9l144ih07kjdbk58ea0046_640x960.jpg_320x999.jpg","w":320},"showLarge":{"h":840,"img":"http://s3.mogucdn.com/mlcdn/55cf19/180827_1l1278e9l144ih07kjdbk58ea0046_640x960.jpg_560x999.jpg","w":560},"title":"2018\u79cb\u51ac\u65b0\u6b3e\u7f51\u7ea2\u6027\u611f\u6b27\u6839\u7eb1\u8774\u8776\u9886\u7ed3\u4e0a\u8863+\u9ad8\u8170\u663e\u7626\u534a\u8eab\u76ae\u88d92\u4ef6\u5957\u5957\u88c5","titleTags":null,"type":2},{"acm":"3.ms.0_4_1m77714.0.13385-69004.s026ur4QXbcKf.t_-sd_117-lc_16","cfav":255,"clientUrl":"http://item.meilishuo.com/h5/detail/1m77714?acm=3.ms.0_4_1m77714.0.13385-69004.s026ur4QXbcKf.t_-sd_117-lc_16","cparam":null,"iid":"1m77714","itemMarks":"-1","itemType":5,"leftbottom_taglist":[],"lefttop_taglist":[],"link":"http://item.meilishuo.com/h5/detail/1m77714?acm=3.ms.0_4_1m77714.0.13385-69004.s026ur4QXbcKf.t_-sd_117-lc_16","orgPrice":"\uffe5157.00","popularStar":0,"price":"109.90","props":["2018\u65b0\u6b3e\u79cb\u88c5\u886c\u886b+\u6536\u8170\u9a6c\u7532+\u4f11\u95f2\u88e4\u540d\u5a9b\u8d85\u706b\u65f6\u5c1a\u5957\u88c5\u5973\u6d0b\u6c14\u4e09\u4ef6\u5957\u5973J14"],"ptpC":"_mb_mls_10057922_wap-index_noab-noab","sale":8079,"shopId":1302424394,"show":{"h":416,"img":"http://s11.mogucdn.com/mlcdn/c45406/180813_587cl37ikbj5ah47lbi0c098eehk4_640x960.jpg_320x999.jpg","w":320},"showLarge":{"h":840,"img":"http://s3.mogucdn.com/mlcdn/c45406/180813_587cl37ikbj5ah47lbi0c098eehk4_640x960.jpg_560x999.jpg","w":560},"title":"2018\u65b0\u6b3e\u79cb\u88c5\u886c\u886b+\u6536\u8170\u9a6c\u7532+\u4f11\u95f2\u88e4\u540d\u5a9b\u8d85\u706b\u65f6\u5c1a\u5957\u88c5\u5973\u6d0b\u6c14\u4e09\u4ef6\u5957\u5973J14","titleTags":null,"type":2},{"acm":"3.ms.0_4_1klmgwa.0.13385-69004.s026ur4QXbcKf.t_-sd_117-lc_16","cfav":1987,"clientUrl":"http://item.meilishuo.com/h5/detail/1klmgwa?acm=3.ms.0_4_1klmgwa.0.13385-69004.s026ur4QXbcKf.t_-sd_117-lc_16","cparam":null,"iid":"1klmgwa","itemMarks":"82","itemType":5,"leftbottom_taglist":[],"lefttop_taglist":[],"link":"http://item.meilishuo.com/h5/detail/1klmgwa?acm=3.ms.0_4_1klmgwa.0.13385-69004.s026ur4QXbcKf.t_-sd_117-lc_16","orgPrice":"\uffe599.00","popularStar":0,"price":"69.30","props":["\u73b0\u8d27\u79d2\u53d1~2018\u6625\u79cb\u65b0\u6b3e\u5957\u88c5\u6761\u7eb9\u886c\u886b\u4e0d\u89c4\u5219\u62fc\u63a5V\u9886\u7834\u9a6c\u7532\u70df\u7070\u8272\u94c5\u7b14\u5c0f\u811a\u725b\u4ed4\u88e4\u5957\u88c5\u4e09\u4ef6\u5957"],"ptpC":"_mb_mls_10057922_wap-index_noab-noab","sale":5289,"shopId":147976,"show":{"h":416,"img":"http://s3.mogucdn.com/mlcdn/c45406/170925_1kjjfb8iae7dcdjgc131l246bki3l_640x960.jpg_320x999.jpg","w":320},"showLarge":{"h":840,"img":"http://s11.mogucdn.com/mlcdn/c45406/170925_1kjjfb8iae7dcdjgc131l246bki3l_640x960.jpg_560x999.jpg","w":560},"title":"\u73b0\u8d27\u79d2\u53d1~2018\u6625\u79cb\u65b0\u6b3e\u5957\u88c5\u6761\u7eb9\u886c\u886b\u4e0d\u89c4\u5219\u62fc\u63a5V\u9886\u7834\u9a6c\u7532\u70df\u7070\u8272\u94c5\u7b14\u5c0f\u811a\u725b\u4ed4\u88e4\u5957\u88c5\u4e09\u4ef6\u5957","titleTags":null,"type":2},{"acm":"3.ms.2_1_1lqntnw.0.70869-69004.s026ur4QXbcKf.sd_117-c_2_32_385733073_391985364_33_0-t_-c1_10057922_nil_nil_1_391985364_20_0-lc_32","cfav":"452","clientUrl":"http://item.meilishuo.com/h5/detail/1lqntnw?acm=3.ms.2_1_1lqntnw.0.70869-69004.s026ur4QXbcKf.sd_117-c_2_32_385733073_391985364_33_0-t_-c1_10057922_nil_nil_1_391985364_20_0-lc_32&cparam=MTUzODA1MzM2Nl8xY3JiNzRxXzU3ODc0ODFkOTY3ZjQ5NjBlMjBiNDY3YjRmOGViYTQ1XzMyXzE0XzM4NTczMzA3M18wXzBfMzNfMF82MzJfMF8w","cparam":"MTUzODA1MzM2Nl8xY3JiNzRxXzU3ODc0ODFkOTY3ZjQ5NjBlMjBiNDY3YjRmOGViYTQ1XzMyXzE0XzM4NTczMzA3M18wXzBfMzNfMF82MzJfMF8w","iid":"1lqntnw","itemMarks":"1525","itemType":7,"leftbottom_taglist":[],"lefttop_taglist":[],"link":"http://item.meilishuo.com/h5/detail/1lqntnw?acm=3.ms.2_1_1lqntnw.0.70869-69004.s026ur4QXbcKf.sd_117-c_2_32_385733073_391985364_33_0-t_-c1_10057922_nil_nil_1_391985364_20_0-lc_32&cparam=MTUzODA1MzM2Nl8xY3JiNzRxXzU3ODc0ODFkOTY3ZjQ5NjBlMjBiNDY3YjRmOGViYTQ1XzMyXzE0XzM4NTczMzA3M18wXzBfMzNfMF82MzJfMF8w","orgPrice":"\uffe557.00","popularStar":null,"price":"39.90","props":["2018\u6625\u590f\u88c5\u65b0\u6b3e\u4e0a\u8863\u5706\u9886\u4f11\u95f2\u767e\u642d\u97e9\u7248\u6253\u5e95\u886b\u7eaf\u8272\u767d\u8272\u68c9t\u6064\u5973\u77ed\u8896\u5bbd\u677e\u5b66\u751f\u534a\u8896tee\u60c5\u4fa3\u7537"],"ptpC":"_mb_mls_10057922_wap-index_noab-noab","sale":"121","shopId":"105755","show":{"h":416,"img":"http://s3.mogucdn.com/mlcdn/c45406/180122_10lhb8hchk599902dk1ldec9077ad_640x989.jpg_320x999.jpg","w":320},"showLarge":{"h":866,"img":"http://s11.mogucdn.com/mlcdn/c45406/180122_10lhb8hchk599902dk1ldec9077ad_640x989.jpg_560x999.jpg","w":560},"title":"2018\u6625\u590f\u88c5\u65b0\u6b3e\u4e0a\u8863\u5706\u9886\u4f11\u95f2\u767e\u642d\u97e9\u7248\u6253\u5e95\u886b\u7eaf\u8272\u767d\u8272\u68c9t\u6064\u5973\u77ed\u8896\u5bbd\u677e\u5b66\u751f\u534a\u8896tee\u60c5\u4fa3\u7537","titleTags":null,"type":2},{"acm":"3.ms.2_1_1m7kote.0.70869-69004.s026ur4QXbcKf.sd_117-c_2_32_443917446_460484124_34_0-t_-c1_10057922_nil_nil_1_460484124_30_0-lc_32","cfav":"320","clientUrl":"http://item.meilishuo.com/h5/detail/1m7kote?acm=3.ms.2_1_1m7kote.0.70869-69004.s026ur4QXbcKf.sd_117-c_2_32_443917446_460484124_34_0-t_-c1_10057922_nil_nil_1_460484124_30_0-lc_32&cparam=MTUzODA1MzM2Nl8xZW9sZHR3XzVlZDFmMWEyMTc2YmVkNmZlNGI5NGU2ZTQ4Y2NjMDMyXzMyXzE1XzQ0MzkxNzQ0Nl8wXzBfMzRfMF8xN18wXzA=","cparam":"MTUzODA1MzM2Nl8xZW9sZHR3XzVlZDFmMWEyMTc2YmVkNmZlNGI5NGU2ZTQ4Y2NjMDMyXzMyXzE1XzQ0MzkxNzQ0Nl8wXzBfMzRfMF8xN18wXzA=","iid":"1m7kote","itemMarks":"-1","itemType":7,"leftbottom_taglist":[],"lefttop_taglist":[],"link":"http://item.meilishuo.com/h5/detail/1m7kote?acm=3.ms.2_1_1m7kote.0.70869-69004.s026ur4QXbcKf.sd_117-c_2_32_443917446_460484124_34_0-t_-c1_10057922_nil_nil_1_460484124_30_0-lc_32&cparam=MTUzODA1MzM2Nl8xZW9sZHR3XzVlZDFmMWEyMTc2YmVkNmZlNGI5NGU2ZTQ4Y2NjMDMyXzMyXzE1XzQ0MzkxNzQ0Nl8wXzBfMzRfMF8xN18wXzA=","orgPrice":"\uffe540.00","popularStar":null,"price":"40.00","props":["\u6625\u79cb2018ins\u8d85\u706b\u7684\u65b0\u6b3e\u97e9\u7248\u7b80\u7ea6\u767e\u642d\u5bbd\u677e\u5b57\u6bcd\u5370\u82b1\u957f\u8896T\u6064\u5b66\u751f\u4f11\u95f2\u4f53\u6064\u663e\u7626\u4e0a\u8863\u6f6e"],"ptpC":"_mb_mls_10057922_wap-index_noab-noab","sale":"120","shopId":"1302404510","show":{"h":416,"img":"http://s3.mogucdn.com/mlcdn/55cf19/180823_65bk4i19ff244if74226eeb4lchdc_640x960.jpg_320x999.jpg","w":320},"showLarge":{"h":840,"img":"http://s11.mogucdn.com/mlcdn/55cf19/180823_65bk4i19ff244if74226eeb4lchdc_640x960.jpg_560x999.jpg","w":560},"title":"\u6625\u79cb2018ins\u8d85\u706b\u7684\u65b0\u6b3e\u97e9\u7248\u7b80\u7ea6\u767e\u642d\u5bbd\u677e\u5b57\u6bcd\u5370\u82b1\u957f\u8896T\u6064\u5b66\u751f\u4f11\u95f2\u4f53\u6064\u663e\u7626\u4e0a\u8863\u6f6e","titleTags":null,"type":2},{"acm":"3.ms.2_1_1m1glwg.0.70869-69004.s026ur4QXbcKf.sd_117-c_2_32_381288001_435062811_35_0-t_-c1_10057922_nil_nil_1_435062811_20_0-lc_32","cfav":"430","clientUrl":"http://item.meilishuo.com/h5/detail/1m1glwg?acm=3.ms.2_1_1m1glwg.0.70869-69004.s026ur4QXbcKf.sd_117-c_2_32_381288001_435062811_35_0-t_-c1_10057922_nil_nil_1_435062811_20_0-lc_32&cparam=MTUzODA1MzM2Nl8xY20wbmdhX2I5MTQ0ZDdlMTlkY2M0MzU3ODg3NzFmYWY0OTQzYThkXzMyXzE2XzM4MTI4ODAwMV8wXzBfMzVfMF81NjVfMF8w","cparam":"MTUzODA1MzM2Nl8xY20wbmdhX2I5MTQ0ZDdlMTlkY2M0MzU3ODg3NzFmYWY0OTQzYThkXzMyXzE2XzM4MTI4ODAwMV8wXzBfMzVfMF81NjVfMF8w","iid":"1m1glwg","itemMarks":"1525","itemType":7,"leftbottom_taglist":[],"lefttop_taglist":[],"link":"http://item.meilishuo.com/h5/detail/1m1glwg?acm=3.ms.2_1_1m1glwg.0.70869-69004.s026ur4QXbcKf.sd_117-c_2_32_381288001_435062811_35_0-t_-c1_10057922_nil_nil_1_435062811_20_0-lc_32&cparam=MTUzODA1MzM2Nl8xY20wbmdhX2I5MTQ0ZDdlMTlkY2M0MzU3ODg3NzFmYWY0OTQzYThkXzMyXzE2XzM4MTI4ODAwMV8wXzBfMzVfMF81NjVfMF8w","orgPrice":"\uffe570.00","popularStar":null,"price":"49.00","props":["2018\u590f\u5b63\u65b0\u6b3e\u97e9\u7248\u4e1d\u7ef8\u7c89\u8272ins\u8d85\u706b\u4e1d\u6ed1\u5fb7\u8299\u675f\u817f\u4e5d\u5206\u88e4\u4f11\u95f2\u8fd0\u52a8\u88e4\u5973\u6f6e"],"ptpC":"_mb_mls_10057922_wap-index_noab-noab","sale":"104","shopId":"108443","show":{"h":416,"img":"http://s11.mogucdn.com/mlcdn/c45406/180517_45lgaj2gf08h8egc4820ek82bi18i_640x960.jpg_320x999.jpg","w":320},"showLarge":{"h":840,"img":"http://s11.mogucdn.com/mlcdn/c45406/180517_45lgaj2gf08h8egc4820ek82bi18i_640x960.jpg_560x999.jpg","w":560},"title":"2018\u590f\u5b63\u65b0\u6b3e\u97e9\u7248\u4e1d\u7ef8\u7c89\u8272ins\u8d85\u706b\u4e1d\u6ed1\u5fb7\u8299\u675f\u817f\u4e5d\u5206\u88e4\u4f11\u95f2\u8fd0\u52a8\u88e4\u5973\u6f6e","titleTags":null,"type":2},{"acm":"3.ms.2_1_1ls1dp8.0.70869-69004.s026ur4QXbcKf.sd_117-c_2_32_355438209_1089475971_36_0-t_-c1_10057922_nil_nil_2_1089475971_30_0-lc_32","cfav":"661","clientUrl":"http://item.meilishuo.com/h5/detail/1ls1dp8?acm=3.ms.2_1_1ls1dp8.0.70869-69004.s026ur4QXbcKf.sd_117-c_2_32_355438209_1089475971_36_0-t_-c1_10057922_nil_nil_2_1089475971_30_0-lc_32&cparam=MTUzODA1MzM2Nl8xYnI4anNxXzYwMTE5NmViYTlkN2M5NjI5OWExMDZkYzFlNmZlY2M0XzMyXzE3XzM1NTQzODIwOV8wXzBfMzZfMF8xMDNfMF8w","cparam":"MTUzODA1MzM2Nl8xYnI4anNxXzYwMTE5NmViYTlkN2M5NjI5OWExMDZkYzFlNmZlY2M0XzMyXzE3XzM1NTQzODIwOV8wXzBfMzZfMF8xMDNfMF8w","iid":"1ls1dp8","itemMarks":"1525","itemType":7,"leftbottom_taglist":[],"lefttop_taglist":[],"link":"http://item.meilishuo.com/h5/detail/1ls1dp8?acm=3.ms.2_1_1ls1dp8.0.70869-69004.s026ur4QXbcKf.sd_117-c_2_32_355438209_1089475971_36_0-t_-c1_10057922_nil_nil_2_1089475971_30_0-lc_32&cparam=MTUzODA1MzM2Nl8xYnI4anNxXzYwMTE5NmViYTlkN2M5NjI5OWExMDZkYzFlNmZlY2M0XzMyXzE3XzM1NTQzODIwOV8wXzBfMzZfMF8xMDNfMF8w","orgPrice":"\uffe556.00","popularStar":null,"price":"39.00","props":["2018\u590f\u88c5\u65b0\u6b3e\u9ad8\u54c1\u8d28\u77ed\u8896t\u6064\u5973\u7eaf\u68c9\u5706\u9886\u5bbd\u677e\u663e\u7626\u97e9\u7248\u5b66\u751f\u5973\u88c5"],"ptpC":"_mb_mls_10057922_wap-index_noab-noab","sale":"93","shopId":"1302412599","show":{"h":416,"img":"http://s11.mogucdn.com/mlcdn/c45406/180305_2ljefab431fgach9g3b1gl72li11f_640x960.jpg_320x999.jpg","w":320},"showLarge":{"h":840,"img":"http://s11.mogucdn.com/mlcdn/c45406/180305_2ljefab431fgach9g3b1gl72li11f_640x960.jpg_560x999.jpg","w":560},"title":"2018\u590f\u88c5\u65b0\u6b3e\u9ad8\u54c1\u8d28\u77ed\u8896t\u6064\u5973\u7eaf\u68c9\u5706\u9886\u5bbd\u677e\u663e\u7626\u97e9\u7248\u5b66\u751f\u5973\u88c5","titleTags":null,"type":2}],"page":2,"param":{"_mgjuuid":"c07f80ab-5548-4496-9e41-7ea76a2af4aa","cKey":"wap-index","cpcEventId":70005,"cpc_offset":0,"eventId":70003,"fcid":"10057922","page":"2","ptpPartC":"_mb_mls_10057922_wap-index_noab-noab","ptpWallCpc":"_wall_cpc","ptpWallDoc":"_wall_docs","section":"0","sort":"sell"},"ptpPartC":"_mb_mls_10057922_wap-index_noab-noab","sort":"sell","title":"\u7f8e\u4e3d\u8bf4wap\u9996\u9875","total":41769},"returnCode":"1001","returnMessage":null,"success":true}
