{"data":{"cpc_offset":0,"filter":{"list":[{"fcid":"10057922","sort":"pop","style":null,"title":"\u6d41\u884c","type":"sort"},{"fcid":"10057922","sort":"sell","style":null,"title":"\u70ed\u9500","type":"sort"},{"fcid":"10057922","sort":"new","style":null,"title":"\u4e0a\u65b0","type":"sort"}],"title":"\u7f8e\u4e3d\u8bf4wap\u9996\u9875"},"isEnd":false,"list":[{"acm":"3.ms.0_4_1m6oh8e.0.13385-69004.s026vr4QXel4V.t_-sd_117-lc_16","cfav":93,"clientUrl":"http://item.meilishuo.com/h5/detail/1m6oh8e?acm=3.ms.0_4_1m6oh8e.0.13385-69004.s026vr4QXel4V.t_-sd_117-lc_16","cparam":null,"iid":"1m6oh8e","itemMarks":"1525","itemType":5,"leftbottom_taglist":[],"lefttop_taglist":[],"link":"http://item.meilishuo.com/h5/detail/1m6oh8e?acm=3.ms.0_4_1m6oh8e.0.13385-69004.s026vr4QXel4V.t_-sd_117-lc_16","orgPrice":"\uffe5110.00","popularStar":0,"price":"77.00","props":["2018\u79cb\u5b63\u65b0\u6b3e\u65f6\u5c1a\u5957\u88c5\u97e9\u7248\u767e\u642d\u4e2a\u6027\u62fc\u8272\u8fde\u5e3d\u98ce\u8863\u5916\u5957\u9ad8\u8170\u663e\u7626\u7834\u6d1e\u725b\u4ed4\u88e4\u5c0f\u811a\u88e4\u4e24\u4ef6\u5957"],"ptpC":"_mb_mls_10057922_wap-index_noab-noab","sale":5275,"shopId":10759068,"show":{"h":416,"img":"http://s3.mogucdn.com/mlcdn/c45406/180731_682dgekcb3f8i8i864l485kf0i4lf_640x960.jpg_320x999.jpg","w":320},"showLarge":{"h":840,"img":"http://s11.mogucdn.com/mlcdn/c45406/180731_682dgekcb3f8i8i864l485kf0i4lf_640x960.jpg_560x999.jpg","w":560},"title":"2018\u79cb\u5b63\u65b0\u6b3e\u65f6\u5c1a\u5957\u88c5\u97e9\u7248\u767e\u642d\u4e2a\u6027\u62fc\u8272\u8fde\u5e3d\u98ce\u8863\u5916\u5957\u9ad8\u8170\u663e\u7626\u7834\u6d1e\u725b\u4ed4\u88e4\u5c0f\u811a\u88e4\u4e24\u4ef6\u5957","titleTags":null,"type":2},{"acm":"3.ms.0_4_1lqe6pa.0.13385-69004.s026vr4QXel4V.t_-sd_117-lc_16","cfav":10,"clientUrl":"http://item.meilishuo.com/h5/detail/1lqe6pa?acm=3.ms.0_4_1lqe6pa.0.13385-69004.s026vr4QXel4V.t_-sd_117-lc_16","cparam":null,"iid":"1lqe6pa","itemMarks":"1525 1232","itemType":5,"leftbottom_taglist":[],"lefttop_taglist":[],"link":"http://item.meilishuo.com/h5/detail/1lqe6pa?acm=3.ms.0_4_1lqe6pa.0.13385-69004.s026vr4QXel4V.t_-sd_117-lc_16","orgPrice":"\uffe599.00","popularStar":0,"price":"99.00","props":["\u8fd0\u52a8\u5957\u88c5\u59732018\u6625\u88c5\u65b0\u6b3e\u97e9\u7248\u65f6\u5c1a\u5706\u9886\u5957\u5934\u536b\u8863\u4f11\u95f2\u5957\u88c5\u957f\u8896\u4e24\u4ef6\u5957"],"ptpC":"_mb_mls_10057922_wap-index_noab-noab","sale":5256,"shopId":1300347521,"show":{"h":416,"img":"http://s11.mogucdn.com/mlcdn/c45406/180401_4j5fc88d3hillkc22g5ij4l1jd217_800x800.jpg_320x999.jpg","w":320},"showLarge":{"h":560,"img":"http://s11.mogucdn.com/mlcdn/c45406/180401_4j5fc88d3hillkc22g5ij4l1jd217_800x800.jpg_560x999.jpg","w":560},"title":"\u8fd0\u52a8\u5957\u88c5\u59732018\u6625\u88c5\u65b0\u6b3e\u97e9\u7248\u65f6\u5c1a\u5706\u9886\u5957\u5934\u536b\u8863\u4f11\u95f2\u5957\u88c5\u957f\u8896\u4e24\u4ef6\u5957","titleTags":null,"type":2},{"acm":"3.ms.2_1_1m8ky96.0.70869-69004.s026vr4QXel4V.sd_117-c_2_32_442327723_0_37_0-t_-c1_10057922_nil_nil_0_0_30_0-lc_32","cfav":"85","clientUrl":"http://item.meilishuo.com/h5/detail/1m8ky96?acm=3.ms.2_1_1m8ky96.0.70869-69004.s026vr4QXel4V.sd_117-c_2_32_442327723_0_37_0-t_-c1_10057922_nil_nil_0_0_30_0-lc_32&cparam=MTUzODA1MzM3OF8xZW1wOGp5X2I5MjFkNWI2ODU5MDA2YjgwYjljMTU5YmJmM2FhMjAxXzMyXzBfNDQyMzI3NzIzXzBfMF8zN18wXzYzMF8wXzA=","cparam":"MTUzODA1MzM3OF8xZW1wOGp5X2I5MjFkNWI2ODU5MDA2YjgwYjljMTU5YmJmM2FhMjAxXzMyXzBfNDQyMzI3NzIzXzBfMF8zN18wXzYzMF8wXzA=","iid":"1m8ky96","itemMarks":"1525","itemType":7,"leftbottom_taglist":["http://s2.mogucdn.com/p2/170307/1_53je1gbj88bjheidae4al1le4h94i_60x28.png"],"lefttop_taglist":[],"link":"http://item.meilishuo.com/h5/detail/1m8ky96?acm=3.ms.2_1_1m8ky96.0.70869-69004.s026vr4QXel4V.sd_117-c_2_32_442327723_0_37_0-t_-c1_10057922_nil_nil_0_0_30_0-lc_32&cparam=MTUzODA1MzM3OF8xZW1wOGp5X2I5MjFkNWI2ODU5MDA2YjgwYjljMTU5YmJmM2FhMjAxXzMyXzBfNDQyMzI3NzIzXzBfMF8zN18wXzYzMF8wXzA=","orgPrice":"\uffe549.00","popularStar":null,"price":"49.00","props":["\u3010\u4e24\u4ef679\u5143\u3011\u534a\u9ad8\u9886\u6253\u5e95\u886b\u59732018\u65b0\u6b3e\u79cb\u51ac\u767d\u8272\u52a0\u7ed2\u52a0\u539a\u7d27\u8eab\u957f\u8896t\u6064\u97e9\u7248ins\u8d85\u706b\u7684\u4e0a\u8863"],"ptpC":"_mb_mls_10057922_wap-index_noab-noab","sale":"126","shopId":"1302423961","show":{"h":416,"img":"http://s11.mogucdn.com/mlcdn/c45406/180915_6d523b1i35c6873a212396j3c1652_800x800.jpg_320x999.jpg","w":320},"showLarge":{"h":560,"img":"http://s11.mogucdn.com/mlcdn/c45406/180915_6d523b1i35c6873a212396j3c1652_800x800.jpg_560x999.jpg","w":560},"title":"\u3010\u4e24\u4ef679\u5143\u3011\u534a\u9ad8\u9886\u6253\u5e95\u886b\u59732018\u65b0\u6b3e\u79cb\u51ac\u767d\u8272\u52a0\u7ed2\u52a0\u539a\u7d27\u8eab\u957f\u8896t\u6064\u97e9\u7248ins\u8d85\u706b\u7684\u4e0a\u8863","titleTags":null,"type":2},{"acm":"3.ms.2_1_1lxnnys.0.70869-69004.s026vr4QXel4V.sd_117-c_2_32_363481235_418906847_38_0-t_-c1_10057922_nil_nil_1_418906847_20_0-lc_32","cfav":"450","clientUrl":"http://item.meilishuo.com/h5/detail/1lxnnys?acm=3.ms.2_1_1lxnnys.0.70869-69004.s026vr4QXel4V.sd_117-c_2_32_363481235_418906847_38_0-t_-c1_10057922_nil_nil_1_418906847_20_0-lc_32&cparam=MTUzODA1MzM3OF8xYzB0YnZpXzhlOTY1MzU0OWJhNjg2NzU5ZDUzNTIzY2VmOTg3YzZiXzMyXzFfMzYzNDgxMjM1XzBfMF8zOF8wXzMxMV8wXzA=","cparam":"MTUzODA1MzM3OF8xYzB0YnZpXzhlOTY1MzU0OWJhNjg2NzU5ZDUzNTIzY2VmOTg3YzZiXzMyXzFfMzYzNDgxMjM1XzBfMF8zOF8wXzMxMV8wXzA=","iid":"1lxnnys","itemMarks":"1525","itemType":7,"leftbottom_taglist":["http://s2.mogucdn.com/p2/170307/1_5k6k8eiffl43633479294a49f8gci_60x28.png"],"lefttop_taglist":[],"link":"http://item.meilishuo.com/h5/detail/1lxnnys?acm=3.ms.2_1_1lxnnys.0.70869-69004.s026vr4QXel4V.sd_117-c_2_32_363481235_418906847_38_0-t_-c1_10057922_nil_nil_1_418906847_20_0-lc_32&cparam=MTUzODA1MzM3OF8xYzB0YnZpXzhlOTY1MzU0OWJhNjg2NzU5ZDUzNTIzY2VmOTg3YzZiXzMyXzFfMzYzNDgxMjM1XzBfMF8zOF8wXzMxMV8wXzA=","orgPrice":"\uffe540.00","popularStar":null,"price":"28.00","props":["2\u4ef650\u5143\u73ed\u670d\u590f\u5b63t\u6064\u5973\u77ed\u8896\u5bbd\u677e\u5b66\u751f\u60c5\u4fa3\u88c5\u590f\u88c52018\u65b0\u6b3e\u97e9\u7248ulzzang\u767e\u642d\u8863\u670d\u6f6e\u5bbd\u677e"],"ptpC":"_mb_mls_10057922_wap-index_noab-noab","sale":"83","shopId":"21689974","show":{"h":416,"img":"http://s11.mogucdn.com/mlcdn/c45406/180416_359hjeljbc1djcf29db75b11j401c_640x960.jpg_320x999.jpg","w":320},"showLarge":{"h":840,"img":"http://s11.mogucdn.com/mlcdn/c45406/180416_359hjeljbc1djcf29db75b11j401c_640x960.jpg_560x999.jpg","w":560},"title":"2\u4ef650\u5143\u73ed\u670d\u590f\u5b63t\u6064\u5973\u77ed\u8896\u5bbd\u677e\u5b66\u751f\u60c5\u4fa3\u88c5\u590f\u88c52018\u65b0\u6b3e\u97e9\u7248ulzzang\u767e\u642d\u8863\u670d\u6f6e\u5bbd\u677e","titleTags":null,"type":2},{"acm":"3.ms.0_4_1lr3zdg.0.13385-69004.s026vr4QXel4V.t_-sd_117-lc_16","cfav":489,"clientUrl":"http://item.meilishuo.com/h5/detail/1lr3zdg?acm=3.ms.0_4_1lr3zdg.0.13385-69004.s026vr4QXel4V.t_-sd_117-lc_16","cparam":null,"iid":"1lr3zdg","itemMarks":"1525","itemType":5,"leftbottom_taglist":[],"lefttop_taglist":[],"link":"http://item.meilishuo.com/h5/detail/1lr3zdg?acm=3.ms.0_4_1lr3zdg.0.13385-69004.s026vr4QXel4V.t_-sd_117-lc_16","orgPrice":"\uffe598.58","popularStar":0,"price":"69.00","props":["2018\u5916\u5957\u5973\u79cb\u5b63\u65b0\u6b3e\u5973\u88c5\u65f6\u5c1a\u5957\u88c5\u5973\u97e9\u7248\u5bbd\u677e\u6761\u7eb9\u68d2\u7403\u670d\u5916\u5957\u62fc\u8272\u7c89\u8fb9\u725b\u4ed4\u88e4\u5b50\u5957\u88c5\u4e24\u4ef6\u5957"],"ptpC":"_mb_mls_10057922_wap-index_noab-noab","sale":4918,"shopId":109683,"show":{"h":416,"img":"http://s11.mogucdn.com/mlcdn/c45406/180129_6370dj299hlcg15fc3l7fi9l4i4l7_640x960.jpg_320x999.jpg","w":320},"showLarge":{"h":840,"img":"http://s3.mogucdn.com/mlcdn/c45406/180129_6370dj299hlcg15fc3l7fi9l4i4l7_640x960.jpg_560x999.jpg","w":560},"title":"2018\u5916\u5957\u5973\u79cb\u5b63\u65b0\u6b3e\u5973\u88c5\u65f6\u5c1a\u5957\u88c5\u5973\u97e9\u7248\u5bbd\u677e\u6761\u7eb9\u68d2\u7403\u670d\u5916\u5957\u62fc\u8272\u7c89\u8fb9\u725b\u4ed4\u88e4\u5b50\u5957\u88c5\u4e24\u4ef6\u5957","titleTags":null,"type":2},{"acm":"3.ms.0_4_1m70y5k.0.13385-69004.s026vr4QXel4V.t_-sd_117-lc_16","cfav":49,"clientUrl":"http://item.meilishuo.com/h5/detail/1m70y5k?acm=3.ms.0_4_1m70y5k.0.13385-69004.s026vr4QXel4V.t_-sd_117-lc_16","cparam":null,"iid":"1m70y5k","itemMarks":"1525 353 181","itemType":5,"leftbottom_taglist":[],"lefttop_taglist":[],"link":"http://item.meilishuo.com/h5/detail/1m70y5k?acm=3.ms.0_4_1m70y5k.0.13385-69004.s026vr4QXel4V.t_-sd_117-lc_16","orgPrice":"\uffe584.29","popularStar":0,"price":"59.00","props":["2018\u79cb\u5b63\u65b0\u6b3e\u97e9\u7248\u767e\u642d\u683c\u5b50\u957f\u8896\u886c\u886b+\u524d\u77ed\u540e\u957f\u9488\u7ec7\u6c14\u8d28\u5f00\u886b\u5916\u5957+\u9ad8\u8170\u76f4\u7b52\u4e5d\u5206\u725b\u4ed4\u88e4\u4e09\u4ef6\u5957\u88c5"],"ptpC":"_mb_mls_10057922_wap-index_noab-noab","sale":4886,"shopId":10664478,"show":{"h":416,"img":"http://s11.mogucdn.com/mlcdn/c45406/180808_600abce0g8dc8i4f6ic7k27i7837l_640x960.jpg_320x999.jpg","w":320},"showLarge":{"h":840,"img":"http://s3.mogucdn.com/mlcdn/c45406/180808_600abce0g8dc8i4f6ic7k27i7837l_640x960.jpg_560x999.jpg","w":560},"title":"2018\u79cb\u5b63\u65b0\u6b3e\u97e9\u7248\u767e\u642d\u683c\u5b50\u957f\u8896\u886c\u886b+\u524d\u77ed\u540e\u957f\u9488\u7ec7\u6c14\u8d28\u5f00\u886b\u5916\u5957+\u9ad8\u8170\u76f4\u7b52\u4e5d\u5206\u725b\u4ed4\u88e4\u4e09\u4ef6\u5957\u88c5","titleTags":null,"type":2},{"acm":"3.ms.2_1_1m7dvsq.0.70869-69004.s026vr4QXel4V.sd_117-c_2_32_438963142_459649299_39_0-t_-c1_10057922_nil_nil_1_459649299_30_0-lc_32","cfav":"126","clientUrl":"http://item.meilishuo.com/h5/detail/1m7dvsq?acm=3.ms.2_1_1m7dvsq.0.70869-69004.s026vr4QXel4V.sd_117-c_2_32_438963142_459649299_39_0-t_-c1_10057922_nil_nil_1_459649299_30_0-lc_32&cparam=MTUzODA1MzM3OF8xZWlwMGFzX2NjNGQwZjE2ZDkwNGQ2ZmFkOGZiZWZlZDM4ZGFiYjBhXzMyXzJfNDM4OTYzMTQyXzBfMF8zOV8wXzI1M18wXzA=","cparam":"MTUzODA1MzM3OF8xZWlwMGFzX2NjNGQwZjE2ZDkwNGQ2ZmFkOGZiZWZlZDM4ZGFiYjBhXzMyXzJfNDM4OTYzMTQyXzBfMF8zOV8wXzI1M18wXzA=","iid":"1m7dvsq","itemMarks":"1525 352 351","itemType":7,"leftbottom_taglist":[],"lefttop_taglist":[],"link":"http://item.meilishuo.com/h5/detail/1m7dvsq?acm=3.ms.2_1_1m7dvsq.0.70869-69004.s026vr4QXel4V.sd_117-c_2_32_438963142_459649299_39_0-t_-c1_10057922_nil_nil_1_459649299_30_0-lc_32&cparam=MTUzODA1MzM3OF8xZWlwMGFzX2NjNGQwZjE2ZDkwNGQ2ZmFkOGZiZWZlZDM4ZGFiYjBhXzMyXzJfNDM4OTYzMTQyXzBfMF8zOV8wXzI1M18wXzA=","orgPrice":"\uffe555.72","popularStar":null,"price":"39.00","props":["2018\u6625\u79cb\u51ac\u767d\u8272\u4f53\u6064\u5973\u957f\u8896\u5bbd\u677et\u6064\u5973\u6253\u5e95\u886b\u97e9\u7248\u65b0\u6b3e\u5706\u9886\u7eaf\u68c9\u767e\u642d\u4e0a\u8863"],"ptpC":"_mb_mls_10057922_wap-index_noab-noab","sale":"80","shopId":"22051955","show":{"h":416,"img":"http://s11.mogucdn.com/mlcdn/c45406/180818_6af8ahi7989ac3fc59g6ib2b6laj2_640x960.jpg_320x999.jpg","w":320},"showLarge":{"h":840,"img":"http://s11.mogucdn.com/mlcdn/c45406/180818_6af8ahi7989ac3fc59g6ib2b6laj2_640x960.jpg_560x999.jpg","w":560},"title":"2018\u6625\u79cb\u51ac\u767d\u8272\u4f53\u6064\u5973\u957f\u8896\u5bbd\u677et\u6064\u5973\u6253\u5e95\u886b\u97e9\u7248\u65b0\u6b3e\u5706\u9886\u7eaf\u68c9\u767e\u642d\u4e0a\u8863","titleTags":null,"type":2},{"acm":"3.ms.2_1_1m23ppo.0.70869-69004.s026vr4QXel4V.sd_117-c_2_32_387443194_436773857_40_0-t_-c1_10057922_nil_nil_1_436773857_30_0-lc_32","cfav":"88","clientUrl":"http://item.meilishuo.com/h5/detail/1m23ppo?acm=3.ms.2_1_1m23ppo.0.70869-69004.s026vr4QXel4V.sd_117-c_2_32_387443194_436773857_40_0-t_-c1_10057922_nil_nil_1_436773857_30_0-lc_32&cparam=MTUzODA1MzM3OF8xY3RjaTdnX2MzNGVlOTcwNTYxNDFmZWE1NmY3YzkzMmRhY2RmMGYwXzMyXzNfMzg3NDQzMTk0XzBfMF80MF8wXzUzNF8wXzA=","cparam":"MTUzODA1MzM3OF8xY3RjaTdnX2MzNGVlOTcwNTYxNDFmZWE1NmY3YzkzMmRhY2RmMGYwXzMyXzNfMzg3NDQzMTk0XzBfMF80MF8wXzUzNF8wXzA=","iid":"1m23ppo","itemMarks":"1525","itemType":7,"leftbottom_taglist":[],"lefttop_taglist":[],"link":"http://item.meilishuo.com/h5/detail/1m23ppo?acm=3.ms.2_1_1m23ppo.0.70869-69004.s026vr4QXel4V.sd_117-c_2_32_387443194_436773857_40_0-t_-c1_10057922_nil_nil_1_436773857_30_0-lc_32&cparam=MTUzODA1MzM3OF8xY3RjaTdnX2MzNGVlOTcwNTYxNDFmZWE1NmY3YzkzMmRhY2RmMGYwXzMyXzNfMzg3NDQzMTk0XzBfMF80MF8wXzUzNF8wXzA=","orgPrice":"\uffe550.00","popularStar":null,"price":"35.00","props":["\u301059\u51432\u4ef6\u3011\u6761\u7eb9\u7eaf\u68c9\u8fd0\u52a8\u77ed\u88e4\u59732018\u6625\u590f\u65b0\u6b3e\u97e9\u7248\u5bbd\u677e\u663e\u7626\u4f11\u95f2\u88e4\u5b66\u751f\u8dd1\u6b65\u4e09\u5206\u88e4"],"ptpC":"_mb_mls_10057922_wap-index_noab-noab","sale":"72","shopId":"109875","show":{"h":416,"img":"http://s3.mogucdn.com/mlcdn/c45406/180522_21l7lb0acallifbl6d6ael74h45c3_640x960.jpg_320x999.jpg","w":320},"showLarge":{"h":840,"img":"http://s3.mogucdn.com/mlcdn/c45406/180522_21l7lb0acallifbl6d6ael74h45c3_640x960.jpg_560x999.jpg","w":560},"title":"\u301059\u51432\u4ef6\u3011\u6761\u7eb9\u7eaf\u68c9\u8fd0\u52a8\u77ed\u88e4\u59732018\u6625\u590f\u65b0\u6b3e\u97e9\u7248\u5bbd\u677e\u663e\u7626\u4f11\u95f2\u88e4\u5b66\u751f\u8dd1\u6b65\u4e09\u5206\u88e4","titleTags":null,"type":2},{"acm":"3.ms.2_1_1m6m71q.0.70869-69004.s026vr4QXel4V.sd_117-c_2_32_439949209_456227425_41_0-t_-c1_10057922_nil_nil_1_456227425_30_0-lc_32","cfav":"77","clientUrl":"http://item.meilishuo.com/h5/detail/1m6m71q?acm=3.ms.2_1_1m6m71q.0.70869-69004.s026vr4QXel4V.sd_117-c_2_32_439949209_456227425_41_0-t_-c1_10057922_nil_nil_1_456227425_30_0-lc_32&cparam=MTUzODA1MzM3OF8xZWp2YTBhXzI1ZGE3ZmMzNzcyNTQxMTg0MDJmOGM4YjFmNWQwY2U4XzMyXzRfNDM5OTQ5MjA5XzBfMF80MV8wXzI4OV8wXzA=","cparam":"MTUzODA1MzM3OF8xZWp2YTBhXzI1ZGE3ZmMzNzcyNTQxMTg0MDJmOGM4YjFmNWQwY2U4XzMyXzRfNDM5OTQ5MjA5XzBfMF80MV8wXzI4OV8wXzA=","iid":"1m6m71q","itemMarks":"352 351","itemType":7,"leftbottom_taglist":[],"lefttop_taglist":[],"link":"http://item.meilishuo.com/h5/detail/1m6m71q?acm=3.ms.2_1_1m6m71q.0.70869-69004.s026vr4QXel4V.sd_117-c_2_32_439949209_456227425_41_0-t_-c1_10057922_nil_nil_1_456227425_30_0-lc_32&cparam=MTUzODA1MzM3OF8xZWp2YTBhXzI1ZGE3ZmMzNzcyNTQxMTg0MDJmOGM4YjFmNWQwY2U4XzMyXzRfNDM5OTQ5MjA5XzBfMF80MV8wXzI4OV8wXzA=","orgPrice":"\uffe585.00","popularStar":null,"price":"59.50","props":["\u9ed1\u8272\u534a\u9ad8\u9886\u6253\u5e95\u886b\u5973\u4fee\u8eab\u957f\u8896\u4e0a\u8863\u79cb\u51ac\u767e\u642d\u4e2d\u9886\u7eaf\u68c9\u79cb\u88632018\u6625\u79cb\u65b0\u6b3e\u8584"],"ptpC":"_mb_mls_10057922_wap-index_noab-noab","sale":"72","shopId":"1302410005","show":{"h":416,"img":"http://s3.mogucdn.com/mlcdn/c45406/180730_697eaeelf9g5e41j5f52b14ggej8f_640x960.jpg_320x999.jpg","w":320},"showLarge":{"h":840,"img":"http://s11.mogucdn.com/mlcdn/c45406/180730_697eaeelf9g5e41j5f52b14ggej8f_640x960.jpg_560x999.jpg","w":560},"title":"\u9ed1\u8272\u534a\u9ad8\u9886\u6253\u5e95\u886b\u5973\u4fee\u8eab\u957f\u8896\u4e0a\u8863\u79cb\u51ac\u767e\u642d\u4e2d\u9886\u7eaf\u68c9\u79cb\u88632018\u6625\u79cb\u65b0\u6b3e\u8584","titleTags":null,"type":2},{"acm":"3.ms.2_1_1m7kotq.0.70869-69004.s026vr4QXel4V.sd_117-c_2_32_443917449_460484139_42_0-t_-c1_10057922_nil_nil_1_460484139_30_0-lc_32","cfav":"87","clientUrl":"http://item.meilishuo.com/h5/detail/1m7kotq?acm=3.ms.2_1_1m7kotq.0.70869-69004.s026vr4QXel4V.sd_117-c_2_32_443917449_460484139_42_0-t_-c1_10057922_nil_nil_1_460484139_30_0-lc_32&cparam=MTUzODA1MzM3OF8xZW9sZHUyXzBmMzI0N2YwZDFkZDY5NjcwYWNlN2QzM2ZiZmE1MDcwXzMyXzVfNDQzOTE3NDQ5XzBfMF80Ml8wXzE3XzBfMA==","cparam":"MTUzODA1MzM3OF8xZW9sZHUyXzBmMzI0N2YwZDFkZDY5NjcwYWNlN2QzM2ZiZmE1MDcwXzMyXzVfNDQzOTE3NDQ5XzBfMF80Ml8wXzE3XzBfMA==","iid":"1m7kotq","itemMarks":"-1","itemType":7,"leftbottom_taglist":[],"lefttop_taglist":[],"link":"http://item.meilishuo.com/h5/detail/1m7kotq?acm=3.ms.2_1_1m7kotq.0.70869-69004.s026vr4QXel4V.sd_117-c_2_32_443917449_460484139_42_0-t_-c1_10057922_nil_nil_1_460484139_30_0-lc_32&cparam=MTUzODA1MzM3OF8xZW9sZHUyXzBmMzI0N2YwZDFkZDY5NjcwYWNlN2QzM2ZiZmE1MDcwXzMyXzVfNDQzOTE3NDQ5XzBfMF80Ml8wXzE3XzBfMA==","orgPrice":"\uffe540.00","popularStar":null,"price":"40.00","props":["2018\u6625\u79cb\u5b63\u6e2f\u5473\u521d\u79cb\u65b0\u6b3e\u539f\u5bbfBF\u98ce\u65f6\u5c1a\u5370\u82b1\u957f\u8896\u8584\u6b3eT\u6064\u5973\u88c5\u97e9\u7248\u5bbd\u677e\u5b66\u751f\u6253\u5e95\u886b\u4f11\u95f2\u4e0a\u8863\u6f6e"],"ptpC":"_mb_mls_10057922_wap-index_noab-noab","sale":"63","shopId":"1302404510","show":{"h":416,"img":"http://s3.mogucdn.com/mlcdn/55cf19/180823_19f50k2fl2il04ekcf5c4d0e21cbf_640x960.jpg_320x999.jpg","w":320},"showLarge":{"h":840,"img":"http://s11.mogucdn.com/mlcdn/55cf19/180823_19f50k2fl2il04ekcf5c4d0e21cbf_640x960.jpg_560x999.jpg","w":560},"title":"2018\u6625\u79cb\u5b63\u6e2f\u5473\u521d\u79cb\u65b0\u6b3e\u539f\u5bbfBF\u98ce\u65f6\u5c1a\u5370\u82b1\u957f\u8896\u8584\u6b3eT\u6064\u5973\u88c5\u97e9\u7248\u5bbd\u677e\u5b66\u751f\u6253\u5e95\u886b\u4f11\u95f2\u4e0a\u8863\u6f6e","titleTags":null,"type":2},{"acm":"3.ms.0_4_1lrt8pc.0.13385-69004.s026vr4QXel4V.t_-sd_117-lc_16","cfav":21,"clientUrl":"http://item.meilishuo.com/h5/detail/1lrt8pc?acm=3.ms.0_4_1lrt8pc.0.13385-69004.s026vr4QXel4V.t_-sd_117-lc_16","cparam":null,"iid":"1lrt8pc","itemMarks":"1525 1232","itemType":5,"leftbottom_taglist":[],"lefttop_taglist":[],"link":"http://item.meilishuo.com/h5/detail/1lrt8pc?acm=3.ms.0_4_1lrt8pc.0.13385-69004.s026vr4QXel4V.t_-sd_117-lc_16","orgPrice":"\uffe579.00","popularStar":0,"price":"79.00","props":["\u8fd0\u52a8\u5957\u88c5\u5973\u6625\u79cb\u97e9\u72482018\u65b0\u6b3e\u5973\u88c5\u6625\u88c5\u65f6\u9ae6\u4f11\u95f2\u8863\u670d\u8584\u6b3e\u536b\u8863\u4e24\u4ef6\u5957"],"ptpC":"_mb_mls_10057922_wap-index_noab-noab","sale":4647,"shopId":1300347521,"show":{"h":416,"img":"http://s3.mogucdn.com/mlcdn/c45406/180226_2hb2b3991i5kj050e4c9cfk985ab2_800x800.jpg_320x999.jpg","w":320},"showLarge":{"h":560,"img":"http://s11.mogucdn.com/mlcdn/c45406/180226_2hb2b3991i5kj050e4c9cfk985ab2_800x800.jpg_560x999.jpg","w":560},"title":"\u8fd0\u52a8\u5957\u88c5\u5973\u6625\u79cb\u97e9\u72482018\u65b0\u6b3e\u5973\u88c5\u6625\u88c5\u65f6\u9ae6\u4f11\u95f2\u8863\u670d\u8584\u6b3e\u536b\u8863\u4e24\u4ef6\u5957","titleTags":null,"type":2},{"acm":"3.ms.0_4_1m6dihs.0.13385-69004.s026vr4QXel4V.t_-sd_117-lc_16","cfav":99,"clientUrl":"http://item.meilishuo.com/h5/detail/1m6dihs?acm=3.ms.0_4_1m6dihs.0.13385-69004.s026vr4QXel4V.t_-sd_117-lc_16","cparam":null,"iid":"1m6dihs","itemMarks":"-1","itemType":5,"leftbottom_taglist":[],"lefttop_taglist":[],"link":"http://item.meilishuo.com/h5/detail/1m6dihs?acm=3.ms.0_4_1m6dihs.0.13385-69004.s026vr4QXel4V.t_-sd_117-lc_16","orgPrice":"\uffe584.29","popularStar":0,"price":"59.00","props":["2018\u79cb\u5b63\u65b0\u6b3e\u97e9\u8303\u6e05\u65b0\u5957\u88c5\u5bbd\u677e\u5706\u9886\u53ef\u7231\u5b66\u751f\u6761\u7eb9\u4e0a\u8863\u914d\u590d\u53e4\u9ad8\u8170\u76f4\u7b52\u88e4\u5b50\u7834\u6d1e\u725b\u4ed4\u88e4\u65f6\u5c1a\u4e24\u4ef6\u5957"],"ptpC":"_mb_mls_10057922_wap-index_noab-noab","sale":4556,"shopId":111081,"show":{"h":416,"img":"http://s11.mogucdn.com/mlcdn/c45406/180725_1h224e27l805diked2lcj2j63d7h2_640x960.jpg_320x999.jpg","w":320},"showLarge":{"h":840,"img":"http://s11.mogucdn.com/mlcdn/c45406/180725_1h224e27l805diked2lcj2j63d7h2_640x960.jpg_560x999.jpg","w":560},"title":"2018\u79cb\u5b63\u65b0\u6b3e\u97e9\u8303\u6e05\u65b0\u5957\u88c5\u5bbd\u677e\u5706\u9886\u53ef\u7231\u5b66\u751f\u6761\u7eb9\u4e0a\u8863\u914d\u590d\u53e4\u9ad8\u8170\u76f4\u7b52\u88e4\u5b50\u7834\u6d1e\u725b\u4ed4\u88e4\u65f6\u5c1a\u4e24\u4ef6\u5957","titleTags":null,"type":2},{"acm":"3.ms.2_1_1m7kooo.0.70869-69004.s026vr4QXel4V.sd_117-c_2_32_443917447_460484004_43_0-t_-c1_10057922_nil_nil_1_460484004_30_0-lc_32","cfav":"94","clientUrl":"http://item.meilishuo.com/h5/detail/1m7kooo?acm=3.ms.2_1_1m7kooo.0.70869-69004.s026vr4QXel4V.sd_117-c_2_32_443917447_460484004_43_0-t_-c1_10057922_nil_nil_1_460484004_30_0-lc_32&cparam=MTUzODA1MzM3OF8xZW9sZHR5XzdmMzY5OThmOTZlMmIyOTE0ZjMyZGFmMDA4MmE2OTQ1XzMyXzZfNDQzOTE3NDQ3XzBfMF80M18wXzE3XzBfMA==","cparam":"MTUzODA1MzM3OF8xZW9sZHR5XzdmMzY5OThmOTZlMmIyOTE0ZjMyZGFmMDA4MmE2OTQ1XzMyXzZfNDQzOTE3NDQ3XzBfMF80M18wXzE3XzBfMA==","iid":"1m7kooo","itemMarks":"-1","itemType":7,"leftbottom_taglist":[],"lefttop_taglist":[],"link":"http://item.meilishuo.com/h5/detail/1m7kooo?acm=3.ms.2_1_1m7kooo.0.70869-69004.s026vr4QXel4V.sd_117-c_2_32_443917447_460484004_43_0-t_-c1_10057922_nil_nil_1_460484004_30_0-lc_32&cparam=MTUzODA1MzM3OF8xZW9sZHR5XzdmMzY5OThmOTZlMmIyOTE0ZjMyZGFmMDA4MmE2OTQ1XzMyXzZfNDQzOTE3NDQ3XzBfMF80M18wXzE3XzBfMA==","orgPrice":"\uffe540.00","popularStar":null,"price":"40.00","props":["2018\u65b0\u6b3e\u79cb\u88c5\u5973\u88c5\u4e0a\u8863\u670d\u539f\u5bbf\u98ce\u767e\u642d\u65f6\u5c1a\u80d6\u59b9\u59b9\u59d0\u59b9\u88c5\u4f53\u6064\u886b\u97e9\u7248\u5973\u5b66\u751f\u95fa\u871c\u88c5\u5927\u7801\u7b80\u7ea6\u5370\u82b1t\u6064"],"ptpC":"_mb_mls_10057922_wap-index_noab-noab","sale":"59","shopId":"1302404510","show":{"h":416,"img":"http://s11.mogucdn.com/mlcdn/55cf19/180823_657b62gkeca17eb91h6j9c8k1h8le_640x960.jpg_320x999.jpg","w":320},"showLarge":{"h":840,"img":"http://s3.mogucdn.com/mlcdn/55cf19/180823_657b62gkeca17eb91h6j9c8k1h8le_640x960.jpg_560x999.jpg","w":560},"title":"2018\u65b0\u6b3e\u79cb\u88c5\u5973\u88c5\u4e0a\u8863\u670d\u539f\u5bbf\u98ce\u767e\u642d\u65f6\u5c1a\u80d6\u59b9\u59b9\u59d0\u59b9\u88c5\u4f53\u6064\u886b\u97e9\u7248\u5973\u5b66\u751f\u95fa\u871c\u88c5\u5927\u7801\u7b80\u7ea6\u5370\u82b1t\u6064","titleTags":null,"type":2},{"acm":"3.ms.2_1_1jw0sr2.0.70869-69004.s026vr4QXel4V.sd_117-c_2_32_346732365_228525953_44_0-t_-c1_10057922_nil_nil_1_228525953_85_0-lc_32","cfav":"1260","clientUrl":"http://item.meilishuo.com/h5/detail/1jw0sr2?acm=3.ms.2_1_1jw0sr2.0.70869-69004.s026vr4QXel4V.sd_117-c_2_32_346732365_228525953_44_0-t_-c1_10057922_nil_nil_1_228525953_85_0-lc_32&cparam=MTUzODA1MzM3OF8xYmd2Y3VxXzA3NWQyMGU0YjJiZGQxYWYyYWQ2YWYzZWYxYTRjZjdhXzMyXzdfMzQ2NzMyMzY1XzBfMF80NF8wXzMyNV8wXzA=","cparam":"MTUzODA1MzM3OF8xYmd2Y3VxXzA3NWQyMGU0YjJiZGQxYWYyYWQ2YWYzZWYxYTRjZjdhXzMyXzdfMzQ2NzMyMzY1XzBfMF80NF8wXzMyNV8wXzA=","iid":"1jw0sr2","itemMarks":"1525 352 72 351","itemType":7,"leftbottom_taglist":[],"lefttop_taglist":[],"link":"http://item.meilishuo.com/h5/detail/1jw0sr2?acm=3.ms.2_1_1jw0sr2.0.70869-69004.s026vr4QXel4V.sd_117-c_2_32_346732365_228525953_44_0-t_-c1_10057922_nil_nil_1_228525953_85_0-lc_32&cparam=MTUzODA1MzM3OF8xYmd2Y3VxXzA3NWQyMGU0YjJiZGQxYWYyYWQ2YWYzZWYxYTRjZjdhXzMyXzdfMzQ2NzMyMzY1XzBfMF80NF8wXzMyNV8wXzA=","orgPrice":"\uffe559.00","popularStar":null,"price":"56.64","props":["2018 \u65b0\u6b3e\u5973\u88c5\u4e0a\u8863\u6587\u827a\u68c9\u9ebb\u77ed\u8896t\u6064 V\u9886\u886bT\u6064\u5973\u77ed\u8896\u5973T\u6856"],"ptpC":"_mb_mls_10057922_wap-index_noab-noab","sale":"51","shopId":"20483465","show":{"h":416,"img":"http://s11.mogucdn.com/p2/170301/106341701_4kfgdd3001475k8h1l365al2k5ed6_640x960.jpg_320x999.jpg","w":320},"showLarge":{"h":840,"img":"http://s11.mogucdn.com/p2/170301/106341701_4kfgdd3001475k8h1l365al2k5ed6_640x960.jpg_560x999.jpg","w":560},"title":"2018 \u65b0\u6b3e\u5973\u88c5\u4e0a\u8863\u6587\u827a\u68c9\u9ebb\u77ed\u8896t\u6064 V\u9886\u886bT\u6064\u5973\u77ed\u8896\u5973T\u6856","titleTags":null,"type":2},{"acm":"3.ms.0_4_1m82lcy.0.13385-69004.s026vr4QXel4V.t_-sd_117-lc_16","cfav":120,"clientUrl":"http://item.meilishuo.com/h5/detail/1m82lcy?acm=3.ms.0_4_1m82lcy.0.13385-69004.s026vr4QXel4V.t_-sd_117-lc_16","cparam":null,"iid":"1m82lcy","itemMarks":"-1","itemType":5,"leftbottom_taglist":[],"lefttop_taglist":[],"link":"http://item.meilishuo.com/h5/detail/1m82lcy?acm=3.ms.0_4_1m82lcy.0.13385-69004.s026vr4QXel4V.t_-sd_117-lc_16","orgPrice":"\uffe599.00","popularStar":0,"price":"69.30","props":["2018\u79cb\u5b63\u65b0\u6b3e\u65f6\u5c1a\u5957\u88c5\u5bbd\u677e\u6d77\u9a6c\u6bdb\u6bdb\u8863\u5973\u5b66\u9662\u98ce\u767e\u642d\u9ed1\u8272\u725b\u4ed4\u80cc\u5e26\u88e4\u4e24\u4ef6\u5957"],"ptpC":"_mb_mls_10057922_wap-index_noab-noab","sale":4362,"shopId":1300687788,"show":{"h":416,"img":"http://s11.mogucdn.com/mlcdn/55cf19/180903_2ahjib119c3433ehidb4lf7k9f9g3_640x960.jpg_320x999.jpg","w":320},"showLarge":{"h":840,"img":"http://s3.mogucdn.com/mlcdn/55cf19/180903_2ahjib119c3433ehidb4lf7k9f9g3_640x960.jpg_560x999.jpg","w":560},"title":"2018\u79cb\u5b63\u65b0\u6b3e\u65f6\u5c1a\u5957\u88c5\u5bbd\u677e\u6d77\u9a6c\u6bdb\u6bdb\u8863\u5973\u5b66\u9662\u98ce\u767e\u642d\u9ed1\u8272\u725b\u4ed4\u80cc\u5e26\u88e4\u4e24\u4ef6\u5957","titleTags":null,"type":2},{"acm":"3.ms.0_4_1lo5rso.0.13385-69004.s026vr4QXel4V.t_-sd_117-lc_16","cfav":1636,"clientUrl":"http://item.meilishuo.com/h5/detail/1lo5rso?acm=3.ms.0_4_1lo5rso.0.13385-69004.s026vr4QXel4V.t_-sd_117-lc_16","cparam":null,"iid":"1lo5rso","itemMarks":"1525","itemType":5,"leftbottom_taglist":[],"lefttop_taglist":[],"link":"http://item.meilishuo.com/h5/detail/1lo5rso?acm=3.ms.0_4_1lo5rso.0.13385-69004.s026vr4QXel4V.t_-sd_117-lc_16","orgPrice":"\uffe577.15","popularStar":0,"price":"54.00","props":["2018\u5916\u5957\u5973\u79cb\u5b63\u65b0\u6b3e\u5973\u88c5\u65f6\u5c1a\u5957\u88c5\u5973\u97e9\u7248\u9488\u7ec7\u5f00\u886b\u6bdb\u8863\u5916\u5957\u683c\u5b50\u886c\u886b\u76f4\u7b52\u725b\u4ed4\u88e4\u5b50\u5957\u88c5\u4e09\u4ef6\u5957"],"ptpC":"_mb_mls_10057922_wap-index_noab-noab","sale":4251,"shopId":10688881,"show":{"h":416,"img":"http://s3.mogucdn.com/mlcdn/c45406/171224_57ldck1ki0bjh0fc48ac0e2f9i788_640x960.jpg_320x999.jpg","w":320},"showLarge":{"h":840,"img":"http://s3.mogucdn.com/mlcdn/c45406/171224_57ldck1ki0bjh0fc48ac0e2f9i788_640x960.jpg_560x999.jpg","w":560},"title":"2018\u5916\u5957\u5973\u79cb\u5b63\u65b0\u6b3e\u5973\u88c5\u65f6\u5c1a\u5957\u88c5\u5973\u97e9\u7248\u9488\u7ec7\u5f00\u886b\u6bdb\u8863\u5916\u5957\u683c\u5b50\u886c\u886b\u76f4\u7b52\u725b\u4ed4\u88e4\u5b50\u5957\u88c5\u4e09\u4ef6\u5957","titleTags":null,"type":2},{"acm":"3.ms.2_1_1m7oiw6.0.70869-69004.s026vr4QXel4V.sd_117-c_2_32_439765350_0_45_0-t_-c1_10057922_nil_nil_0_0_30_0-lc_32","cfav":"134","clientUrl":"http://item.meilishuo.com/h5/detail/1m7oiw6?acm=3.ms.2_1_1m7oiw6.0.70869-69004.s026vr4QXel4V.sd_117-c_2_32_439765350_0_45_0-t_-c1_10057922_nil_nil_0_0_30_0-lc_32&cparam=MTUzODA1MzM3OF8xZWpuZTl3XzE0NWU5MDJlZDJjZDU2YmMxNmRkZjNlYmE0OWFhYjBjXzMyXzhfNDM5NzY1MzUwXzBfMF80NV8wXzU0OF8wXzA=","cparam":"MTUzODA1MzM3OF8xZWpuZTl3XzE0NWU5MDJlZDJjZDU2YmMxNmRkZjNlYmE0OWFhYjBjXzMyXzhfNDM5NzY1MzUwXzBfMF80NV8wXzU0OF8wXzA=","iid":"1m7oiw6","itemMarks":"1525","itemType":7,"leftbottom_taglist":[],"lefttop_taglist":[],"link":"http://item.meilishuo.com/h5/detail/1m7oiw6?acm=3.ms.2_1_1m7oiw6.0.70869-69004.s026vr4QXel4V.sd_117-c_2_32_439765350_0_45_0-t_-c1_10057922_nil_nil_0_0_30_0-lc_32&cparam=MTUzODA1MzM3OF8xZWpuZTl3XzE0NWU5MDJlZDJjZDU2YmMxNmRkZjNlYmE0OWFhYjBjXzMyXzhfNDM5NzY1MzUwXzBfMF80NV8wXzU0OF8wXzA=","orgPrice":"\uffe569.90","popularStar":null,"price":"69.90","props":["\u88e4\u5b50\u5973\u9614\u817f\u88e4\u6625\u79cb2018\u65b0\u6b3e\u6bdb\u5462\u88e4\u4e5d\u5206\u88e4\u6e2f\u5473\u6f6e\u5973\u88e4\u7529\u817f\u88e4\u5973\u58eb\u88e4\u5b50"],"ptpC":"_mb_mls_10057922_wap-index_noab-noab","sale":"48","shopId":"21905564","show":{"h":416,"img":"http://s3.mogucdn.com/mlcdn/c45406/180826_5708i53lg6ifcgd7402ieg99ab77b_640x640.jpg_320x999.jpg","w":320},"showLarge":{"h":560,"img":"http://s11.mogucdn.com/mlcdn/c45406/180826_5708i53lg6ifcgd7402ieg99ab77b_640x640.jpg_560x999.jpg","w":560},"title":"\u88e4\u5b50\u5973\u9614\u817f\u88e4\u6625\u79cb2018\u65b0\u6b3e\u6bdb\u5462\u88e4\u4e5d\u5206\u88e4\u6e2f\u5473\u6f6e\u5973\u88e4\u7529\u817f\u88e4\u5973\u58eb\u88e4\u5b50","titleTags":null,"type":2},{"acm":"3.ms.2_1_1kj7vgw.0.70869-69004.s026vr4QXel4V.sd_117-c_2_32_431893493_2031392_46_0-t_-c1_10057922_nil_nil_0_2031392_30_0-lc_32","cfav":"291","clientUrl":"http://item.meilishuo.com/h5/detail/1kj7vgw?acm=3.ms.2_1_1kj7vgw.0.70869-69004.s026vr4QXel4V.sd_117-c_2_32_431893493_2031392_46_0-t_-c1_10057922_nil_nil_0_2031392_30_0-lc_32&cparam=MTUzODA1MzM3OF8xZWE5eWNpX2NhYjU2YTViNjZlMzAyOTAwZGVjNjc3Nzc2OTMxMjc3XzMyXzlfNDMxODkzNDkzXzBfMjAzMTM5Ml80Nl8wXzEwMDFfMF8w","cparam":"MTUzODA1MzM3OF8xZWE5eWNpX2NhYjU2YTViNjZlMzAyOTAwZGVjNjc3Nzc2OTMxMjc3XzMyXzlfNDMxODkzNDkzXzBfMjAzMTM5Ml80Nl8wXzEwMDFfMF8w","iid":"1kj7vgw","itemMarks":"1525","itemType":7,"leftbottom_taglist":[],"lefttop_taglist":[],"link":"http://item.meilishuo.com/h5/detail/1kj7vgw?acm=3.ms.2_1_1kj7vgw.0.70869-69004.s026vr4QXel4V.sd_117-c_2_32_431893493_2031392_46_0-t_-c1_10057922_nil_nil_0_2031392_30_0-lc_32&cparam=MTUzODA1MzM3OF8xZWE5eWNpX2NhYjU2YTViNjZlMzAyOTAwZGVjNjc3Nzc2OTMxMjc3XzMyXzlfNDMxODkzNDkzXzBfMjAzMTM5Ml80Nl8wXzEwMDFfMF8w","orgPrice":"\uffe555.00","popularStar":null,"price":"38.00","props":["2018\u65b0\u6b3e\u97e9\u7248\u7eaf\u68c9V\u9886\u6761\u7eb9\u957f\u8896\u4f53\u6064\u5973\u88c5\u4e0a\u8863\u670d\u4fee\u8eab\u663e\u7626\u6253\u5e95\u886b\u5973\u5f0f\u65f6\u5c1aT\u6064\u5973\u751f\u6f6e"],"ptpC":"_mb_mls_10057922_wap-index_noab-noab","sale":"45","shopId":"1302410734","show":{"h":416,"img":"http://s3.mogucdn.com/mlcdn/17f85e/180830_3c8f1g7hka41603lfl25gh32b860i_640x960.jpg_320x999.jpg","w":320},"showLarge":{"h":840,"img":"http://s3.mogucdn.com/mlcdn/17f85e/180830_3c8f1g7hka41603lfl25gh32b860i_640x960.jpg_560x999.jpg","w":560},"title":"2018\u65b0\u6b3e\u97e9\u7248\u7eaf\u68c9V\u9886\u6761\u7eb9\u957f\u8896\u4f53\u6064\u5973\u88c5\u4e0a\u8863\u670d\u4fee\u8eab\u663e\u7626\u6253\u5e95\u886b\u5973\u5f0f\u65f6\u5c1aT\u6064\u5973\u751f\u6f6e","titleTags":null,"type":2},{"acm":"3.ms.2_1_1lrzvr8.0.70869-69004.s026vr4QXel4V.sd_117-c_2_32_355439208_396844468_47_0-t_-c1_10057922_nil_nil_1_396844468_30_0-lc_32","cfav":"1079","clientUrl":"http://item.meilishuo.com/h5/detail/1lrzvr8?acm=3.ms.2_1_1lrzvr8.0.70869-69004.s026vr4QXel4V.sd_117-c_2_32_355439208_396844468_47_0-t_-c1_10057922_nil_nil_1_396844468_30_0-lc_32&cparam=MTUzODA1MzM3OF8xYnI4bGM4XzJjYzdhOTUyMmM5NjQ3ZDg0NDQ0ODlkYTQ4NjU1MGJlXzMyXzEwXzM1NTQzOTIwOF8wXzBfNDdfMF8xMDNfMF8w","cparam":"MTUzODA1MzM3OF8xYnI4bGM4XzJjYzdhOTUyMmM5NjQ3ZDg0NDQ0ODlkYTQ4NjU1MGJlXzMyXzEwXzM1NTQzOTIwOF8wXzBfNDdfMF8xMDNfMF8w","iid":"1lrzvr8","itemMarks":"1525","itemType":7,"leftbottom_taglist":[],"lefttop_taglist":[],"link":"http://item.meilishuo.com/h5/detail/1lrzvr8?acm=3.ms.2_1_1lrzvr8.0.70869-69004.s026vr4QXel4V.sd_117-c_2_32_355439208_396844468_47_0-t_-c1_10057922_nil_nil_1_396844468_30_0-lc_32&cparam=MTUzODA1MzM3OF8xYnI4bGM4XzJjYzdhOTUyMmM5NjQ3ZDg0NDQ0ODlkYTQ4NjU1MGJlXzMyXzEwXzM1NTQzOTIwOF8wXzBfNDdfMF8xMDNfMF8w","orgPrice":"\uffe570.00","popularStar":null,"price":"49.00","props":["\u30102\u4ef669\u5143\u3011\u3010\u65b0\u54c1\u7279\u60e0\u3011\u77ed\u8896t\u6064\u59732018\u590f\u88c5\u65b0\u6b3e\u97e9\u7248\u5b66\u751f\u5bbd\u677e\u9ed1\u8272\u4f53\u6064\u5706\u9886\u7eaf\u68c9\u534a\u8896\u4e0a\u8863\u670d"],"ptpC":"_mb_mls_10057922_wap-index_noab-noab","sale":"39","shopId":"1302412599","show":{"h":416,"img":"http://s11.mogucdn.com/mlcdn/c45406/180301_784ej0g6c8dca24fa2c8dlfhe0fgc_640x960.jpg_320x999.jpg","w":320},"showLarge":{"h":840,"img":"http://s3.mogucdn.com/mlcdn/c45406/180301_784ej0g6c8dca24fa2c8dlfhe0fgc_640x960.jpg_560x999.jpg","w":560},"title":"\u30102\u4ef669\u5143\u3011\u3010\u65b0\u54c1\u7279\u60e0\u3011\u77ed\u8896t\u6064\u59732018\u590f\u88c5\u65b0\u6b3e\u97e9\u7248\u5b66\u751f\u5bbd\u677e\u9ed1\u8272\u4f53\u6064\u5706\u9886\u7eaf\u68c9\u534a\u8896\u4e0a\u8863\u670d","titleTags":null,"type":2},{"acm":"3.ms.2_1_1m72f6m.0.70869-69004.s026vr4QXel4V.sd_117-c_2_32_438772165_458168240_48_0-t_-c1_10057922_nil_nil_1_458168240_30_0-lc_32","cfav":"42","clientUrl":"http://item.meilishuo.com/h5/detail/1m72f6m?acm=3.ms.2_1_1m72f6m.0.70869-69004.s026vr4QXel4V.sd_117-c_2_32_438772165_458168240_48_0-t_-c1_10057922_nil_nil_1_458168240_30_0-lc_32&cparam=MTUzODA1MzM3OF8xZWlndGt5X2UyZTgwNzA5YmU4NTVkN2MxMjMxMjM4MThhM2M4NzdlXzMyXzExXzQzODc3MjE2NV8wXzBfNDhfMF8xODVfMF8w","cparam":"MTUzODA1MzM3OF8xZWlndGt5X2UyZTgwNzA5YmU4NTVkN2MxMjMxMjM4MThhM2M4NzdlXzMyXzExXzQzODc3MjE2NV8wXzBfNDhfMF8xODVfMF8w","iid":"1m72f6m","itemMarks":"1525","itemType":7,"leftbottom_taglist":[],"lefttop_taglist":[],"link":"http://item.meilishuo.com/h5/detail/1m72f6m?acm=3.ms.2_1_1m72f6m.0.70869-69004.s026vr4QXel4V.sd_117-c_2_32_438772165_458168240_48_0-t_-c1_10057922_nil_nil_1_458168240_30_0-lc_32&cparam=MTUzODA1MzM3OF8xZWlndGt5X2UyZTgwNzA5YmU4NTVkN2MxMjMxMjM4MThhM2M4NzdlXzMyXzExXzQzODc3MjE2NV8wXzBfNDhfMF8xODVfMF8w","orgPrice":"\uffe557.00","popularStar":null,"price":"39.90","props":["2018\u65b0\u6b3e\u79cb\u88c5\u767d\u8272\u957f\u8896t\u6064\u5973\u5bbd\u677e\u97e9\u7248\u5b66\u751f\u4f53\u6064\u767e\u642d\u957f\u8896\u4e0a\u8863\u670d"],"ptpC":"_mb_mls_10057922_wap-index_noab-noab","sale":"32","shopId":"20646861","show":{"h":416,"img":"http://s11.mogucdn.com/mlcdn/55cf19/180809_00j78l8dakkgjkk2a3lgfeae1kgj1_640x960.jpg_320x999.jpg","w":320},"showLarge":{"h":840,"img":"http://s11.mogucdn.com/mlcdn/55cf19/180809_00j78l8dakkgjkk2a3lgfeae1kgj1_640x960.jpg_560x999.jpg","w":560},"title":"2018\u65b0\u6b3e\u79cb\u88c5\u767d\u8272\u957f\u8896t\u6064\u5973\u5bbd\u677e\u97e9\u7248\u5b66\u751f\u4f53\u6064\u767e\u642d\u957f\u8896\u4e0a\u8863\u670d","titleTags":null,"type":2},{"acm":"3.ms.0_4_1lrsotm.0.13385-69004.s026vr4QXel4V.t_-sd_117-lc_16","cfav":194,"clientUrl":"http://item.meilishuo.com/h5/detail/1lrsotm?acm=3.ms.0_4_1lrsotm.0.13385-69004.s026vr4QXel4V.t_-sd_117-lc_16","cparam":null,"iid":"1lrsotm","itemMarks":"1525 2 138 172","itemType":5,"leftbottom_taglist":[],"lefttop_taglist":[],"link":"http://item.meilishuo.com/h5/detail/1lrsotm?acm=3.ms.0_4_1lrsotm.0.13385-69004.s026vr4QXel4V.t_-sd_117-lc_16","orgPrice":"\uffe584.29","popularStar":0,"price":"59.00","props":["2018\u79cb\u5b63\u65b0\u6b3e\u65f6\u5c1a\u5957\u88c5\u5b66\u9662\u98ceV\u9886\u5c0f\u6e05\u65b0\u6bdb\u8863\u9488\u7ec7\u886b\u767e\u642d\u683c\u5b50\u886c\u886b\u663e\u7626\u5c0f\u811a\u725b\u4ed4\u88e4\u5957\u88c5\u4e09\u4ef6\u5957"],"ptpC":"_mb_mls_10057922_wap-index_noab-noab","sale":4225,"shopId":109683,"show":{"h":416,"img":"http://s3.mogucdn.com/mlcdn/c45406/180226_3gg8h809bf7eg08gl0fl40b38e958_640x960.jpg_320x999.jpg","w":320},"showLarge":{"h":840,"img":"http://s11.mogucdn.com/mlcdn/c45406/180226_3gg8h809bf7eg08gl0fl40b38e958_640x960.jpg_560x999.jpg","w":560},"title":"2018\u79cb\u5b63\u65b0\u6b3e\u65f6\u5c1a\u5957\u88c5\u5b66\u9662\u98ceV\u9886\u5c0f\u6e05\u65b0\u6bdb\u8863\u9488\u7ec7\u886b\u767e\u642d\u683c\u5b50\u886c\u886b\u663e\u7626\u5c0f\u811a\u725b\u4ed4\u88e4\u5957\u88c5\u4e09\u4ef6\u5957","titleTags":null,"type":2},{"acm":"3.ms.0_4_1m7rp9w.0.13385-69004.s026vr4QXel4V.t_-sd_117-lc_16","cfav":167,"clientUrl":"http://item.meilishuo.com/h5/detail/1m7rp9w?acm=3.ms.0_4_1m7rp9w.0.13385-69004.s026vr4QXel4V.t_-sd_117-lc_16","cparam":null,"iid":"1m7rp9w","itemMarks":"1525","itemType":5,"leftbottom_taglist":[],"lefttop_taglist":[],"link":"http://item.meilishuo.com/h5/detail/1m7rp9w?acm=3.ms.0_4_1m7rp9w.0.13385-69004.s026vr4QXel4V.t_-sd_117-lc_16","orgPrice":"\uffe5155.72","popularStar":0,"price":"109.00","props":["\u79cb\u88c5\u59732018\u65b0\u6b3e\u5957\u88c5\u65f6\u5c1a\u665a\u665a\u98ce\u6c14\u8d28chic\u6e2f\u5473\u5973\u795e\u7f51\u7ea2\u4e24\u4ef6\u5957\u88c5\u4fcf\u76ae"],"ptpC":"_mb_mls_10057922_wap-index_noab-noab","sale":4173,"shopId":20288336,"show":{"h":416,"img":"http://s11.mogucdn.com/mlcdn/c45406/180827_1590j44g2bk619i6655ji20ihikfb_640x960.jpg_320x999.jpg","w":320},"showLarge":{"h":840,"img":"http://s11.mogucdn.com/mlcdn/c45406/180827_1590j44g2bk619i6655ji20ihikfb_640x960.jpg_560x999.jpg","w":560},"title":"\u79cb\u88c5\u59732018\u65b0\u6b3e\u5957\u88c5\u65f6\u5c1a\u665a\u665a\u98ce\u6c14\u8d28chic\u6e2f\u5473\u5973\u795e\u7f51\u7ea2\u4e24\u4ef6\u5957\u88c5\u4fcf\u76ae","titleTags":null,"type":2},{"acm":"3.ms.2_1_1m7kolu.0.70869-69004.s026vr4QXel4V.sd_117-c_2_32_443917448_1287230912_49_0-t_-c1_10057922_nil_nil_2_1287230912_30_0-lc_32","cfav":"70","clientUrl":"http://item.meilishuo.com/h5/detail/1m7kolu?acm=3.ms.2_1_1m7kolu.0.70869-69004.s026vr4QXel4V.sd_117-c_2_32_443917448_1287230912_49_0-t_-c1_10057922_nil_nil_2_1287230912_30_0-lc_32&cparam=MTUzODA1MzM3OF8xZW9sZHUwXzgzNGRmNDgyZWE0Y2ZjYzQwY2Y1MjA1YmJkM2Q0OGU5XzMyXzEyXzQ0MzkxNzQ0OF8wXzBfNDlfMF8xN18wXzA=","cparam":"MTUzODA1MzM3OF8xZW9sZHUwXzgzNGRmNDgyZWE0Y2ZjYzQwY2Y1MjA1YmJkM2Q0OGU5XzMyXzEyXzQ0MzkxNzQ0OF8wXzBfNDlfMF8xN18wXzA=","iid":"1m7kolu","itemMarks":"-1","itemType":7,"leftbottom_taglist":[],"lefttop_taglist":[],"link":"http://item.meilishuo.com/h5/detail/1m7kolu?acm=3.ms.2_1_1m7kolu.0.70869-69004.s026vr4QXel4V.sd_117-c_2_32_443917448_1287230912_49_0-t_-c1_10057922_nil_nil_2_1287230912_30_0-lc_32&cparam=MTUzODA1MzM3OF8xZW9sZHUwXzgzNGRmNDgyZWE0Y2ZjYzQwY2Y1MjA1YmJkM2Q0OGU5XzMyXzEyXzQ0MzkxNzQ0OF8wXzBfNDlfMF8xN18wXzA=","orgPrice":"\uffe540.00","popularStar":null,"price":"40.00","props":["2018\u957f\u8896t\u6064\u6625\u79cb\u5b63\u65b0\u6b3e\u97e9\u7248\u602a\u5473\u5c11\u5973\u5b66\u751f\u5bbd\u677e\u663e\u7626\u563b\u54c8ins\u8d85\u706b\u5973\u751f\u9177\u9177\u7684\u4e0a\u8863\u670d\u6f6e"],"ptpC":"_mb_mls_10057922_wap-index_noab-noab","sale":"18","shopId":"1302404510","show":{"h":416,"img":"http://s11.mogucdn.com/mlcdn/55cf19/180823_4dgk20j7dgb5ef9abij8fd9aaah5a_640x960.jpg_320x999.jpg","w":320},"showLarge":{"h":840,"img":"http://s11.mogucdn.com/mlcdn/55cf19/180823_4dgk20j7dgb5ef9abij8fd9aaah5a_640x960.jpg_560x999.jpg","w":560},"title":"2018\u957f\u8896t\u6064\u6625\u79cb\u5b63\u65b0\u6b3e\u97e9\u7248\u602a\u5473\u5c11\u5973\u5b66\u751f\u5bbd\u677e\u663e\u7626\u563b\u54c8ins\u8d85\u706b\u5973\u751f\u9177\u9177\u7684\u4e0a\u8863\u670d\u6f6e","titleTags":null,"type":2},{"acm":"3.ms.2_1_1m8fqt8.0.70869-69004.s026vr4QXel4V.sd_117-c_2_32_437788612_464470545_50_0-t_-c1_10057922_nil_nil_1_464470545_30_0-lc_32","cfav":"33","clientUrl":"http://item.meilishuo.com/h5/detail/1m8fqt8?acm=3.ms.2_1_1m8fqt8.0.70869-69004.s026vr4QXel4V.sd_117-c_2_32_437788612_464470545_50_0-t_-c1_10057922_nil_nil_1_464470545_30_0-lc_32&cparam=MTUzODA1MzM3OF8xZWhhbnI0X2QzZGY1N2Y2MjkyNGU3YTQ1MjNhYTFkMjdhZTE3ZjJlXzMyXzEzXzQzNzc4ODYxMl8wXzBfNTBfMF81NzZfMF8w","cparam":"MTUzODA1MzM3OF8xZWhhbnI0X2QzZGY1N2Y2MjkyNGU3YTQ1MjNhYTFkMjdhZTE3ZjJlXzMyXzEzXzQzNzc4ODYxMl8wXzBfNTBfMF81NzZfMF8w","iid":"1m8fqt8","itemMarks":"1525","itemType":7,"leftbottom_taglist":[],"lefttop_taglist":[],"link":"http://item.meilishuo.com/h5/detail/1m8fqt8?acm=3.ms.2_1_1m8fqt8.0.70869-69004.s026vr4QXel4V.sd_117-c_2_32_437788612_464470545_50_0-t_-c1_10057922_nil_nil_1_464470545_30_0-lc_32&cparam=MTUzODA1MzM3OF8xZWhhbnI0X2QzZGY1N2Y2MjkyNGU3YTQ1MjNhYTFkMjdhZTE3ZjJlXzMyXzEzXzQzNzc4ODYxMl8wXzBfNTBfMF81NzZfMF8w","orgPrice":"\uffe571.20","popularStar":null,"price":"49.80","props":["\u590d\u53e4\u9ed1\u767d\u683c\u5b50\u886c\u886b2018\u6625\u5b63\u65b0\u6b3e\u5973\u88c5\u97e9\u8303\u5bbd\u677e\u7248\u767e\u642d\u4e0a\u8863\u8f6f\u59b9\u683c\u7eb9\u886c\u8863"],"ptpC":"_mb_mls_10057922_wap-index_noab-noab","sale":"17","shopId":"1302439194","show":{"h":416,"img":"http://s11.mogucdn.com/mlcdn/c45406/180911_550eg3ghe4cgj89jk0lk19la32lf9_640x960.jpg_320x999.jpg","w":320},"showLarge":{"h":840,"img":"http://s11.mogucdn.com/mlcdn/c45406/180911_550eg3ghe4cgj89jk0lk19la32lf9_640x960.jpg_560x999.jpg","w":560},"title":"\u590d\u53e4\u9ed1\u767d\u683c\u5b50\u886c\u886b2018\u6625\u5b63\u65b0\u6b3e\u5973\u88c5\u97e9\u8303\u5bbd\u677e\u7248\u767e\u642d\u4e0a\u8863\u8f6f\u59b9\u683c\u7eb9\u886c\u8863","titleTags":null,"type":2},{"acm":"3.ms.0_4_1lrqpki.0.13385-69004.s026vr4QXel4V.t_-sd_117-lc_16","cfav":164,"clientUrl":"http://item.meilishuo.com/h5/detail/1lrqpki?acm=3.ms.0_4_1lrqpki.0.13385-69004.s026vr4QXel4V.t_-sd_117-lc_16","cparam":null,"iid":"1lrqpki","itemMarks":"-1","itemType":5,"leftbottom_taglist":[],"lefttop_taglist":[],"link":"http://item.meilishuo.com/h5/detail/1lrqpki?acm=3.ms.0_4_1lrqpki.0.13385-69004.s026vr4QXel4V.t_-sd_117-lc_16","orgPrice":"\uffe598.58","popularStar":0,"price":"69.00","props":["2018\u79cb\u5b63\u65b0\u6b3e\u65f6\u5c1a\u5957\u88c5\u97e9\u7248\u83f1\u683c\u9488\u7ec7\u5f00\u886b\u5973\u5bbd\u677e\u5b66\u751f\u6bdb\u8863\u5916\u5957\u9ad8\u8170\u4f11\u95f2\u88e4\u5957\u88c5\u4e24\u4ef6\u5957"],"ptpC":"_mb_mls_10057922_wap-index_noab-noab","sale":4141,"shopId":109683,"show":{"h":416,"img":"http://s3.mogucdn.com/mlcdn/c45406/180225_6i3kjj16b3g4c5fgb9a445l2bj5f0_640x960.jpg_320x999.jpg","w":320},"showLarge":{"h":840,"img":"http://s3.mogucdn.com/mlcdn/c45406/180225_6i3kjj16b3g4c5fgb9a445l2bj5f0_640x960.jpg_560x999.jpg","w":560},"title":"2018\u79cb\u5b63\u65b0\u6b3e\u65f6\u5c1a\u5957\u88c5\u97e9\u7248\u83f1\u683c\u9488\u7ec7\u5f00\u886b\u5973\u5bbd\u677e\u5b66\u751f\u6bdb\u8863\u5916\u5957\u9ad8\u8170\u4f11\u95f2\u88e4\u5957\u88c5\u4e24\u4ef6\u5957","titleTags":null,"type":2},{"acm":"3.ms.0_4_1m6vpw8.0.13385-69004.s026vr4QXel4V.t_-sd_117-lc_16","cfav":15,"clientUrl":"http://item.meilishuo.com/h5/detail/1m6vpw8?acm=3.ms.0_4_1m6vpw8.0.13385-69004.s026vr4QXel4V.t_-sd_117-lc_16","cparam":null,"iid":"1m6vpw8","itemMarks":"-1","itemType":5,"leftbottom_taglist":[],"lefttop_taglist":[],"link":"http://item.meilishuo.com/h5/detail/1m6vpw8?acm=3.ms.0_4_1m6vpw8.0.13385-69004.s026vr4QXel4V.t_-sd_117-lc_16","orgPrice":"\uffe599.00","popularStar":0,"price":"69.30","props":["2018\u97e9\u7248\u79cb\u5b63\u65b0\u6b3e\u5b66\u9662\u98ce\u732b\u54aa\u523a\u7ee3\u5bbd\u677e\u663e\u7626\u725b\u4ed4\u80cc\u5e26\u88e4+\u5bbd\u677e\u7ec7\u5e26\u6761\u7eb9\u6bdb\u8863\u65f6\u5c1a\u8863\u88e4\u5957\u88c5\u5973"],"ptpC":"_mb_mls_10057922_wap-index_noab-noab","sale":4058,"shopId":1300687788,"show":{"h":416,"img":"http://s3.mogucdn.com/mlcdn/55cf19/180804_4l05750fhlbhhj1g6jb4075cife3l_640x960.jpg_320x999.jpg","w":320},"showLarge":{"h":840,"img":"http://s11.mogucdn.com/mlcdn/55cf19/180804_4l05750fhlbhhj1g6jb4075cife3l_640x960.jpg_560x999.jpg","w":560},"title":"2018\u97e9\u7248\u79cb\u5b63\u65b0\u6b3e\u5b66\u9662\u98ce\u732b\u54aa\u523a\u7ee3\u5bbd\u677e\u663e\u7626\u725b\u4ed4\u80cc\u5e26\u88e4+\u5bbd\u677e\u7ec7\u5e26\u6761\u7eb9\u6bdb\u8863\u65f6\u5c1a\u8863\u88e4\u5957\u88c5\u5973","titleTags":null,"type":2},{"acm":"3.ms.2_1_1m8vlly.0.70869-69004.s026vr4QXel4V.sd_117-c_2_32_442859555_466493621_51_0-t_-c1_10057922_nil_nil_1_466493621_40_0-lc_32","cfav":"13","clientUrl":"http://item.meilishuo.com/h5/detail/1m8vlly?acm=3.ms.2_1_1m8vlly.0.70869-69004.s026vr4QXel4V.sd_117-c_2_32_442859555_466493621_51_0-t_-c1_10057922_nil_nil_1_466493621_40_0-lc_32&cparam=MTUzODA1MzM3OF8xZW5jMWE2X2I3NzUxYjcyYTQ0YmU4OWFjMWQ0OGUxYjE5NzQwNTE2XzMyXzE0XzQ0Mjg1OTU1NV8wXzBfNTFfMF84NjVfMF8w","cparam":"MTUzODA1MzM3OF8xZW5jMWE2X2I3NzUxYjcyYTQ0YmU4OWFjMWQ0OGUxYjE5NzQwNTE2XzMyXzE0XzQ0Mjg1OTU1NV8wXzBfNTFfMF84NjVfMF8w","iid":"1m8vlly","itemMarks":"1525","itemType":7,"leftbottom_taglist":[],"lefttop_taglist":[],"link":"http://item.meilishuo.com/h5/detail/1m8vlly?acm=3.ms.2_1_1m8vlly.0.70869-69004.s026vr4QXel4V.sd_117-c_2_32_442859555_466493621_51_0-t_-c1_10057922_nil_nil_1_466493621_40_0-lc_32&cparam=MTUzODA1MzM3OF8xZW5jMWE2X2I3NzUxYjcyYTQ0YmU4OWFjMWQ0OGUxYjE5NzQwNTE2XzMyXzE0XzQ0Mjg1OTU1NV8wXzBfNTFfMF84NjVfMF8w","orgPrice":"\uffe5225.72","popularStar":null,"price":"158.00","props":["2018\u79cb\u65b0\u6b3e\u98de\u9e70\u70eb\u91d1\u5370\u82b1\u5b57\u6bcd\u7eaf\u68c9\u6f6e\u724c\u60c5\u4fa3\u5c0f\u811a\u88e4\u7537\u5973\u540c\u6b3e"],"ptpC":"_mb_mls_10057922_wap-index_noab-noab","sale":"12","shopId":"1302414958","show":{"h":416,"img":"http://s11.mogucdn.com/mlcdn/c45406/180922_05jafg8g5k7flkj35icg400b0l4k7_800x1200.jpg_320x999.jpg","w":320},"showLarge":{"h":840,"img":"http://s3.mogucdn.com/mlcdn/c45406/180922_05jafg8g5k7flkj35icg400b0l4k7_800x1200.jpg_560x999.jpg","w":560},"title":"2018\u79cb\u65b0\u6b3e\u98de\u9e70\u70eb\u91d1\u5370\u82b1\u5b57\u6bcd\u7eaf\u68c9\u6f6e\u724c\u60c5\u4fa3\u5c0f\u811a\u88e4\u7537\u5973\u540c\u6b3e","titleTags":null,"type":2},{"acm":"3.ms.2_1_1m7vy6c.0.70869-69004.s026vr4QXel4V.sd_117-c_2_32_439838239_461861246_52_0-t_-c1_10057922_nil_nil_1_461861246_30_0-lc_32","cfav":"14","clientUrl":"http://item.meilishuo.com/h5/detail/1m7vy6c?acm=3.ms.2_1_1m7vy6c.0.70869-69004.s026vr4QXel4V.sd_117-c_2_32_439838239_461861246_52_0-t_-c1_10057922_nil_nil_1_461861246_30_0-lc_32&cparam=MTUzODA1MzM3OF8xZWpxaXJhXzY3ZDU2YzBjZjhhMDZlZGZiZDg5NjNlYTllYzI5N2FkXzMyXzE1XzQzOTgzODIzOV8wXzBfNTJfMF81MzBfMF8w","cparam":"MTUzODA1MzM3OF8xZWpxaXJhXzY3ZDU2YzBjZjhhMDZlZGZiZDg5NjNlYTllYzI5N2FkXzMyXzE1XzQzOTgzODIzOV8wXzBfNTJfMF81MzBfMF8w","iid":"1m7vy6c","itemMarks":"352 351","itemType":7,"leftbottom_taglist":[],"lefttop_taglist":[],"link":"http://item.meilishuo.com/h5/detail/1m7vy6c?acm=3.ms.2_1_1m7vy6c.0.70869-69004.s026vr4QXel4V.sd_117-c_2_32_439838239_461861246_52_0-t_-c1_10057922_nil_nil_1_461861246_30_0-lc_32&cparam=MTUzODA1MzM3OF8xZWpxaXJhXzY3ZDU2YzBjZjhhMDZlZGZiZDg5NjNlYTllYzI5N2FkXzMyXzE1XzQzOTgzODIzOV8wXzBfNTJfMF81MzBfMF8w","orgPrice":"\uffe585.00","popularStar":null,"price":"85.00","props":["2018\u65b0\u6b3e\u534a\u9ad8\u9886\u6253\u5e95\u886b\u5973\u88c5\u79cb\u51ac\u4e2d\u9886\u957f\u8896t\u6064\u4fee\u8eab\u9ed1\u8272\u7eaf\u68c9\u7d27\u8eab\u4e0a\u8863"],"ptpC":"_mb_mls_10057922_wap-index_noab-noab","sale":"11","shopId":"1302410076","show":{"h":416,"img":"http://s11.mogucdn.com/mlcdn/c45406/180830_83cka4ghle20j90i5455j1i7li77k_640x960.jpg_320x999.jpg","w":320},"showLarge":{"h":840,"img":"http://s3.mogucdn.com/mlcdn/c45406/180830_83cka4ghle20j90i5455j1i7li77k_640x960.jpg_560x999.jpg","w":560},"title":"2018\u65b0\u6b3e\u534a\u9ad8\u9886\u6253\u5e95\u886b\u5973\u88c5\u79cb\u51ac\u4e2d\u9886\u957f\u8896t\u6064\u4fee\u8eab\u9ed1\u8272\u7eaf\u68c9\u7d27\u8eab\u4e0a\u8863","titleTags":null,"type":2},{"acm":"3.ms.2_1_1lt8w1u.0.70869-69004.s026vr4QXel4V.sd_117-c_2_32_421374748_401843525_53_0-t_-c1_10057922_nil_nil_1_401843525_20_0-lc_32","cfav":"33","clientUrl":"http://item.meilishuo.com/h5/detail/1lt8w1u?acm=3.ms.2_1_1lt8w1u.0.70869-69004.s026vr4QXel4V.sd_117-c_2_32_421374748_401843525_53_0-t_-c1_10057922_nil_nil_1_401843525_20_0-lc_32&cparam=MTUzODA1MzM3OF8xZHhyMXBzX2U4ZmVjNGVjM2U5NDYzOTJmZWFiNzA3YWJhMmRhNWJkXzMyXzE2XzQyMTM3NDc0OF8wXzBfNTNfMF8xMDE0XzBfMA==","cparam":"MTUzODA1MzM3OF8xZHhyMXBzX2U4ZmVjNGVjM2U5NDYzOTJmZWFiNzA3YWJhMmRhNWJkXzMyXzE2XzQyMTM3NDc0OF8wXzBfNTNfMF8xMDE0XzBfMA==","iid":"1lt8w1u","itemMarks":"1525","itemType":7,"leftbottom_taglist":[],"lefttop_taglist":[],"link":"http://item.meilishuo.com/h5/detail/1lt8w1u?acm=3.ms.2_1_1lt8w1u.0.70869-69004.s026vr4QXel4V.sd_117-c_2_32_421374748_401843525_53_0-t_-c1_10057922_nil_nil_1_401843525_20_0-lc_32&cparam=MTUzODA1MzM3OF8xZHhyMXBzX2U4ZmVjNGVjM2U5NDYzOTJmZWFiNzA3YWJhMmRhNWJkXzMyXzE2XzQyMTM3NDc0OF8wXzBfNTNfMF8xMDE0XzBfMA==","orgPrice":"\uffe5240.00","popularStar":null,"price":"168.00","props":["\u804c\u4e1a\u88c5\u7f8e\u5bb9\u5e08\u8fde\u8863\u88d9\u590f2018\u65b0\u6b3e\u65f6\u5c1a\u5de5\u88c5\u6c14\u8d28\u4fee\u8eab\u4e00\u6b65\u88d9\u663e\u7626\u516c\u52a1\u5458\u88d9\u5b50\u9ed1\u8272ol\u6b63\u88c5\u524d\u53f0\u5de5\u4f5c\u670d"],"ptpC":"_mb_mls_10057922_wap-index_noab-noab","sale":"3","shopId":"11068039","show":{"h":416,"img":"http://s11.mogucdn.com/mlcdn/c45406/180314_5d76l69hi1kdd8j09llfgek1h8i7b_1000x1500.jpg_320x999.jpg","w":320},"showLarge":{"h":841,"img":"http://s3.mogucdn.com/mlcdn/c45406/180314_5d76l69hi1kdd8j09llfgek1h8i7b_1000x1500.jpg_560x999.jpg","w":560},"title":"\u804c\u4e1a\u88c5\u7f8e\u5bb9\u5e08\u8fde\u8863\u88d9\u590f2018\u65b0\u6b3e\u65f6\u5c1a\u5de5\u88c5\u6c14\u8d28\u4fee\u8eab\u4e00\u6b65\u88d9\u663e\u7626\u516c\u52a1\u5458\u88d9\u5b50\u9ed1\u8272ol\u6b63\u88c5\u524d\u53f0\u5de5\u4f5c\u670d","titleTags":null,"type":2},{"acm":"3.ms.2_1_1m901la.0.70869-69004.s026vr4QXel4V.sd_117-c_2_32_443337876_0_54_0-t_-c1_10057922_nil_nil_0_0_38_0-lc_32","cfav":"1","clientUrl":"http://item.meilishuo.com/h5/detail/1m901la?acm=3.ms.2_1_1m901la.0.70869-69004.s026vr4QXel4V.sd_117-c_2_32_443337876_0_54_0-t_-c1_10057922_nil_nil_0_0_38_0-lc_32&cparam=MTUzODA1MzM3OF8xZW53amZrX2Y4NWExYzEzYzRkYTMwOWViODA1OGE3ZTYxYmM3ZGVmXzMyXzE3XzQ0MzMzNzg3Nl8wXzBfNTRfMF85ODFfMF8w","cparam":"MTUzODA1MzM3OF8xZW53amZrX2Y4NWExYzEzYzRkYTMwOWViODA1OGE3ZTYxYmM3ZGVmXzMyXzE3XzQ0MzMzNzg3Nl8wXzBfNTRfMF85ODFfMF8w","iid":"1m901la","itemMarks":"1525","itemType":7,"leftbottom_taglist":[],"lefttop_taglist":[],"link":"http://item.meilishuo.com/h5/detail/1m901la?acm=3.ms.2_1_1m901la.0.70869-69004.s026vr4QXel4V.sd_117-c_2_32_443337876_0_54_0-t_-c1_10057922_nil_nil_0_0_38_0-lc_32&cparam=MTUzODA1MzM3OF8xZW53amZrX2Y4NWExYzEzYzRkYTMwOWViODA1OGE3ZTYxYmM3ZGVmXzMyXzE3XzQ0MzMzNzg3Nl8wXzBfNTRfMF85ODFfMF8w","orgPrice":"\uffe549.00","popularStar":null,"price":"49.00","props":["\u52a0\u7ed2\u52a0\u539a\u88e4\u5b50\u5973\u79cb\u51ac2018\u65b0\u6b3e\u5b66\u751f\u97e9\u7248\u5bbd\u677e\u663e\u7626\u4f11\u95f2\u54c8\u4f26\u8fd0\u52a8\u536b\u88e4\u79cb"],"ptpC":"_mb_mls_10057922_wap-index_noab-noab","sale":"1","shopId":"1302414647","show":{"h":416,"img":"http://s11.mogucdn.com/mlcdn/55cf19/180925_6bdiibf87e046d836dcjie5l40fk1_641x641.jpg_320x999.jpg","w":320},"showLarge":{"h":560,"img":"http://s11.mogucdn.com/mlcdn/55cf19/180925_6bdiibf87e046d836dcjie5l40fk1_641x641.jpg_560x999.jpg","w":560},"title":"\u52a0\u7ed2\u52a0\u539a\u88e4\u5b50\u5973\u79cb\u51ac2018\u65b0\u6b3e\u5b66\u751f\u97e9\u7248\u5bbd\u677e\u663e\u7626\u4f11\u95f2\u54c8\u4f26\u8fd0\u52a8\u536b\u88e4\u79cb","titleTags":null,"type":2}],"page":3,"param":{"_mgjuuid":"edf5f46e-94e8-4326-a6c1-6d398ab282c8","cKey":"wap-index","cpcEventId":70005,"cpc_offset":0,"eventId":70003,"fcid":"10057922","page":"3","ptpPartC":"_mb_mls_10057922_wap-index_noab-noab","ptpWallCpc":"_wall_cpc","ptpWallDoc":"_wall_docs","section":"0","sort":"sell"},"ptpPartC":"_mb_mls_10057922_wap-index_noab-noab","sort":"sell","title":"\u7f8e\u4e3d\u8bf4wap\u9996\u9875","total":41774},"returnCode":"1001","returnMessage":null,"success":true}
