{"data":{"cpc_offset":0,"filter":{"list":[{"fcid":"10057922","sort":"pop","style":null,"title":"\u6d41\u884c","type":"sort"},{"fcid":"10057922","sort":"sell","style":null,"title":"\u70ed\u9500","type":"sort"},{"fcid":"10057922","sort":"new","style":null,"title":"\u4e0a\u65b0","type":"sort"}],"title":"\u7f8e\u4e3d\u8bf4wap\u9996\u9875"},"isEnd":false,"list":[{"acm":"3.ms.0_4_1kihxey.0.13385-69004.ni0a4r4QXgGcZ.t_-sd_117-lc_16","cfav":116,"clientUrl":"http://item.meilishuo.com/h5/detail/1kihxey?acm=3.ms.0_4_1kihxey.0.13385-69004.ni0a4r4QXgGcZ.t_-sd_117-lc_16","cparam":null,"iid":"1kihxey","itemMarks":"1711","itemType":5,"leftbottom_taglist":[],"lefttop_taglist":[],"link":"http://item.meilishuo.com/h5/detail/1kihxey?acm=3.ms.0_4_1kihxey.0.13385-69004.ni0a4r4QXgGcZ.t_-sd_117-lc_16","orgPrice":"\uffe557.00","popularStar":0,"price":"57.00","props":["2018\u6625\u79cb\u5b63\u65b0\u6b3e\u97e9\u7248\u767e\u642d\u8fde\u5e3d\u536b\u8863+\u677e\u7d27\u8170\u957f\u88e4\u65f6\u5c1a\u8fd0\u52a8\u5957\u88c5\u4e24\u4ef6\u5957\u5973\u5b66\u751f"],"ptpC":"_mb_mls_10057922_wap-index_noab-noab","sale":3904,"shopId":1302408860,"show":{"h":416,"img":"http://s11.mogucdn.com/mlcdn/c45406/170823_0d997dch3jkl8ed225ejbba76j2lf_640x832.jpg_320x999.jpg","w":320},"showLarge":{"h":728,"img":"http://s3.mogucdn.com/mlcdn/c45406/170823_0d997dch3jkl8ed225ejbba76j2lf_640x832.jpg_560x999.jpg","w":560},"title":"2018\u6625\u79cb\u5b63\u65b0\u6b3e\u97e9\u7248\u767e\u642d\u8fde\u5e3d\u536b\u8863+\u677e\u7d27\u8170\u957f\u88e4\u65f6\u5c1a\u8fd0\u52a8\u5957\u88c5\u4e24\u4ef6\u5957\u5973\u5b66\u751f","titleTags":null,"type":2},{"acm":"3.ms.0_4_1m7jhws.0.13385-69004.ni0a4r4QXgGcZ.t_-sd_117-lc_16","cfav":121,"clientUrl":"http://item.meilishuo.com/h5/detail/1m7jhws?acm=3.ms.0_4_1m7jhws.0.13385-69004.ni0a4r4QXgGcZ.t_-sd_117-lc_16","cparam":null,"iid":"1m7jhws","itemMarks":"1525","itemType":5,"leftbottom_taglist":[],"lefttop_taglist":[],"link":"http://item.meilishuo.com/h5/detail/1m7jhws?acm=3.ms.0_4_1m7jhws.0.13385-69004.ni0a4r4QXgGcZ.t_-sd_117-lc_16","orgPrice":"\uffe598.58","popularStar":0,"price":"69.00","props":["\u65f6\u5c1a\u5957\u88c5\u59732018\u79cb\u51ac\u65b0\u6b3e\u767e\u642d\u6bdb\u8863\u5973+\u65f6\u5c1a\u5bbd\u677e\u663e\u7626\u725b\u4ed4\u80cc\u5e26\u88e4"],"ptpC":"_mb_mls_10057922_wap-index_noab-noab","sale":3890,"shopId":104471,"show":{"h":416,"img":"http://s3.mogucdn.com/mlcdn/55cf19/180822_891ag27iicc1kl0fa93l0iddg45c3_640x960.jpg_320x999.jpg","w":320},"showLarge":{"h":840,"img":"http://s3.mogucdn.com/mlcdn/55cf19/180822_891ag27iicc1kl0fa93l0iddg45c3_640x960.jpg_560x999.jpg","w":560},"title":"\u65f6\u5c1a\u5957\u88c5\u59732018\u79cb\u51ac\u65b0\u6b3e\u767e\u642d\u6bdb\u8863\u5973+\u65f6\u5c1a\u5bbd\u677e\u663e\u7626\u725b\u4ed4\u80cc\u5e26\u88e4","titleTags":null,"type":2},{"acm":"3.ms.2_1_1m4mpuc.0.70869-69004.ni0a4r4QXgGcZ.sd_117-c_2_32_403640346_447682823_55_0-t_-c1_10057922_nil_nil_1_447682823_30_0-lc_32","cfav":"27","clientUrl":"http://item.meilishuo.com/h5/detail/1m4mpuc?acm=3.ms.2_1_1m4mpuc.0.70869-69004.ni0a4r4QXgGcZ.sd_117-c_2_32_403640346_447682823_55_0-t_-c1_10057922_nil_nil_1_447682823_30_0-lc_32&cparam=MTUzODA1MzM4N18xZGNtdHQ4X2I0ZGRmMTY4OTQ5NTk1MDRjMDVlOGM0MjE0N2M2N2M3XzMyXzBfNDAzNjQwMzQ2XzBfMF81NV8wXzg5MV8wXzA=","cparam":"MTUzODA1MzM4N18xZGNtdHQ4X2I0ZGRmMTY4OTQ5NTk1MDRjMDVlOGM0MjE0N2M2N2M3XzMyXzBfNDAzNjQwMzQ2XzBfMF81NV8wXzg5MV8wXzA=","iid":"1m4mpuc","itemMarks":"-1","itemType":7,"leftbottom_taglist":["http://s2.mogucdn.com/p2/170307/1_53je1gbj88bjheidae4al1le4h94i_60x28.png"],"lefttop_taglist":[],"link":"http://item.meilishuo.com/h5/detail/1m4mpuc?acm=3.ms.2_1_1m4mpuc.0.70869-69004.ni0a4r4QXgGcZ.sd_117-c_2_32_403640346_447682823_55_0-t_-c1_10057922_nil_nil_1_447682823_30_0-lc_32&cparam=MTUzODA1MzM4N18xZGNtdHQ4X2I0ZGRmMTY4OTQ5NTk1MDRjMDVlOGM0MjE0N2M2N2M3XzMyXzBfNDAzNjQwMzQ2XzBfMF81NV8wXzg5MV8wXzA=","orgPrice":"\uffe557.00","popularStar":null,"price":"57.00","props":["2018\u590f\u5b63\u65b0\u6b3e\u5973\u88c5\u590d\u53e4\u6e2f\u5473\u6027\u611f\u6ce2\u70b9\u6302\u8116\u4e24\u7a7f\u5b66\u751f\u6253\u5e95\u62b9\u80f8\u5c0f\u540a\u5e26\u80cc\u5fc3\u5973"],"ptpC":"_mb_mls_10057922_wap-index_noab-noab","sale":"5","shopId":"1302437061","show":{"h":416,"img":"http://s11.mogucdn.com/mlcdn/c45406/180621_1h968hc9g2if464j0ld1fc0jc3492_640x960.jpg_320x999.jpg","w":320},"showLarge":{"h":840,"img":"http://s3.mogucdn.com/mlcdn/c45406/180621_1h968hc9g2if464j0ld1fc0jc3492_640x960.jpg_560x999.jpg","w":560},"title":"2018\u590f\u5b63\u65b0\u6b3e\u5973\u88c5\u590d\u53e4\u6e2f\u5473\u6027\u611f\u6ce2\u70b9\u6302\u8116\u4e24\u7a7f\u5b66\u751f\u6253\u5e95\u62b9\u80f8\u5c0f\u540a\u5e26\u80cc\u5fc3\u5973","titleTags":null,"type":2},{"acm":"3.ms.2_1_1m901la.0.70869-69004.ni0a4r4QXgGcZ.sd_117-c_2_32_443337876_0_56_0-t_-c1_10057922_nil_nil_0_0_38_0-lc_32","cfav":"1","clientUrl":"http://item.meilishuo.com/h5/detail/1m901la?acm=3.ms.2_1_1m901la.0.70869-69004.ni0a4r4QXgGcZ.sd_117-c_2_32_443337876_0_56_0-t_-c1_10057922_nil_nil_0_0_38_0-lc_32&cparam=MTUzODA1MzM4N18xZW53amZrXzcyNzU3N2U3NjA3M2M5MTBkOGE0ZTg3MDA5ZGY5MWE5XzMyXzFfNDQzMzM3ODc2XzBfMF81Nl8wXzk4MV8wXzA=","cparam":"MTUzODA1MzM4N18xZW53amZrXzcyNzU3N2U3NjA3M2M5MTBkOGE0ZTg3MDA5ZGY5MWE5XzMyXzFfNDQzMzM3ODc2XzBfMF81Nl8wXzk4MV8wXzA=","iid":"1m901la","itemMarks":"1525","itemType":7,"leftbottom_taglist":["http://s2.mogucdn.com/p2/170307/1_5k6k8eiffl43633479294a49f8gci_60x28.png"],"lefttop_taglist":[],"link":"http://item.meilishuo.com/h5/detail/1m901la?acm=3.ms.2_1_1m901la.0.70869-69004.ni0a4r4QXgGcZ.sd_117-c_2_32_443337876_0_56_0-t_-c1_10057922_nil_nil_0_0_38_0-lc_32&cparam=MTUzODA1MzM4N18xZW53amZrXzcyNzU3N2U3NjA3M2M5MTBkOGE0ZTg3MDA5ZGY5MWE5XzMyXzFfNDQzMzM3ODc2XzBfMF81Nl8wXzk4MV8wXzA=","orgPrice":"\uffe549.00","popularStar":null,"price":"49.00","props":["\u52a0\u7ed2\u52a0\u539a\u88e4\u5b50\u5973\u79cb\u51ac2018\u65b0\u6b3e\u5b66\u751f\u97e9\u7248\u5bbd\u677e\u663e\u7626\u4f11\u95f2\u54c8\u4f26\u8fd0\u52a8\u536b\u88e4\u79cb"],"ptpC":"_mb_mls_10057922_wap-index_noab-noab","sale":"1","shopId":"1302414647","show":{"h":416,"img":"http://s11.mogucdn.com/mlcdn/55cf19/180925_6bdiibf87e046d836dcjie5l40fk1_641x641.jpg_320x999.jpg","w":320},"showLarge":{"h":560,"img":"http://s11.mogucdn.com/mlcdn/55cf19/180925_6bdiibf87e046d836dcjie5l40fk1_641x641.jpg_560x999.jpg","w":560},"title":"\u52a0\u7ed2\u52a0\u539a\u88e4\u5b50\u5973\u79cb\u51ac2018\u65b0\u6b3e\u5b66\u751f\u97e9\u7248\u5bbd\u677e\u663e\u7626\u4f11\u95f2\u54c8\u4f26\u8fd0\u52a8\u536b\u88e4\u79cb","titleTags":null,"type":2},{"acm":"3.ms.0_4_1m7673e.0.13385-69004.ni0a4r4QXgGcZ.t_-sd_117-lc_16","cfav":239,"clientUrl":"http://item.meilishuo.com/h5/detail/1m7673e?acm=3.ms.0_4_1m7673e.0.13385-69004.ni0a4r4QXgGcZ.t_-sd_117-lc_16","cparam":null,"iid":"1m7673e","itemMarks":"1525 1232","itemType":5,"leftbottom_taglist":[],"lefttop_taglist":[],"link":"http://item.meilishuo.com/h5/detail/1m7673e?acm=3.ms.0_4_1m7673e.0.13385-69004.ni0a4r4QXgGcZ.t_-sd_117-lc_16","orgPrice":"\uffe5140.00","popularStar":0,"price":"98.00","props":["\u79cb\u5b63\u7f51\u7ea2\u5973\u65f6\u5c1a\u4e24\u4ef6\u59572018\u65b0\u6b3e\u665a\u665a\u98ce\u6c14\u8d28\u5973\u795e\u8303\u9488\u7ec7\u6e2f\u5473\u5957\u88c5\u88d9\u5b50"],"ptpC":"_mb_mls_10057922_wap-index_noab-noab","sale":3806,"shopId":1302424320,"show":{"h":416,"img":"http://s11.mogucdn.com/mlcdn/c45406/180812_7dg023gflle285h71f1kf8gfi588i_640x960.jpg_320x999.jpg","w":320},"showLarge":{"h":840,"img":"http://s3.mogucdn.com/mlcdn/c45406/180812_7dg023gflle285h71f1kf8gfi588i_640x960.jpg_560x999.jpg","w":560},"title":"\u79cb\u5b63\u7f51\u7ea2\u5973\u65f6\u5c1a\u4e24\u4ef6\u59572018\u65b0\u6b3e\u665a\u665a\u98ce\u6c14\u8d28\u5973\u795e\u8303\u9488\u7ec7\u6e2f\u5473\u5957\u88c5\u88d9\u5b50","titleTags":null,"type":2},{"acm":"3.ms.0_4_1m7zo0e.0.13385-69004.ni0a4r4QXgGcZ.t_-sd_117-lc_16","cfav":91,"clientUrl":"http://item.meilishuo.com/h5/detail/1m7zo0e?acm=3.ms.0_4_1m7zo0e.0.13385-69004.ni0a4r4QXgGcZ.t_-sd_117-lc_16","cparam":null,"iid":"1m7zo0e","itemMarks":"1525","itemType":5,"leftbottom_taglist":[],"lefttop_taglist":[],"link":"http://item.meilishuo.com/h5/detail/1m7zo0e?acm=3.ms.0_4_1m7zo0e.0.13385-69004.ni0a4r4QXgGcZ.t_-sd_117-lc_16","orgPrice":"\uffe598.58","popularStar":0,"price":"69.00","props":["2018\u79cb\u51ac\u65b0\u6b3e\u97e9\u7248\u5bbd\u677e\u5587\u53ed\u8896\u9488\u7ec7\u6bdb\u8863+\u65f6\u5c1a\u6f6e\u6d41\u9ed1\u8272\u663e\u7626\u725b\u4ed4\u80cc\u5e26\u88e4\u5957\u88c5\u4e24\u4ef6\u5957"],"ptpC":"_mb_mls_10057922_wap-index_noab-noab","sale":3734,"shopId":104471,"show":{"h":416,"img":"http://s11.mogucdn.com/mlcdn/55cf19/180901_2k0g5i06kcllef7jdehe9jd15kc2i_640x960.jpg_320x999.jpg","w":320},"showLarge":{"h":840,"img":"http://s11.mogucdn.com/mlcdn/55cf19/180901_2k0g5i06kcllef7jdehe9jd15kc2i_640x960.jpg_560x999.jpg","w":560},"title":"2018\u79cb\u51ac\u65b0\u6b3e\u97e9\u7248\u5bbd\u677e\u5587\u53ed\u8896\u9488\u7ec7\u6bdb\u8863+\u65f6\u5c1a\u6f6e\u6d41\u9ed1\u8272\u663e\u7626\u725b\u4ed4\u80cc\u5e26\u88e4\u5957\u88c5\u4e24\u4ef6\u5957","titleTags":null,"type":2},{"acm":"3.ms.2_1_1m92rau.0.70869-69004.ni0a4r4QXgGcZ.sd_117-c_2_32_444075279_0_57_0-t_-c1_10057922_nil_nil_0_0_40_0-lc_32","cfav":"0","clientUrl":"http://item.meilishuo.com/h5/detail/1m92rau?acm=3.ms.2_1_1m92rau.0.70869-69004.ni0a4r4QXgGcZ.sd_117-c_2_32_444075279_0_57_0-t_-c1_10057922_nil_nil_0_0_40_0-lc_32&cparam=MTUzODA1MzM4N18xZW9zNWVlXzVhZmVjOGUwNjY4ZDc0MzUxYmM5NWIzNmUxZjA0ZjcxXzMyXzJfNDQ0MDc1Mjc5XzBfMF81N18wXzU5M18wXzA=","cparam":"MTUzODA1MzM4N18xZW9zNWVlXzVhZmVjOGUwNjY4ZDc0MzUxYmM5NWIzNmUxZjA0ZjcxXzMyXzJfNDQ0MDc1Mjc5XzBfMF81N18wXzU5M18wXzA=","iid":"1m92rau","itemMarks":"-1","itemType":7,"leftbottom_taglist":[],"lefttop_taglist":[],"link":"http://item.meilishuo.com/h5/detail/1m92rau?acm=3.ms.2_1_1m92rau.0.70869-69004.ni0a4r4QXgGcZ.sd_117-c_2_32_444075279_0_57_0-t_-c1_10057922_nil_nil_0_0_40_0-lc_32&cparam=MTUzODA1MzM4N18xZW9zNWVlXzVhZmVjOGUwNjY4ZDc0MzUxYmM5NWIzNmUxZjA0ZjcxXzMyXzJfNDQ0MDc1Mjc5XzBfMF81N18wXzU5M18wXzA=","orgPrice":"\uffe542.71","popularStar":null,"price":"42.71","props":["\u590f\u88c52018\u65b0\u6b3e\u97e9\u7248\u4fee\u8eab\u5c0f\u540a\u5e26\u80cc\u5fc3\u5973\u5b66\u751f\u663e\u7626\u5185\u7a7f\u65e0\u8896\u6253\u5e95\u886b\u4e0a\u8863\u5973"],"ptpC":"_mb_mls_10057922_wap-index_noab-noab","sale":"0","shopId":"1302409258","show":{"h":416,"img":"http://s3.mogucdn.com/mlcdn/c45406/180927_23414d50hejlg647efd36j6j66jdl_640x960.jpg_320x999.jpg","w":320},"showLarge":{"h":840,"img":"http://s3.mogucdn.com/mlcdn/c45406/180927_23414d50hejlg647efd36j6j66jdl_640x960.jpg_560x999.jpg","w":560},"title":"\u590f\u88c52018\u65b0\u6b3e\u97e9\u7248\u4fee\u8eab\u5c0f\u540a\u5e26\u80cc\u5fc3\u5973\u5b66\u751f\u663e\u7626\u5185\u7a7f\u65e0\u8896\u6253\u5e95\u886b\u4e0a\u8863\u5973","titleTags":null,"type":2},{"acm":"3.ms.2_1_1m8x624.0.70869-69004.ni0a4r4QXgGcZ.sd_117-c_2_32_442704162_466665005_58_0-t_-c1_10057922_nil_nil_1_466665005_30_0-lc_32","cfav":"5","clientUrl":"http://item.meilishuo.com/h5/detail/1m8x624?acm=3.ms.2_1_1m8x624.0.70869-69004.ni0a4r4QXgGcZ.sd_117-c_2_32_442704162_466665005_58_0-t_-c1_10057922_nil_nil_1_466665005_30_0-lc_32&cparam=MTUzODA1MzM4N18xZW41ZGg4X2NlNTVlYzI4ZjE2MDRjOGNhOTg4YzY4YzIwM2Q5ODk4XzMyXzNfNDQyNzA0MTYyXzBfMF81OF8wXzUzOF8wXzA=","cparam":"MTUzODA1MzM4N18xZW41ZGg4X2NlNTVlYzI4ZjE2MDRjOGNhOTg4YzY4YzIwM2Q5ODk4XzMyXzNfNDQyNzA0MTYyXzBfMF81OF8wXzUzOF8wXzA=","iid":"1m8x624","itemMarks":"1525","itemType":7,"leftbottom_taglist":[],"lefttop_taglist":[],"link":"http://item.meilishuo.com/h5/detail/1m8x624?acm=3.ms.2_1_1m8x624.0.70869-69004.ni0a4r4QXgGcZ.sd_117-c_2_32_442704162_466665005_58_0-t_-c1_10057922_nil_nil_1_466665005_30_0-lc_32&cparam=MTUzODA1MzM4N18xZW41ZGg4X2NlNTVlYzI4ZjE2MDRjOGNhOTg4YzY4YzIwM2Q5ODk4XzMyXzNfNDQyNzA0MTYyXzBfMF81OF8wXzUzOF8wXzA=","orgPrice":"\uffe5129.00","popularStar":null,"price":"129.00","props":["\u5e26\u5e3d\u8fd0\u52a8\u670d2018\u79cb\u51ac\u65b0\u6b3e\u97e9\u7248\u65f6\u5c1a\u52a0\u539a\u523a\u7ee3\u91d1\u4e1d\u7ed2\u5973\u58eb\u5bbd\u677e\u4f11\u95f2\u8fde\u5e3d\u8fd0\u52a8\u670d\u536b\u8863\u4e24\u4ef6\u5957\u6f6e"],"ptpC":"_mb_mls_10057922_wap-index_noab-noab","sale":"0","shopId":"1302408692","show":{"h":416,"img":"http://s11.mogucdn.com/mlcdn/55cf19/180923_3jbhe3i9907eii29bl70b07lkdkck_640x960.jpg_320x999.jpg","w":320},"showLarge":{"h":840,"img":"http://s3.mogucdn.com/mlcdn/55cf19/180923_3jbhe3i9907eii29bl70b07lkdkck_640x960.jpg_560x999.jpg","w":560},"title":"\u5e26\u5e3d\u8fd0\u52a8\u670d2018\u79cb\u51ac\u65b0\u6b3e\u97e9\u7248\u65f6\u5c1a\u52a0\u539a\u523a\u7ee3\u91d1\u4e1d\u7ed2\u5973\u58eb\u5bbd\u677e\u4f11\u95f2\u8fde\u5e3d\u8fd0\u52a8\u670d\u536b\u8863\u4e24\u4ef6\u5957\u6f6e","titleTags":null,"type":2},{"acm":"3.ms.2_1_1m8zmoa.0.70869-69004.ni0a4r4QXgGcZ.sd_117-c_2_32_444290750_2042447_59_0-t_-c1_10057922_nil_nil_0_2042447_35_0-lc_32","cfav":"12","clientUrl":"http://item.meilishuo.com/h5/detail/1m8zmoa?acm=3.ms.2_1_1m8zmoa.0.70869-69004.ni0a4r4QXgGcZ.sd_117-c_2_32_444290750_2042447_59_0-t_-c1_10057922_nil_nil_0_2042447_35_0-lc_32&cparam=MTUzODA1MzM4N18xZXAxZHgwX2E3YjhhODQ1NzQ5NGVmMjRhYWNmMjg1MDc2YjUzOGIzXzMyXzRfNDQ0MjkwNzUwXzBfMjA0MjQ0N181OV8wXzE5N18wXzA=","cparam":"MTUzODA1MzM4N18xZXAxZHgwX2E3YjhhODQ1NzQ5NGVmMjRhYWNmMjg1MDc2YjUzOGIzXzMyXzRfNDQ0MjkwNzUwXzBfMjA0MjQ0N181OV8wXzE5N18wXzA=","iid":"1m8zmoa","itemMarks":"352 351","itemType":7,"leftbottom_taglist":[],"lefttop_taglist":[],"link":"http://item.meilishuo.com/h5/detail/1m8zmoa?acm=3.ms.2_1_1m8zmoa.0.70869-69004.ni0a4r4QXgGcZ.sd_117-c_2_32_444290750_2042447_59_0-t_-c1_10057922_nil_nil_0_2042447_35_0-lc_32&cparam=MTUzODA1MzM4N18xZXAxZHgwX2E3YjhhODQ1NzQ5NGVmMjRhYWNmMjg1MDc2YjUzOGIzXzMyXzRfNDQ0MjkwNzUwXzBfMjA0MjQ0N181OV8wXzE5N18wXzA=","orgPrice":"\uffe599.00","popularStar":null,"price":"55.00","props":["\u3010\u79cb\u51ac\u52a0\u539a\u3011\u706f\u82af\u7ed22018\u65b0\u54c1\u767e\u642d\u4f11\u95f2\u88e4\u5973\u97e9\u7248\u6bdb\u5462\u88e4\u5b50\u9ad8\u8170\u663e\u7626\u5bbd\u677e\u4e5d\u5206\u54c8\u4f26\u88e4\u6761\u7eb9\u5927\u7801\u5c0f\u811a\u88e4"],"ptpC":"_mb_mls_10057922_wap-index_noab-noab","sale":"192","shopId":"105980","show":{"h":416,"img":"http://s11.mogucdn.com/mlcdn/17f85e/180926_76fee3df733b8h463gaj3lg6592bb_640x960.jpg_320x999.jpg","w":320},"showLarge":{"h":840,"img":"http://s11.mogucdn.com/mlcdn/17f85e/180926_76fee3df733b8h463gaj3lg6592bb_640x960.jpg_560x999.jpg","w":560},"title":"\u3010\u79cb\u51ac\u52a0\u539a\u3011\u706f\u82af\u7ed22018\u65b0\u54c1\u767e\u642d\u4f11\u95f2\u88e4\u5973\u97e9\u7248\u6bdb\u5462\u88e4\u5b50\u9ad8\u8170\u663e\u7626\u5bbd\u677e\u4e5d\u5206\u54c8\u4f26\u88e4\u6761\u7eb9\u5927\u7801\u5c0f\u811a\u88e4","titleTags":null,"type":2},{"acm":"3.ms.2_1_1m8xdiw.0.70869-69004.ni0a4r4QXgGcZ.sd_117-c_2_32_442803489_2041239_60_0-t_-c1_10057922_nil_nil_0_2041239_30_0-lc_32","cfav":"3","clientUrl":"http://item.meilishuo.com/h5/detail/1m8xdiw?acm=3.ms.2_1_1m8xdiw.0.70869-69004.ni0a4r4QXgGcZ.sd_117-c_2_32_442803489_2041239_60_0-t_-c1_10057922_nil_nil_0_2041239_30_0-lc_32&cparam=MTUzODA1MzM4N18xZW45bXJlXzVlNmNjMjYzNDY2OTRiYWJkZDdmMjliOTUxZDI4ODU2XzMyXzVfNDQyODAzNDg5XzBfMjA0MTIzOV82MF8wXzIxOF8wXzA=","cparam":"MTUzODA1MzM4N18xZW45bXJlXzVlNmNjMjYzNDY2OTRiYWJkZDdmMjliOTUxZDI4ODU2XzMyXzVfNDQyODAzNDg5XzBfMjA0MTIzOV82MF8wXzIxOF8wXzA=","iid":"1m8xdiw","itemMarks":"-1","itemType":7,"leftbottom_taglist":[],"lefttop_taglist":[],"link":"http://item.meilishuo.com/h5/detail/1m8xdiw?acm=3.ms.2_1_1m8xdiw.0.70869-69004.ni0a4r4QXgGcZ.sd_117-c_2_32_442803489_2041239_60_0-t_-c1_10057922_nil_nil_0_2041239_30_0-lc_32&cparam=MTUzODA1MzM4N18xZW45bXJlXzVlNmNjMjYzNDY2OTRiYWJkZDdmMjliOTUxZDI4ODU2XzMyXzVfNDQyODAzNDg5XzBfMjA0MTIzOV82MF8wXzIxOF8wXzA=","orgPrice":"\uffe546.86","popularStar":null,"price":"46.86","props":["2018\u6625\u79cb\u65b0\u6b3e\u97e9\u7248\u80d6mm\u52a0\u80a5\u52a0\u5927\u7801200\u65a4\u523a\u7ee3\u5b57\u6bcd\u6253\u5e95\u886b\u5bbd\u677e\u663e\u7626\u957f\u8896t\u6064\u4e0a\u8863"],"ptpC":"_mb_mls_10057922_wap-index_noab-noab","sale":"0","shopId":"1302415013","show":{"h":416,"img":"http://s3.mogucdn.com/mlcdn/17f85e/180923_7b30c16he2lfdidb6e826kih8eaki_640x960.jpg_320x999.jpg","w":320},"showLarge":{"h":840,"img":"http://s11.mogucdn.com/mlcdn/17f85e/180923_7b30c16he2lfdidb6e826kih8eaki_640x960.jpg_560x999.jpg","w":560},"title":"2018\u6625\u79cb\u65b0\u6b3e\u97e9\u7248\u80d6mm\u52a0\u80a5\u52a0\u5927\u7801200\u65a4\u523a\u7ee3\u5b57\u6bcd\u6253\u5e95\u886b\u5bbd\u677e\u663e\u7626\u957f\u8896t\u6064\u4e0a\u8863","titleTags":null,"type":2},{"acm":"3.ms.0_4_1m745k0.0.13385-69004.ni0a4r4QXgGcZ.t_-sd_117-lc_16","cfav":76,"clientUrl":"http://item.meilishuo.com/h5/detail/1m745k0?acm=3.ms.0_4_1m745k0.0.13385-69004.ni0a4r4QXgGcZ.t_-sd_117-lc_16","cparam":null,"iid":"1m745k0","itemMarks":"1525","itemType":5,"leftbottom_taglist":[],"lefttop_taglist":[],"link":"http://item.meilishuo.com/h5/detail/1m745k0?acm=3.ms.0_4_1m745k0.0.13385-69004.ni0a4r4QXgGcZ.t_-sd_117-lc_16","orgPrice":"\uffe597.15","popularStar":0,"price":"68.00","props":["2018\u79cb\u5b63\u65b0\u6b3e\u97e9\u7248\u5973\u88c5\u5b57\u6bcd\u5370\u82b1\u5bbd\u677e\u8fde\u5e3d\u4f11\u95f2\u536b\u8863\u642d\u914d\u677e\u7d27\u8170\u4e5d\u5206\u725b\u4ed4\u88e4\u4e24\u4ef6\u5957\u5973\u65f6\u5c1a\u8fd0\u52a8\u5957\u88c5\u6f6e"],"ptpC":"_mb_mls_10057922_wap-index_noab-noab","sale":3681,"shopId":1302423026,"show":{"h":416,"img":"http://s11.mogucdn.com/mlcdn/c45406/180811_1k5hfa6d803575df3lkb6j67l5j3c_640x960.jpg_320x999.jpg","w":320},"showLarge":{"h":840,"img":"http://s11.mogucdn.com/mlcdn/c45406/180811_1k5hfa6d803575df3lkb6j67l5j3c_640x960.jpg_560x999.jpg","w":560},"title":"2018\u79cb\u5b63\u65b0\u6b3e\u97e9\u7248\u5973\u88c5\u5b57\u6bcd\u5370\u82b1\u5bbd\u677e\u8fde\u5e3d\u4f11\u95f2\u536b\u8863\u642d\u914d\u677e\u7d27\u8170\u4e5d\u5206\u725b\u4ed4\u88e4\u4e24\u4ef6\u5957\u5973\u65f6\u5c1a\u8fd0\u52a8\u5957\u88c5\u6f6e","titleTags":null,"type":2},{"acm":"3.ms.0_4_1m7przy.0.13385-69004.ni0a4r4QXgGcZ.t_-sd_117-lc_16","cfav":36,"clientUrl":"http://item.meilishuo.com/h5/detail/1m7przy?acm=3.ms.0_4_1m7przy.0.13385-69004.ni0a4r4QXgGcZ.t_-sd_117-lc_16","cparam":null,"iid":"1m7przy","itemMarks":"1525","itemType":5,"leftbottom_taglist":[],"lefttop_taglist":[],"link":"http://item.meilishuo.com/h5/detail/1m7przy?acm=3.ms.0_4_1m7przy.0.13385-69004.ni0a4r4QXgGcZ.t_-sd_117-lc_16","orgPrice":"\uffe598.58","popularStar":0,"price":"69.00","props":["2018\u79cb\u5b63\u65b0\u6b3e\u65f6\u5c1a\u767e\u642d\u732b\u54aa\u523a\u7ee3\u725b\u4ed4\u80cc\u5e26\u88e4+\u8774\u8776\u7ed3\u7cfb\u5e26\u5bbd\u677e\u6bdb\u8863\u4e24\u4ef6\u5957"],"ptpC":"_mb_mls_10057922_wap-index_noab-noab","sale":3618,"shopId":104471,"show":{"h":416,"img":"http://s3.mogucdn.com/mlcdn/c45406/180826_734a2j9fj0f07h6c5bfdbjh1h81bh_640x960.jpg_320x999.jpg","w":320},"showLarge":{"h":840,"img":"http://s3.mogucdn.com/mlcdn/c45406/180826_734a2j9fj0f07h6c5bfdbjh1h81bh_640x960.jpg_560x999.jpg","w":560},"title":"2018\u79cb\u5b63\u65b0\u6b3e\u65f6\u5c1a\u767e\u642d\u732b\u54aa\u523a\u7ee3\u725b\u4ed4\u80cc\u5e26\u88e4+\u8774\u8776\u7ed3\u7cfb\u5e26\u5bbd\u677e\u6bdb\u8863\u4e24\u4ef6\u5957","titleTags":null,"type":2},{"acm":"3.ms.2_1_1m91taw.0.70869-69004.ni0a4r4QXgGcZ.sd_117-c_2_32_444054733_0_61_0-t_-c1_10057922_nil_nil_0_0_30_0-lc_32","cfav":"0","clientUrl":"http://item.meilishuo.com/h5/detail/1m91taw?acm=3.ms.2_1_1m91taw.0.70869-69004.ni0a4r4QXgGcZ.sd_117-c_2_32_444054733_0_61_0-t_-c1_10057922_nil_nil_0_0_30_0-lc_32&cparam=MTUzODA1MzM4N18xZW9yOW95XzhlNjQ5NDZjYTllYjA5NGI0ZWZjMTAwZjQ3ZTQxYzdlXzMyXzZfNDQ0MDU0NzMzXzBfMF82MV8wXzUxNV8wXzA=","cparam":"MTUzODA1MzM4N18xZW9yOW95XzhlNjQ5NDZjYTllYjA5NGI0ZWZjMTAwZjQ3ZTQxYzdlXzMyXzZfNDQ0MDU0NzMzXzBfMF82MV8wXzUxNV8wXzA=","iid":"1m91taw","itemMarks":"352 351","itemType":7,"leftbottom_taglist":[],"lefttop_taglist":[],"link":"http://item.meilishuo.com/h5/detail/1m91taw?acm=3.ms.2_1_1m91taw.0.70869-69004.ni0a4r4QXgGcZ.sd_117-c_2_32_444054733_0_61_0-t_-c1_10057922_nil_nil_0_0_30_0-lc_32&cparam=MTUzODA1MzM4N18xZW9yOW95XzhlNjQ5NDZjYTllYjA5NGI0ZWZjMTAwZjQ3ZTQxYzdlXzMyXzZfNDQ0MDU0NzMzXzBfMF82MV8wXzUxNV8wXzA=","orgPrice":"\uffe570.00","popularStar":null,"price":"70.00","props":["\u4e07\u5e74\u7ecf\u5178\u6761\u7eb9\u4e0a\u8863\u5973\u88c5\u79cb2018\u97e9\u7248\u65b0\u6b3e\u5bbd\u677e\u767e\u642d\u663e\u7626\u62fc\u8272\u6761\u7eb9\u957f\u8896T\u6064\u5973\u5b66\u751f\u539f\u5bbf\u6175\u61d2\u98ce"],"ptpC":"_mb_mls_10057922_wap-index_noab-noab","sale":"0","shopId":"1302401586","show":{"h":416,"img":"http://s3.mogucdn.com/mlcdn/55cf19/180926_7078259k7h0l2ihf67k2hc7ca79ic_640x960.jpg_320x999.jpg","w":320},"showLarge":{"h":840,"img":"http://s11.mogucdn.com/mlcdn/55cf19/180926_7078259k7h0l2ihf67k2hc7ca79ic_640x960.jpg_560x999.jpg","w":560},"title":"\u4e07\u5e74\u7ecf\u5178\u6761\u7eb9\u4e0a\u8863\u5973\u88c5\u79cb2018\u97e9\u7248\u65b0\u6b3e\u5bbd\u677e\u767e\u642d\u663e\u7626\u62fc\u8272\u6761\u7eb9\u957f\u8896T\u6064\u5973\u5b66\u751f\u539f\u5bbf\u6175\u61d2\u98ce","titleTags":null,"type":2},{"acm":"3.ms.2_1_1m91q1c.0.70869-69004.ni0a4r4QXgGcZ.sd_117-c_2_32_444054732_0_62_0-t_-c1_10057922_nil_nil_0_0_30_0-lc_32","cfav":"0","clientUrl":"http://item.meilishuo.com/h5/detail/1m91q1c?acm=3.ms.2_1_1m91q1c.0.70869-69004.ni0a4r4QXgGcZ.sd_117-c_2_32_444054732_0_62_0-t_-c1_10057922_nil_nil_0_0_30_0-lc_32&cparam=MTUzODA1MzM4N18xZW9yOW93XzM1ZTc4YWEyOTVmYzAyZjM3MjQ0OGQ3ZmJjOWMxZjE4XzMyXzdfNDQ0MDU0NzMyXzBfMF82Ml8wXzUxNV8wXzA=","cparam":"MTUzODA1MzM4N18xZW9yOW93XzM1ZTc4YWEyOTVmYzAyZjM3MjQ0OGQ3ZmJjOWMxZjE4XzMyXzdfNDQ0MDU0NzMyXzBfMF82Ml8wXzUxNV8wXzA=","iid":"1m91q1c","itemMarks":"352 351","itemType":7,"leftbottom_taglist":[],"lefttop_taglist":[],"link":"http://item.meilishuo.com/h5/detail/1m91q1c?acm=3.ms.2_1_1m91q1c.0.70869-69004.ni0a4r4QXgGcZ.sd_117-c_2_32_444054732_0_62_0-t_-c1_10057922_nil_nil_0_0_30_0-lc_32&cparam=MTUzODA1MzM4N18xZW9yOW93XzM1ZTc4YWEyOTVmYzAyZjM3MjQ0OGQ3ZmJjOWMxZjE4XzMyXzdfNDQ0MDU0NzMyXzBfMF82Ml8wXzUxNV8wXzA=","orgPrice":"\uffe568.00","popularStar":null,"price":"68.00","props":["\u79cb\u5b632018\u65b0\u6b3e\u97e9\u7248\u6761\u7eb9T\u6064\u5973\u957f\u8896\u5bbd\u677e\u5b66\u751f\u767e\u642d\u5c0f\u6e05\u65b0\u6253\u5e95\u886b\u539f\u5bbf\u98ce\u6175\u61d2\u6e2f\u5473\u4e0a\u8863\u670d"],"ptpC":"_mb_mls_10057922_wap-index_noab-noab","sale":"0","shopId":"1302401586","show":{"h":416,"img":"http://s3.mogucdn.com/mlcdn/55cf19/180926_1j176fab5g21kd3ib9jlgj751dcgh_640x960.jpg_320x999.jpg","w":320},"showLarge":{"h":840,"img":"http://s11.mogucdn.com/mlcdn/55cf19/180926_1j176fab5g21kd3ib9jlgj751dcgh_640x960.jpg_560x999.jpg","w":560},"title":"\u79cb\u5b632018\u65b0\u6b3e\u97e9\u7248\u6761\u7eb9T\u6064\u5973\u957f\u8896\u5bbd\u677e\u5b66\u751f\u767e\u642d\u5c0f\u6e05\u65b0\u6253\u5e95\u886b\u539f\u5bbf\u98ce\u6175\u61d2\u6e2f\u5473\u4e0a\u8863\u670d","titleTags":null,"type":2},{"acm":"3.ms.0_4_1m80gqi.0.13385-69004.ni0a4r4QXgGcZ.t_-sd_117-lc_16","cfav":18,"clientUrl":"http://item.meilishuo.com/h5/detail/1m80gqi?acm=3.ms.0_4_1m80gqi.0.13385-69004.ni0a4r4QXgGcZ.t_-sd_117-lc_16","cparam":null,"iid":"1m80gqi","itemMarks":"1525","itemType":5,"leftbottom_taglist":[],"lefttop_taglist":[],"link":"http://item.meilishuo.com/h5/detail/1m80gqi?acm=3.ms.0_4_1m80gqi.0.13385-69004.ni0a4r4QXgGcZ.t_-sd_117-lc_16","orgPrice":"\uffe584.29","popularStar":0,"price":"59.00","props":["2018\u79cb\u5b63\u65b0\u6b3e\u5bbd\u677e\u4e2d\u957f\u6b3e\u5370\u82b1\u536b\u8863\u5973+\u5305\u81c0\u5f00\u53c9\u534a\u8eab\u88d9\u5957\u88c5\u4e24\u4ef6\u5957"],"ptpC":"_mb_mls_10057922_wap-index_noab-noab","sale":3575,"shopId":104471,"show":{"h":416,"img":"http://s11.mogucdn.com/mlcdn/55cf19/180901_09l36d4lhdf10if8g5cl877df973j_640x960.jpg_320x999.jpg","w":320},"showLarge":{"h":840,"img":"http://s11.mogucdn.com/mlcdn/55cf19/180901_09l36d4lhdf10if8g5cl877df973j_640x960.jpg_560x999.jpg","w":560},"title":"2018\u79cb\u5b63\u65b0\u6b3e\u5bbd\u677e\u4e2d\u957f\u6b3e\u5370\u82b1\u536b\u8863\u5973+\u5305\u81c0\u5f00\u53c9\u534a\u8eab\u88d9\u5957\u88c5\u4e24\u4ef6\u5957","titleTags":null,"type":2},{"acm":"3.ms.0_4_1m7ljee.0.13385-69004.ni0a4r4QXgGcZ.t_-sd_117-lc_16","cfav":148,"clientUrl":"http://item.meilishuo.com/h5/detail/1m7ljee?acm=3.ms.0_4_1m7ljee.0.13385-69004.ni0a4r4QXgGcZ.t_-sd_117-lc_16","cparam":null,"iid":"1m7ljee","itemMarks":"1232","itemType":5,"leftbottom_taglist":[],"lefttop_taglist":[],"link":"http://item.meilishuo.com/h5/detail/1m7ljee?acm=3.ms.0_4_1m7ljee.0.13385-69004.ni0a4r4QXgGcZ.t_-sd_117-lc_16","orgPrice":"\uffe5127.15","popularStar":0,"price":"89.00","props":["\u79cb\u5b632018\u65b0\u6b3e\u97e9\u7248\u5bbd\u677e\u5f00\u886b\u8fde\u5e3d\u957f\u8896\u536b\u8863\u5916\u5957\u540a\u5e26\u88d9\u80cc\u5fc3\u88d9\u663e\u7626\u8fde\u8863\u88d9\u5b50\u65f6\u5c1a\u5957\u88c5\u79cb\u88c5\u4e24\u4ef6\u5957\u5973\u88c5"],"ptpC":"_mb_mls_10057922_wap-index_noab-noab","sale":3496,"shopId":111485,"show":{"h":416,"img":"http://s3.mogucdn.com/mlcdn/c45406/180827_8aa0ajci5142eic7lj870jlhe26gg_640x960.jpg_320x999.jpg","w":320},"showLarge":{"h":840,"img":"http://s3.mogucdn.com/mlcdn/c45406/180827_8aa0ajci5142eic7lj870jlhe26gg_640x960.jpg_560x999.jpg","w":560},"title":"\u79cb\u5b632018\u65b0\u6b3e\u97e9\u7248\u5bbd\u677e\u5f00\u886b\u8fde\u5e3d\u957f\u8896\u536b\u8863\u5916\u5957\u540a\u5e26\u88d9\u80cc\u5fc3\u88d9\u663e\u7626\u8fde\u8863\u88d9\u5b50\u65f6\u5c1a\u5957\u88c5\u79cb\u88c5\u4e24\u4ef6\u5957\u5973\u88c5","titleTags":null,"type":2},{"acm":"3.ms.2_1_1m92r4q.0.70869-69004.ni0a4r4QXgGcZ.sd_117-c_2_32_444075283_0_63_0-t_-c1_10057922_nil_nil_0_0_40_0-lc_32","cfav":"0","clientUrl":"http://item.meilishuo.com/h5/detail/1m92r4q?acm=3.ms.2_1_1m92r4q.0.70869-69004.ni0a4r4QXgGcZ.sd_117-c_2_32_444075283_0_63_0-t_-c1_10057922_nil_nil_0_0_40_0-lc_32&cparam=MTUzODA1MzM4N18xZW9zNWVtXzY1MTUyNzBjNzY5OGNiNWE1MjFkN2Y3YzAxMjMwMjZmXzMyXzhfNDQ0MDc1MjgzXzBfMF82M18wXzU5M18wXzA=","cparam":"MTUzODA1MzM4N18xZW9zNWVtXzY1MTUyNzBjNzY5OGNiNWE1MjFkN2Y3YzAxMjMwMjZmXzMyXzhfNDQ0MDc1MjgzXzBfMF82M18wXzU5M18wXzA=","iid":"1m92r4q","itemMarks":"-1","itemType":7,"leftbottom_taglist":[],"lefttop_taglist":[],"link":"http://item.meilishuo.com/h5/detail/1m92r4q?acm=3.ms.2_1_1m92r4q.0.70869-69004.ni0a4r4QXgGcZ.sd_117-c_2_32_444075283_0_63_0-t_-c1_10057922_nil_nil_0_0_40_0-lc_32&cparam=MTUzODA1MzM4N18xZW9zNWVtXzY1MTUyNzBjNzY5OGNiNWE1MjFkN2Y3YzAxMjMwMjZmXzMyXzhfNDQ0MDc1MjgzXzBfMF82M18wXzU5M18wXzA=","orgPrice":"\uffe542.71","popularStar":null,"price":"42.71","props":["\u540a\u5e26\u80cc\u5fc3\u59732018\u590f\u5b63\u65b0\u6b3e\u5185\u7a7f\u5916\u7a7f\u6253\u5e95\u80cc\u5fc3\u88f9\u80f8\u97e9\u7248\u5b66\u751f\u540a\u5e26\u6253\u5e95\u886b"],"ptpC":"_mb_mls_10057922_wap-index_noab-noab","sale":"0","shopId":"1302409258","show":{"h":416,"img":"http://s3.mogucdn.com/mlcdn/c45406/180927_245533i8jdjf722f654lee42ae12i_640x960.jpg_320x999.jpg","w":320},"showLarge":{"h":840,"img":"http://s3.mogucdn.com/mlcdn/c45406/180927_245533i8jdjf722f654lee42ae12i_640x960.jpg_560x999.jpg","w":560},"title":"\u540a\u5e26\u80cc\u5fc3\u59732018\u590f\u5b63\u65b0\u6b3e\u5185\u7a7f\u5916\u7a7f\u6253\u5e95\u80cc\u5fc3\u88f9\u80f8\u97e9\u7248\u5b66\u751f\u540a\u5e26\u6253\u5e95\u886b","titleTags":null,"type":2},{"acm":"3.ms.2_1_1m6z49e.0.70869-69004.ni0a4r4QXgGcZ.sd_117-c_2_32_444377108_0_64_0-t_-c1_10057922_nil_nil_0_0_30_0-lc_32","cfav":"95","clientUrl":"http://item.meilishuo.com/h5/detail/1m6z49e?acm=3.ms.2_1_1m6z49e.0.70869-69004.ni0a4r4QXgGcZ.sd_117-c_2_32_444377108_0_64_0-t_-c1_10057922_nil_nil_0_0_30_0-lc_32&cparam=MTUzODA1MzM4N18xZXA1MzZvXzEyNjJmYmQ4NmIwMjE4ODlhMzc2ZTJjMTBiYzdiZmZiXzMyXzlfNDQ0Mzc3MTA4XzBfMF82NF8wXzM0NV8wXzA=","cparam":"MTUzODA1MzM4N18xZXA1MzZvXzEyNjJmYmQ4NmIwMjE4ODlhMzc2ZTJjMTBiYzdiZmZiXzMyXzlfNDQ0Mzc3MTA4XzBfMF82NF8wXzM0NV8wXzA=","iid":"1m6z49e","itemMarks":"1525","itemType":7,"leftbottom_taglist":[],"lefttop_taglist":[],"link":"http://item.meilishuo.com/h5/detail/1m6z49e?acm=3.ms.2_1_1m6z49e.0.70869-69004.ni0a4r4QXgGcZ.sd_117-c_2_32_444377108_0_64_0-t_-c1_10057922_nil_nil_0_0_30_0-lc_32&cparam=MTUzODA1MzM4N18xZXA1MzZvXzEyNjJmYmQ4NmIwMjE4ODlhMzc2ZTJjMTBiYzdiZmZiXzMyXzlfNDQ0Mzc3MTA4XzBfMF82NF8wXzM0NV8wXzA=","orgPrice":"\uffe564.29","popularStar":null,"price":"45.00","props":["\u79cb\u5b632018\u65b0\u6b3e\u767e\u642d\u5b66\u751f\u95fa\u871c\u88c5V\u9886\u957f\u8896\u6761\u7eb9\u6253\u5e95\u886b\u5bbd\u677e\u4e0a\u8863\u79cb\u51ac\u97e9\u7248\u4fee\u8eab\u663e\u7626\u77ed\u6b3e\u7eaf\u68c9t\u6064\u5973\u5c0f\u886b"],"ptpC":"_mb_mls_10057922_wap-index_noab-noab","sale":"58","shopId":"1300046885","show":{"h":416,"img":"http://s11.mogucdn.com/mlcdn/c45406/180807_43jj257hd8gd5g04605957la67f6j_640x960.jpg_320x999.jpg","w":320},"showLarge":{"h":840,"img":"http://s3.mogucdn.com/mlcdn/c45406/180807_43jj257hd8gd5g04605957la67f6j_640x960.jpg_560x999.jpg","w":560},"title":"\u79cb\u5b632018\u65b0\u6b3e\u767e\u642d\u5b66\u751f\u95fa\u871c\u88c5V\u9886\u957f\u8896\u6761\u7eb9\u6253\u5e95\u886b\u5bbd\u677e\u4e0a\u8863\u79cb\u51ac\u97e9\u7248\u4fee\u8eab\u663e\u7626\u77ed\u6b3e\u7eaf\u68c9t\u6064\u5973\u5c0f\u886b","titleTags":null,"type":2},{"acm":"3.ms.2_1_1ltkm84.0.70869-69004.ni0a4r4QXgGcZ.sd_117-c_2_32_444116075_403105041_65_0-t_-c1_10057922_nil_nil_1_403105041_30_0-lc_32","cfav":"3903","clientUrl":"http://item.meilishuo.com/h5/detail/1ltkm84?acm=3.ms.2_1_1ltkm84.0.70869-69004.ni0a4r4QXgGcZ.sd_117-c_2_32_444116075_403105041_65_0-t_-c1_10057922_nil_nil_1_403105041_30_0-lc_32&cparam=MTUzODA1MzM4N18xZW90d2N1XzZlNDA5MjUxMDdhZGM3OWQ1OTg0MWM3OWQ4MGIzNjIzXzMyXzEwXzQ0NDExNjA3NV8wXzBfNjVfMF85NTZfMF8w","cparam":"MTUzODA1MzM4N18xZW90d2N1XzZlNDA5MjUxMDdhZGM3OWQ1OTg0MWM3OWQ4MGIzNjIzXzMyXzEwXzQ0NDExNjA3NV8wXzBfNjVfMF85NTZfMF8w","iid":"1ltkm84","itemMarks":"352 82 351","itemType":7,"leftbottom_taglist":[],"lefttop_taglist":[],"link":"http://item.meilishuo.com/h5/detail/1ltkm84?acm=3.ms.2_1_1ltkm84.0.70869-69004.ni0a4r4QXgGcZ.sd_117-c_2_32_444116075_403105041_65_0-t_-c1_10057922_nil_nil_1_403105041_30_0-lc_32&cparam=MTUzODA1MzM4N18xZW90d2N1XzZlNDA5MjUxMDdhZGM3OWQ1OTg0MWM3OWQ4MGIzNjIzXzMyXzEwXzQ0NDExNjA3NV8wXzBfNjVfMF85NTZfMF8w","orgPrice":"\uffe5108.00","popularStar":null,"price":"108.00","props":["2018\u79cb\u88c5\u65b0\u6b3eins\u8d85\u706b\u97e9\u7248\u5973\u88c5\u5fae\u5587\u53ed\u88e4\u5973\u4e5d\u5206\u88e4\u9ad8\u8170\u663e\u7626\u5f39\u529b\u5fae\u5587\u88e4\u9ed1\u8272\u8584\u6b3e\u4fee\u8eab\u9614\u817f\u4f11\u95f2\u88e4"],"ptpC":"_mb_mls_10057922_wap-index_noab-noab","sale":"242","shopId":"21849440","show":{"h":416,"img":"http://s3.mogucdn.com/mlcdn/c45406/180316_0l422k59b28kf6ef1h5i2j0g25ba8_1000x1498.jpg_320x999.jpg","w":320},"showLarge":{"h":839,"img":"http://s11.mogucdn.com/mlcdn/c45406/180316_0l422k59b28kf6ef1h5i2j0g25ba8_1000x1498.jpg_560x999.jpg","w":560},"title":"2018\u79cb\u88c5\u65b0\u6b3eins\u8d85\u706b\u97e9\u7248\u5973\u88c5\u5fae\u5587\u53ed\u88e4\u5973\u4e5d\u5206\u88e4\u9ad8\u8170\u663e\u7626\u5f39\u529b\u5fae\u5587\u88e4\u9ed1\u8272\u8584\u6b3e\u4fee\u8eab\u9614\u817f\u4f11\u95f2\u88e4","titleTags":null,"type":2},{"acm":"3.ms.2_1_1m766be.0.70869-69004.ni0a4r4QXgGcZ.sd_117-c_2_32_444075300_0_66_0-t_-c1_10057922_nil_nil_0_0_40_0-lc_32","cfav":"21","clientUrl":"http://item.meilishuo.com/h5/detail/1m766be?acm=3.ms.2_1_1m766be.0.70869-69004.ni0a4r4QXgGcZ.sd_117-c_2_32_444075300_0_66_0-t_-c1_10057922_nil_nil_0_0_40_0-lc_32&cparam=MTUzODA1MzM4N18xZW9zNWZrXzRkZWYwMDFmNTE2YjE0NWYyYjc3NzhlZWQ4YjBhNWZjXzMyXzExXzQ0NDA3NTMwMF8wXzBfNjZfMF81OTNfMF8w","cparam":"MTUzODA1MzM4N18xZW9zNWZrXzRkZWYwMDFmNTE2YjE0NWYyYjc3NzhlZWQ4YjBhNWZjXzMyXzExXzQ0NDA3NTMwMF8wXzBfNjZfMF81OTNfMF8w","iid":"1m766be","itemMarks":"1525 352 351","itemType":7,"leftbottom_taglist":[],"lefttop_taglist":[],"link":"http://item.meilishuo.com/h5/detail/1m766be?acm=3.ms.2_1_1m766be.0.70869-69004.ni0a4r4QXgGcZ.sd_117-c_2_32_444075300_0_66_0-t_-c1_10057922_nil_nil_0_0_40_0-lc_32&cparam=MTUzODA1MzM4N18xZW9zNWZrXzRkZWYwMDFmNTE2YjE0NWYyYjc3NzhlZWQ4YjBhNWZjXzMyXzExXzQ0NDA3NTMwMF8wXzBfNjZfMF81OTNfMF8w","orgPrice":"\uffe542.70","popularStar":null,"price":"42.70","props":["2018\u590f\u5b63\u65b0\u6b3e\u5f39\u529b\u5b57\u6bcd\u5c0f\u540a\u5e26\u80cc\u5fc3\u5973\u4fee\u8eab\u663e\u7626\u5185\u642d\u5916\u7a7f\u6253\u5e95\u886b"],"ptpC":"_mb_mls_10057922_wap-index_noab-noab","sale":"84","shopId":"1302409258","show":{"h":416,"img":"http://s11.mogucdn.com/mlcdn/c45406/180812_611ab9a936af7chhbb02da96kh5k8_640x960.jpg_320x999.jpg","w":320},"showLarge":{"h":840,"img":"http://s3.mogucdn.com/mlcdn/c45406/180812_611ab9a936af7chhbb02da96kh5k8_640x960.jpg_560x999.jpg","w":560},"title":"2018\u590f\u5b63\u65b0\u6b3e\u5f39\u529b\u5b57\u6bcd\u5c0f\u540a\u5e26\u80cc\u5fc3\u5973\u4fee\u8eab\u663e\u7626\u5185\u642d\u5916\u7a7f\u6253\u5e95\u886b","titleTags":null,"type":2},{"acm":"3.ms.0_4_1m6s768.0.13385-69004.ni0a4r4QXgGcZ.t_-sd_117-lc_16","cfav":78,"clientUrl":"http://item.meilishuo.com/h5/detail/1m6s768?acm=3.ms.0_4_1m6s768.0.13385-69004.ni0a4r4QXgGcZ.t_-sd_117-lc_16","cparam":null,"iid":"1m6s768","itemMarks":"1525","itemType":5,"leftbottom_taglist":[],"lefttop_taglist":[],"link":"http://item.meilishuo.com/h5/detail/1m6s768?acm=3.ms.0_4_1m6s768.0.13385-69004.ni0a4r4QXgGcZ.t_-sd_117-lc_16","orgPrice":"\uffe599.00","popularStar":0,"price":"99.00","props":["2018\u79cb\u5b63\u65b0\u6b3e\u683c\u5b50\u886c\u886b\u5973\u957f\u8896\u97e9\u7248\u590d\u53e4\u706f\u7b3c\u8896\u5b66\u751f\u5bbd\u677e\u6ce1\u6ce1\u8896\u5927\u7801\u5a03\u5a03\u886bB24"],"ptpC":"_mb_mls_10057922_wap-index_noab-noab","sale":3441,"shopId":1302439868,"show":{"h":416,"img":"http://s11.mogucdn.com/mlcdn/c45406/180803_7ed1i8bkhlgkdh733j724ed22a0fh_640x960.jpg_320x999.jpg","w":320},"showLarge":{"h":840,"img":"http://s3.mogucdn.com/mlcdn/c45406/180803_7ed1i8bkhlgkdh733j724ed22a0fh_640x960.jpg_560x999.jpg","w":560},"title":"2018\u79cb\u5b63\u65b0\u6b3e\u683c\u5b50\u886c\u886b\u5973\u957f\u8896\u97e9\u7248\u590d\u53e4\u706f\u7b3c\u8896\u5b66\u751f\u5bbd\u677e\u6ce1\u6ce1\u8896\u5927\u7801\u5a03\u5a03\u886bB24","titleTags":null,"type":2},{"acm":"3.ms.0_4_1ltjv8c.0.13385-69004.ni0a4r4QXgGcZ.t_-sd_117-lc_16","cfav":197,"clientUrl":"http://item.meilishuo.com/h5/detail/1ltjv8c?acm=3.ms.0_4_1ltjv8c.0.13385-69004.ni0a4r4QXgGcZ.t_-sd_117-lc_16","cparam":null,"iid":"1ltjv8c","itemMarks":"1525","itemType":5,"leftbottom_taglist":[],"lefttop_taglist":[],"link":"http://item.meilishuo.com/h5/detail/1ltjv8c?acm=3.ms.0_4_1ltjv8c.0.13385-69004.ni0a4r4QXgGcZ.t_-sd_117-lc_16","orgPrice":"\uffe577.15","popularStar":0,"price":"54.00","props":["2018\u5916\u5957\u5973\u79cb\u5b63\u65b0\u6b3e\u5973\u88c5\u65f6\u5c1a\u5957\u88c5\u97e9\u7248\u62fc\u8272\u9488\u7ec7\u5f00\u886b\u4e2d\u957f\u6b3e\u6bdb\u8863\u5916\u5957\u5c0f\u6e05\u65b0\u683c\u5b50\u886c\u886b\u725b\u4ed4\u88e4\u4e09\u4ef6\u5957"],"ptpC":"_mb_mls_10057922_wap-index_noab-noab","sale":3254,"shopId":108449,"show":{"h":416,"img":"http://s3.mogucdn.com/mlcdn/c45406/180316_16k6dj8ff3ka9ci31djgj9999a985_640x960.jpg_320x999.jpg","w":320},"showLarge":{"h":840,"img":"http://s11.mogucdn.com/mlcdn/c45406/180316_16k6dj8ff3ka9ci31djgj9999a985_640x960.jpg_560x999.jpg","w":560},"title":"2018\u5916\u5957\u5973\u79cb\u5b63\u65b0\u6b3e\u5973\u88c5\u65f6\u5c1a\u5957\u88c5\u97e9\u7248\u62fc\u8272\u9488\u7ec7\u5f00\u886b\u4e2d\u957f\u6b3e\u6bdb\u8863\u5916\u5957\u5c0f\u6e05\u65b0\u683c\u5b50\u886c\u886b\u725b\u4ed4\u88e4\u4e09\u4ef6\u5957","titleTags":null,"type":2},{"acm":"3.ms.2_1_1m70m28.0.70869-69004.ni0a4r4QXgGcZ.sd_117-c_2_32_444377107_0_67_0-t_-c1_10057922_nil_nil_0_0_30_0-lc_32","cfav":"9","clientUrl":"http://item.meilishuo.com/h5/detail/1m70m28?acm=3.ms.2_1_1m70m28.0.70869-69004.ni0a4r4QXgGcZ.sd_117-c_2_32_444377107_0_67_0-t_-c1_10057922_nil_nil_0_0_30_0-lc_32&cparam=MTUzODA1MzM4N18xZXA1MzZtXzhiNzJlODgwNGZjOGM5YmNiZWU1NDAwZmQ0YjgwYjBlXzMyXzEyXzQ0NDM3NzEwN18wXzBfNjdfMF8zNDVfMF8w","cparam":"MTUzODA1MzM4N18xZXA1MzZtXzhiNzJlODgwNGZjOGM5YmNiZWU1NDAwZmQ0YjgwYjBlXzMyXzEyXzQ0NDM3NzEwN18wXzBfNjdfMF8zNDVfMF8w","iid":"1m70m28","itemMarks":"1525","itemType":7,"leftbottom_taglist":[],"lefttop_taglist":[],"link":"http://item.meilishuo.com/h5/detail/1m70m28?acm=3.ms.2_1_1m70m28.0.70869-69004.ni0a4r4QXgGcZ.sd_117-c_2_32_444377107_0_67_0-t_-c1_10057922_nil_nil_0_0_30_0-lc_32&cparam=MTUzODA1MzM4N18xZXA1MzZtXzhiNzJlODgwNGZjOGM5YmNiZWU1NDAwZmQ0YjgwYjBlXzMyXzEyXzQ0NDM3NzEwN18wXzBfNjdfMF8zNDVfMF8w","orgPrice":"\uffe564.29","popularStar":null,"price":"45.00","props":["\u79cb\u51ac\u65b0\u6b3eV\u9886\u649e\u8272\u6761\u7eb9\u957f\u8896\u6253\u5e95\u886b\u5bbd\u677e\u77ed\u6b3e\u4e0a\u8863\u5c0f\u886b2018\u79cb\u5b63\u97e9\u7248\u767e\u642d\u5b66\u751f\u95fa\u871c\u88c5\u663e\u7626\u7eaf\u68c9t\u6064\u5973"],"ptpC":"_mb_mls_10057922_wap-index_noab-noab","sale":"6","shopId":"1300046885","show":{"h":416,"img":"http://s11.mogucdn.com/mlcdn/c45406/180808_830ji849kbjbci113j19e11igkf44_640x960.jpg_320x999.jpg","w":320},"showLarge":{"h":840,"img":"http://s3.mogucdn.com/mlcdn/c45406/180808_830ji849kbjbci113j19e11igkf44_640x960.jpg_560x999.jpg","w":560},"title":"\u79cb\u51ac\u65b0\u6b3eV\u9886\u649e\u8272\u6761\u7eb9\u957f\u8896\u6253\u5e95\u886b\u5bbd\u677e\u77ed\u6b3e\u4e0a\u8863\u5c0f\u886b2018\u79cb\u5b63\u97e9\u7248\u767e\u642d\u5b66\u751f\u95fa\u871c\u88c5\u663e\u7626\u7eaf\u68c9t\u6064\u5973","titleTags":null,"type":2},{"acm":"3.ms.2_1_1m7jtbq.0.70869-69004.ni0a4r4QXgGcZ.sd_117-c_2_32_444377113_0_68_0-t_-c1_10057922_nil_nil_0_0_30_0-lc_32","cfav":"12","clientUrl":"http://item.meilishuo.com/h5/detail/1m7jtbq?acm=3.ms.2_1_1m7jtbq.0.70869-69004.ni0a4r4QXgGcZ.sd_117-c_2_32_444377113_0_68_0-t_-c1_10057922_nil_nil_0_0_30_0-lc_32&cparam=MTUzODA1MzM4N18xZXA1MzZ5X2VkMDM1NjYyN2I3NjBjNTBiNDU1Yjg1NWYyZTBjY2VlXzMyXzEzXzQ0NDM3NzExM18wXzBfNjhfMF8zNDVfMF8w","cparam":"MTUzODA1MzM4N18xZXA1MzZ5X2VkMDM1NjYyN2I3NjBjNTBiNDU1Yjg1NWYyZTBjY2VlXzMyXzEzXzQ0NDM3NzExM18wXzBfNjhfMF8zNDVfMF8w","iid":"1m7jtbq","itemMarks":"1525","itemType":7,"leftbottom_taglist":[],"lefttop_taglist":[],"link":"http://item.meilishuo.com/h5/detail/1m7jtbq?acm=3.ms.2_1_1m7jtbq.0.70869-69004.ni0a4r4QXgGcZ.sd_117-c_2_32_444377113_0_68_0-t_-c1_10057922_nil_nil_0_0_30_0-lc_32&cparam=MTUzODA1MzM4N18xZXA1MzZ5X2VkMDM1NjYyN2I3NjBjNTBiNDU1Yjg1NWYyZTBjY2VlXzMyXzEzXzQ0NDM3NzExM18wXzBfNjhfMF8zNDVfMF8w","orgPrice":"\uffe564.29","popularStar":null,"price":"45.00","props":["\u79cb\u5b63\u65b0\u6b3e\u767e\u642d\u5b66\u751f\u95fa\u871c\u88c5V\u9886\u957f\u8896\u7af9\u8282\u68c9t\u6064\u59732018\u79cb\u51ac\u97e9\u7248\u5bbd\u677e\u663e\u7626\u7eaf\u8272\u6253\u5e95\u886b\u77ed\u6b3e\u4e0a\u8863\u670d\u4f53\u6064"],"ptpC":"_mb_mls_10057922_wap-index_noab-noab","sale":"14","shopId":"1300046885","show":{"h":416,"img":"http://s3.mogucdn.com/mlcdn/c45406/180822_5d29k4j5g79jg043f591f6igbcdg6_640x960.jpg_320x999.jpg","w":320},"showLarge":{"h":840,"img":"http://s11.mogucdn.com/mlcdn/c45406/180822_5d29k4j5g79jg043f591f6igbcdg6_640x960.jpg_560x999.jpg","w":560},"title":"\u79cb\u5b63\u65b0\u6b3e\u767e\u642d\u5b66\u751f\u95fa\u871c\u88c5V\u9886\u957f\u8896\u7af9\u8282\u68c9t\u6064\u59732018\u79cb\u51ac\u97e9\u7248\u5bbd\u677e\u663e\u7626\u7eaf\u8272\u6253\u5e95\u886b\u77ed\u6b3e\u4e0a\u8863\u670d\u4f53\u6064","titleTags":null,"type":2},{"acm":"3.ms.0_4_1m6qihk.0.13385-69004.ni0a4r4QXgGcZ.t_-sd_117-lc_16","cfav":21,"clientUrl":"http://item.meilishuo.com/h5/detail/1m6qihk?acm=3.ms.0_4_1m6qihk.0.13385-69004.ni0a4r4QXgGcZ.t_-sd_117-lc_16","cparam":null,"iid":"1m6qihk","itemMarks":"1525 82","itemType":5,"leftbottom_taglist":[],"lefttop_taglist":[],"link":"http://item.meilishuo.com/h5/detail/1m6qihk?acm=3.ms.0_4_1m6qihk.0.13385-69004.ni0a4r4QXgGcZ.t_-sd_117-lc_16","orgPrice":"\uffe5185.00","popularStar":0,"price":"129.50","props":["\u7f51\u7ea2\u540c\u6b3e2018\u79cb\u51ac\u65b0\u6b3e\u5973\u88c5\u97e9\u7248\u6c14\u8d28\u65f6\u9ae6\u79cb\u5b63chic\u98ce\u6bdb\u8863\u5957\u88c5\u88d9\u4e24\u4ef6\u5957\u65f6\u5c1a\u6f6e"],"ptpC":"_mb_mls_10057922_wap-index_noab-noab","sale":3157,"shopId":111820,"show":{"h":416,"img":"http://s11.mogucdn.com/mlcdn/c45406/180802_1ec122l9ii2gj8l2fjck6f5f00eke_640x960.jpg_320x999.jpg","w":320},"showLarge":{"h":840,"img":"http://s3.mogucdn.com/mlcdn/c45406/180802_1ec122l9ii2gj8l2fjck6f5f00eke_640x960.jpg_560x999.jpg","w":560},"title":"\u7f51\u7ea2\u540c\u6b3e2018\u79cb\u51ac\u65b0\u6b3e\u5973\u88c5\u97e9\u7248\u6c14\u8d28\u65f6\u9ae6\u79cb\u5b63chic\u98ce\u6bdb\u8863\u5957\u88c5\u88d9\u4e24\u4ef6\u5957\u65f6\u5c1a\u6f6e","titleTags":null,"type":2},{"acm":"3.ms.0_4_1m6zk48.0.13385-69004.ni0a4r4QXgGcZ.t_-sd_117-lc_16","cfav":8,"clientUrl":"http://item.meilishuo.com/h5/detail/1m6zk48?acm=3.ms.0_4_1m6zk48.0.13385-69004.ni0a4r4QXgGcZ.t_-sd_117-lc_16","cparam":null,"iid":"1m6zk48","itemMarks":"152","itemType":5,"leftbottom_taglist":[],"lefttop_taglist":[],"link":"http://item.meilishuo.com/h5/detail/1m6zk48?acm=3.ms.0_4_1m6zk48.0.13385-69004.ni0a4r4QXgGcZ.t_-sd_117-lc_16","orgPrice":"\uffe5138.00","popularStar":0,"price":"138.00","props":["\u4f11\u95f2\u8fd0\u52a8\u670d\u5957\u88c5\u5973\u6625\u79cb\u5b632018\u65b0\u6b3e\u97e9\u7248\u65f6\u5c1a\u5927\u7801\u5bbd\u677e\u957f\u8896\u536b\u8863\u4e09\u4ef6\u5957"],"ptpC":"_mb_mls_10057922_wap-index_noab-noab","sale":3070,"shopId":1300347521,"show":{"h":416,"img":"http://s11.mogucdn.com/mlcdn/c45406/180807_3e09gg2fl5456hh9chli29d66j9ji_640x960.jpg_320x999.jpg","w":320},"showLarge":{"h":840,"img":"http://s11.mogucdn.com/mlcdn/c45406/180807_3e09gg2fl5456hh9chli29d66j9ji_640x960.jpg_560x999.jpg","w":560},"title":"\u4f11\u95f2\u8fd0\u52a8\u670d\u5957\u88c5\u5973\u6625\u79cb\u5b632018\u65b0\u6b3e\u97e9\u7248\u65f6\u5c1a\u5927\u7801\u5bbd\u677e\u957f\u8896\u536b\u8863\u4e09\u4ef6\u5957","titleTags":null,"type":2},{"acm":"3.ms.2_1_1m8x32i.0.70869-69004.ni0a4r4QXgGcZ.sd_117-c_2_32_444311448_0_69_0-t_-c1_10057922_nil_nil_0_0_30_0-lc_32","cfav":"1","clientUrl":"http://item.meilishuo.com/h5/detail/1m8x32i?acm=3.ms.2_1_1m8x32i.0.70869-69004.ni0a4r4QXgGcZ.sd_117-c_2_32_444311448_0_69_0-t_-c1_10057922_nil_nil_0_0_30_0-lc_32&cparam=MTUzODA1MzM4N18xZXAyOXV3X2NmNjM5YWJkZjQ4NTJhMGMyZmUxNmJmYzU1YTYwZWRkXzMyXzE0XzQ0NDMxMTQ0OF8wXzBfNjlfMF85XzBfMA==","cparam":"MTUzODA1MzM4N18xZXAyOXV3X2NmNjM5YWJkZjQ4NTJhMGMyZmUxNmJmYzU1YTYwZWRkXzMyXzE0XzQ0NDMxMTQ0OF8wXzBfNjlfMF85XzBfMA==","iid":"1m8x32i","itemMarks":"352 351","itemType":7,"leftbottom_taglist":[],"lefttop_taglist":[],"link":"http://item.meilishuo.com/h5/detail/1m8x32i?acm=3.ms.2_1_1m8x32i.0.70869-69004.ni0a4r4QXgGcZ.sd_117-c_2_32_444311448_0_69_0-t_-c1_10057922_nil_nil_0_0_30_0-lc_32&cparam=MTUzODA1MzM4N18xZXAyOXV3X2NmNjM5YWJkZjQ4NTJhMGMyZmUxNmJmYzU1YTYwZWRkXzMyXzE0XzQ0NDMxMTQ0OF8wXzBfNjlfMF85XzBfMA==","orgPrice":"\uffe560.00","popularStar":null,"price":"60.00","props":["\u97e9\u98cechic\u4e0a\u88632018\u65b0\u6b3e\u79cb\u5b63\u97e9\u7248\u5b66\u9662\u98ce\u65e5\u7cfb\u8f6f\u59b9\u5c0f\u6e05\u65b0\u62fc\u8272V\u9886\u767e\u642d\u957f\u8896t\u6064\u536b\u8863\u5973\u5b66\u751f"],"ptpC":"_mb_mls_10057922_wap-index_noab-noab","sale":"30","shopId":"1302401164","show":{"h":416,"img":"http://s11.mogucdn.com/mlcdn/55cf19/180923_8870522k681i85d2gfi1k6le1382e_640x960.jpg_320x999.jpg","w":320},"showLarge":{"h":840,"img":"http://s3.mogucdn.com/mlcdn/55cf19/180923_8870522k681i85d2gfi1k6le1382e_640x960.jpg_560x999.jpg","w":560},"title":"\u97e9\u98cechic\u4e0a\u88632018\u65b0\u6b3e\u79cb\u5b63\u97e9\u7248\u5b66\u9662\u98ce\u65e5\u7cfb\u8f6f\u59b9\u5c0f\u6e05\u65b0\u62fc\u8272V\u9886\u767e\u642d\u957f\u8896t\u6064\u536b\u8863\u5973\u5b66\u751f","titleTags":null,"type":2},{"acm":"3.ms.2_1_1m7i3ye.0.70869-69004.ni0a4r4QXgGcZ.sd_117-c_2_32_444377106_0_70_0-t_-c1_10057922_nil_nil_0_0_30_0-lc_32","cfav":"0","clientUrl":"http://item.meilishuo.com/h5/detail/1m7i3ye?acm=3.ms.2_1_1m7i3ye.0.70869-69004.ni0a4r4QXgGcZ.sd_117-c_2_32_444377106_0_70_0-t_-c1_10057922_nil_nil_0_0_30_0-lc_32&cparam=MTUzODA1MzM4N18xZXA1MzZrXzJiZGNkYmNmZmVhZWJhOGVmNWE4NDhhZDcyNDYzMTg0XzMyXzE1XzQ0NDM3NzEwNl8wXzBfNzBfMF8zNDVfMF8w","cparam":"MTUzODA1MzM4N18xZXA1MzZrXzJiZGNkYmNmZmVhZWJhOGVmNWE4NDhhZDcyNDYzMTg0XzMyXzE1XzQ0NDM3NzEwNl8wXzBfNzBfMF8zNDVfMF8w","iid":"1m7i3ye","itemMarks":"1525","itemType":7,"leftbottom_taglist":[],"lefttop_taglist":[],"link":"http://item.meilishuo.com/h5/detail/1m7i3ye?acm=3.ms.2_1_1m7i3ye.0.70869-69004.ni0a4r4QXgGcZ.sd_117-c_2_32_444377106_0_70_0-t_-c1_10057922_nil_nil_0_0_30_0-lc_32&cparam=MTUzODA1MzM4N18xZXA1MzZrXzJiZGNkYmNmZmVhZWJhOGVmNWE4NDhhZDcyNDYzMTg0XzMyXzE1XzQ0NDM3NzEwNl8wXzBfNzBfMF8zNDVfMF8w","orgPrice":"\uffe564.29","popularStar":null,"price":"45.00","props":["2018\u65e9\u79cb\u5b63\u97e9\u7248\u767e\u642d\u5b66\u751f\u4fee\u8eab\u663e\u7626\u957f\u8896t\u6064\u5973\u79cb\u51ac\u65b0\u6b3e\u539f\u5bbf\u98ce\u5706\u9886\u5361\u901a\u523a\u7ee3\u7eaf\u68c9\u6253\u5e95\u886b\u4e0a\u8863\u670d\u4f53\u6064"],"ptpC":"_mb_mls_10057922_wap-index_noab-noab","sale":"3","shopId":"1300046885","show":{"h":416,"img":"http://s11.mogucdn.com/mlcdn/c45406/180821_2a6ek98i3jj902h50i7h7ekf0agj3_640x960.jpg_320x999.jpg","w":320},"showLarge":{"h":840,"img":"http://s11.mogucdn.com/mlcdn/c45406/180821_2a6ek98i3jj902h50i7h7ekf0agj3_640x960.jpg_560x999.jpg","w":560},"title":"2018\u65e9\u79cb\u5b63\u97e9\u7248\u767e\u642d\u5b66\u751f\u4fee\u8eab\u663e\u7626\u957f\u8896t\u6064\u5973\u79cb\u51ac\u65b0\u6b3e\u539f\u5bbf\u98ce\u5706\u9886\u5361\u901a\u523a\u7ee3\u7eaf\u68c9\u6253\u5e95\u886b\u4e0a\u8863\u670d\u4f53\u6064","titleTags":null,"type":2},{"acm":"3.ms.2_1_1m70nea.0.70869-69004.ni0a4r4QXgGcZ.sd_117-c_2_32_444377109_0_71_0-t_-c1_10057922_nil_nil_0_0_30_0-lc_32","cfav":"14","clientUrl":"http://item.meilishuo.com/h5/detail/1m70nea?acm=3.ms.2_1_1m70nea.0.70869-69004.ni0a4r4QXgGcZ.sd_117-c_2_32_444377109_0_71_0-t_-c1_10057922_nil_nil_0_0_30_0-lc_32&cparam=MTUzODA1MzM4N18xZXA1MzZxXzIwNjE5ZWZkOGYzMDFkZTMyZDY0MjQ5NTU1NzMyZTE5XzMyXzE2XzQ0NDM3NzEwOV8wXzBfNzFfMF8zNDVfMF8w","cparam":"MTUzODA1MzM4N18xZXA1MzZxXzIwNjE5ZWZkOGYzMDFkZTMyZDY0MjQ5NTU1NzMyZTE5XzMyXzE2XzQ0NDM3NzEwOV8wXzBfNzFfMF8zNDVfMF8w","iid":"1m70nea","itemMarks":"1525","itemType":7,"leftbottom_taglist":[],"lefttop_taglist":[],"link":"http://item.meilishuo.com/h5/detail/1m70nea?acm=3.ms.2_1_1m70nea.0.70869-69004.ni0a4r4QXgGcZ.sd_117-c_2_32_444377109_0_71_0-t_-c1_10057922_nil_nil_0_0_30_0-lc_32&cparam=MTUzODA1MzM4N18xZXA1MzZxXzIwNjE5ZWZkOGYzMDFkZTMyZDY0MjQ5NTU1NzMyZTE5XzMyXzE2XzQ0NDM3NzEwOV8wXzBfNzFfMF8zNDVfMF8w","orgPrice":"\uffe564.29","popularStar":null,"price":"45.00","props":["\u7eaf\u68c9\u649e\u8272\u6761\u7eb9V\u9886\u7eaf\u68c9t\u6064\u59732018\u79cb\u5b63\u65b0\u6b3e\u97e9\u7248\u5b66\u751f\u95fa\u871c\u88c5\u767e\u642d\u4fee\u8eab\u663e\u7626\u957f\u8896\u6253\u5e95\u886b\u5bbd\u677e\u4e0a\u8863\u5c0f\u886b"],"ptpC":"_mb_mls_10057922_wap-index_noab-noab","sale":"10","shopId":"1300046885","show":{"h":416,"img":"http://s11.mogucdn.com/mlcdn/c45406/180808_61dc0ici7c6bbe65cii22c31513i6_640x960.jpg_320x999.jpg","w":320},"showLarge":{"h":840,"img":"http://s3.mogucdn.com/mlcdn/c45406/180808_61dc0ici7c6bbe65cii22c31513i6_640x960.jpg_560x999.jpg","w":560},"title":"\u7eaf\u68c9\u649e\u8272\u6761\u7eb9V\u9886\u7eaf\u68c9t\u6064\u59732018\u79cb\u5b63\u65b0\u6b3e\u97e9\u7248\u5b66\u751f\u95fa\u871c\u88c5\u767e\u642d\u4fee\u8eab\u663e\u7626\u957f\u8896\u6253\u5e95\u886b\u5bbd\u677e\u4e0a\u8863\u5c0f\u886b","titleTags":null,"type":2},{"acm":"3.ms.2_1_1m5vemo.0.70869-69004.ni0a4r4QXgGcZ.sd_117-c_2_32_444377116_0_72_0-t_-c1_10057922_nil_nil_0_0_30_0-lc_32","cfav":"80","clientUrl":"http://item.meilishuo.com/h5/detail/1m5vemo?acm=3.ms.2_1_1m5vemo.0.70869-69004.ni0a4r4QXgGcZ.sd_117-c_2_32_444377116_0_72_0-t_-c1_10057922_nil_nil_0_0_30_0-lc_32&cparam=MTUzODA1MzM4N18xZXA1Mzc0XzA5YTY4NzJjOTNlZWRkMjk0Mjk4ODIxZjA4YWE4ZGQ0XzMyXzE3XzQ0NDM3NzExNl8wXzBfNzJfMF8zNDVfMF8w","cparam":"MTUzODA1MzM4N18xZXA1Mzc0XzA5YTY4NzJjOTNlZWRkMjk0Mjk4ODIxZjA4YWE4ZGQ0XzMyXzE3XzQ0NDM3NzExNl8wXzBfNzJfMF8zNDVfMF8w","iid":"1m5vemo","itemMarks":"1525","itemType":7,"leftbottom_taglist":[],"lefttop_taglist":[],"link":"http://item.meilishuo.com/h5/detail/1m5vemo?acm=3.ms.2_1_1m5vemo.0.70869-69004.ni0a4r4QXgGcZ.sd_117-c_2_32_444377116_0_72_0-t_-c1_10057922_nil_nil_0_0_30_0-lc_32&cparam=MTUzODA1MzM4N18xZXA1Mzc0XzA5YTY4NzJjOTNlZWRkMjk0Mjk4ODIxZjA4YWE4ZGQ0XzMyXzE3XzQ0NDM3NzExNl8wXzBfNzJfMF8zNDVfMF8w","orgPrice":"\uffe564.29","popularStar":null,"price":"45.00","props":["\u79cb\u5b63\u65b0\u6b3e\u97e9\u7248\u767e\u642d\u5bbd\u677e\u5927\u7801\u7af9\u8282\u68c9V\u9886\u6253\u5e95\u886b\u4e0a\u8863\u4f53\u60642018\u79cb\u51ac\u7eaf\u8272\u7b80\u7ea6\u4fee\u8eab\u663e\u7626\u7eaf\u68c9\u957f\u8896t\u6064\u5973"],"ptpC":"_mb_mls_10057922_wap-index_noab-noab","sale":"24","shopId":"1300046885","show":{"h":416,"img":"http://s11.mogucdn.com/mlcdn/c45406/180711_120e006l0eaj97fal3cfkhhjhdg8e_640x959.jpg_320x999.jpg","w":320},"showLarge":{"h":840,"img":"http://s3.mogucdn.com/mlcdn/c45406/180711_120e006l0eaj97fal3cfkhhjhdg8e_640x959.jpg_560x999.jpg","w":560},"title":"\u79cb\u5b63\u65b0\u6b3e\u97e9\u7248\u767e\u642d\u5bbd\u677e\u5927\u7801\u7af9\u8282\u68c9V\u9886\u6253\u5e95\u886b\u4e0a\u8863\u4f53\u60642018\u79cb\u51ac\u7eaf\u8272\u7b80\u7ea6\u4fee\u8eab\u663e\u7626\u7eaf\u68c9\u957f\u8896t\u6064\u5973","titleTags":null,"type":2}],"page":4,"param":{"_mgjuuid":"fc3e9af5-b586-490f-ab94-800da77f4e33","cKey":"wap-index","cpcEventId":70005,"cpc_offset":0,"eventId":70003,"fcid":"10057922","page":"4","ptpPartC":"_mb_mls_10057922_wap-index_noab-noab","ptpWallCpc":"_wall_cpc","ptpWallDoc":"_wall_docs","section":"0","sort":"sell"},"ptpPartC":"_mb_mls_10057922_wap-index_noab-noab","sort":"sell","title":"\u7f8e\u4e3d\u8bf4wap\u9996\u9875","total":41776},"returnCode":"1001","returnMessage":null,"success":true}
