{"data":{"cpc_offset":0,"filter":{"list":[{"fcid":"10057922","sort":"pop","style":null,"title":"\u6d41\u884c","type":"sort"},{"fcid":"10057922","sort":"sell","style":null,"title":"\u70ed\u9500","type":"sort"},{"fcid":"10057922","sort":"new","style":null,"title":"\u4e0a\u65b0","type":"sort"}],"title":"\u7f8e\u4e3d\u8bf4wap\u9996\u9875"},"isEnd":false,"list":[{"acm":"3.ms.0_4_1m73cvw.0.13385-69004.s026ur4QXkqm1.t_-sd_117-lc_16","cfav":3,"clientUrl":"http://item.meilishuo.com/h5/detail/1m73cvw?acm=3.ms.0_4_1m73cvw.0.13385-69004.s026ur4QXkqm1.t_-sd_117-lc_16","cparam":null,"iid":"1m73cvw","itemMarks":"-1","itemType":5,"leftbottom_taglist":[],"lefttop_taglist":[],"link":"http://item.meilishuo.com/h5/detail/1m73cvw?acm=3.ms.0_4_1m73cvw.0.13385-69004.s026ur4QXkqm1.t_-sd_117-lc_16","orgPrice":"\uffe569.00","popularStar":0,"price":"69.00","props":["2018\u79cb\u5b63\u65b0\u6b3e\u97e9\u7248\u52a0\u80a5\u52a0\u5927\u7801\u4f11\u95f2\u670d\u8fd0\u52a8\u5957\u88c5\u5973\u80d6mm\u4e24\u4ef6\u5957\u5957\u88c5"],"ptpC":"_mb_mls_10057922_wap-index_noab-noab","sale":1968,"shopId":1300347521,"show":{"h":416,"img":"http://s3.mogucdn.com/mlcdn/c45406/180810_17b3h5lg77ijc21680f7gkl6ffd25_640x960.jpg_320x999.jpg","w":320},"showLarge":{"h":840,"img":"http://s3.mogucdn.com/mlcdn/c45406/180810_17b3h5lg77ijc21680f7gkl6ffd25_640x960.jpg_560x999.jpg","w":560},"title":"2018\u79cb\u5b63\u65b0\u6b3e\u97e9\u7248\u52a0\u80a5\u52a0\u5927\u7801\u4f11\u95f2\u670d\u8fd0\u52a8\u5957\u88c5\u5973\u80d6mm\u4e24\u4ef6\u5957\u5957\u88c5","titleTags":null,"type":2},{"acm":"3.ms.0_4_1m5zo6q.0.13385-69004.s026ur4QXkqm1.t_-sd_117-lc_16","cfav":24,"clientUrl":"http://item.meilishuo.com/h5/detail/1m5zo6q?acm=3.ms.0_4_1m5zo6q.0.13385-69004.s026ur4QXkqm1.t_-sd_117-lc_16","cparam":null,"iid":"1m5zo6q","itemMarks":"-1","itemType":5,"leftbottom_taglist":[],"lefttop_taglist":[],"link":"http://item.meilishuo.com/h5/detail/1m5zo6q?acm=3.ms.0_4_1m5zo6q.0.13385-69004.s026ur4QXkqm1.t_-sd_117-lc_16","orgPrice":"\uffe599.00","popularStar":0,"price":"69.30","props":["2018\u65e9\u79cb\u65b0\u6b3e\u65f6\u5c1a\u5957\u88c5\u5973\u751c\u7f8e\u97e9\u7248\u957f\u8896\u5b50\u9542\u7a7a\u62fc\u63a5\u7eaf\u8272\u886c\u886b+\u5bbd\u677e\u663e\u7626\u5272\u7834\u725b\u4ed4\u80cc\u5e26\u88e4\u4e24\u4ef6\u5957\u5973"],"ptpC":"_mb_mls_10057922_wap-index_noab-noab","sale":1963,"shopId":21920492,"show":{"h":416,"img":"http://s3.mogucdn.com/mlcdn/c45406/180714_3gca7b9e5bc5ab4ldd76bh3712f07_640x960.jpg_320x999.jpg","w":320},"showLarge":{"h":840,"img":"http://s3.mogucdn.com/mlcdn/c45406/180714_3gca7b9e5bc5ab4ldd76bh3712f07_640x960.jpg_560x999.jpg","w":560},"title":"2018\u65e9\u79cb\u65b0\u6b3e\u65f6\u5c1a\u5957\u88c5\u5973\u751c\u7f8e\u97e9\u7248\u957f\u8896\u5b50\u9542\u7a7a\u62fc\u63a5\u7eaf\u8272\u886c\u886b+\u5bbd\u677e\u663e\u7626\u5272\u7834\u725b\u4ed4\u80cc\u5e26\u88e4\u4e24\u4ef6\u5957\u5973","titleTags":null,"type":2},{"acm":"3.ms.0_4_1m7fhog.0.13385-69004.s026ur4QXkqm1.t_-sd_117-lc_16","cfav":44,"clientUrl":"http://item.meilishuo.com/h5/detail/1m7fhog?acm=3.ms.0_4_1m7fhog.0.13385-69004.s026ur4QXkqm1.t_-sd_117-lc_16","cparam":null,"iid":"1m7fhog","itemMarks":"1525 1232","itemType":5,"leftbottom_taglist":[],"lefttop_taglist":[],"link":"http://item.meilishuo.com/h5/detail/1m7fhog?acm=3.ms.0_4_1m7fhog.0.13385-69004.s026ur4QXkqm1.t_-sd_117-lc_16","orgPrice":"\uffe5107.86","popularStar":0,"price":"75.50","props":["2018\u79cb\u88c5\u65b0\u6b3e\u97e9\u7248\u65f6\u5c1a\u5957\u88c5chic\u6697\u7ea2\u663e\u767dBF\u5bbd\u677e\u663e\u7626\u51b2\u950b\u8863\u5916\u5957+\u6761\u6760\u4f11\u95f2\u8fd0\u52a8\u88e4\u5973\u4e24\u4ef6\u5957"],"ptpC":"_mb_mls_10057922_wap-index_noab-noab","sale":1924,"shopId":20331500,"show":{"h":416,"img":"http://s3.mogucdn.com/mlcdn/c45406/180819_2791931dhhb5h5bgik2cd6f4cc2ih_640x960.jpg_320x999.jpg","w":320},"showLarge":{"h":840,"img":"http://s11.mogucdn.com/mlcdn/c45406/180819_2791931dhhb5h5bgik2cd6f4cc2ih_640x960.jpg_560x999.jpg","w":560},"title":"2018\u79cb\u88c5\u65b0\u6b3e\u97e9\u7248\u65f6\u5c1a\u5957\u88c5chic\u6697\u7ea2\u663e\u767dBF\u5bbd\u677e\u663e\u7626\u51b2\u950b\u8863\u5916\u5957+\u6761\u6760\u4f11\u95f2\u8fd0\u52a8\u88e4\u5973\u4e24\u4ef6\u5957","titleTags":null,"type":2},{"acm":"3.ms.0_4_1kjnh6c.0.13385-69004.s026ur4QXkqm1.t_-sd_117-lc_16","cfav":1617,"clientUrl":"http://item.meilishuo.com/h5/detail/1kjnh6c?acm=3.ms.0_4_1kjnh6c.0.13385-69004.s026ur4QXkqm1.t_-sd_117-lc_16","cparam":null,"iid":"1kjnh6c","itemMarks":"2 138 82 172 173","itemType":5,"leftbottom_taglist":[],"lefttop_taglist":[],"link":"http://item.meilishuo.com/h5/detail/1kjnh6c?acm=3.ms.0_4_1kjnh6c.0.13385-69004.s026ur4QXkqm1.t_-sd_117-lc_16","orgPrice":"\uffe5101.43","popularStar":0,"price":"71.00","props":["\u5b9a\u52362018\u79cb\u5b63\u6b27\u6d32\u65b0\u6b3e\u96ea\u7eba\u590d\u53e4\u6302\u8116V\u9886\u957f\u8896\u886c\u886b\u4e2d\u957f\u6b3e\u6e2f\u5473\u534a\u8eab\u88d9\u65f6\u5c1a\u5957\u88c5\u5973\u88c5"],"ptpC":"_mb_mls_10057922_wap-index_noab-noab","sale":1914,"shopId":20870829,"show":{"h":416,"img":"http://s11.mogucdn.com/mlcdn/c45406/170907_2efhlkeke21efd84lf20e4kac70f1_1200x1800.jpg_320x999.jpg","w":320},"showLarge":{"h":840,"img":"http://s11.mogucdn.com/mlcdn/c45406/170907_2efhlkeke21efd84lf20e4kac70f1_1200x1800.jpg_560x999.jpg","w":560},"title":"\u5b9a\u52362018\u79cb\u5b63\u6b27\u6d32\u65b0\u6b3e\u96ea\u7eba\u590d\u53e4\u6302\u8116V\u9886\u957f\u8896\u886c\u886b\u4e2d\u957f\u6b3e\u6e2f\u5473\u534a\u8eab\u88d9\u65f6\u5c1a\u5957\u88c5\u5973\u88c5","titleTags":null,"type":2},{"acm":"3.ms.0_4_1lsk6b8.0.13385-69004.s026ur4QXkqm1.t_-sd_117-lc_16","cfav":594,"clientUrl":"http://item.meilishuo.com/h5/detail/1lsk6b8?acm=3.ms.0_4_1lsk6b8.0.13385-69004.s026ur4QXkqm1.t_-sd_117-lc_16","cparam":null,"iid":"1lsk6b8","itemMarks":"-1","itemType":5,"leftbottom_taglist":[],"lefttop_taglist":[],"link":"http://item.meilishuo.com/h5/detail/1lsk6b8?acm=3.ms.0_4_1lsk6b8.0.13385-69004.s026ur4QXkqm1.t_-sd_117-lc_16","orgPrice":"\uffe5168.00","popularStar":0,"price":"79.00","props":["2018\u79cb\u5b63\u65b0\u6b3e\u97e9\u7248\u65f6\u5c1a\u5957\u88c5\u7ea2\u683c\u5b50\u957f\u8896\u886c\u886b+\u767e\u642d\u663e\u7626\u540a\u5e26\u9488\u7ec7\u8fde\u8863\u88d9\u4e24\u4ef6\u5957\u5973"],"ptpC":"_mb_mls_10057922_wap-index_noab-noab","sale":1881,"shopId":1302423963,"show":{"h":416,"img":"http://s11.mogucdn.com/mlcdn/c45406/180307_6c7j5el2b184dgcf244k8253cik56_640x832.jpg_320x999.jpg","w":320},"showLarge":{"h":728,"img":"http://s11.mogucdn.com/mlcdn/c45406/180307_6c7j5el2b184dgcf244k8253cik56_640x832.jpg_560x999.jpg","w":560},"title":"2018\u79cb\u5b63\u65b0\u6b3e\u97e9\u7248\u65f6\u5c1a\u5957\u88c5\u7ea2\u683c\u5b50\u957f\u8896\u886c\u886b+\u767e\u642d\u663e\u7626\u540a\u5e26\u9488\u7ec7\u8fde\u8863\u88d9\u4e24\u4ef6\u5957\u5973","titleTags":null,"type":2},{"acm":"3.ms.0_4_1m7y5jy.0.13385-69004.s026ur4QXkqm1.t_-sd_117-lc_16","cfav":22,"clientUrl":"http://item.meilishuo.com/h5/detail/1m7y5jy?acm=3.ms.0_4_1m7y5jy.0.13385-69004.s026ur4QXkqm1.t_-sd_117-lc_16","cparam":null,"iid":"1m7y5jy","itemMarks":"1525","itemType":5,"leftbottom_taglist":[],"lefttop_taglist":[],"link":"http://item.meilishuo.com/h5/detail/1m7y5jy?acm=3.ms.0_4_1m7y5jy.0.13385-69004.s026ur4QXkqm1.t_-sd_117-lc_16","orgPrice":"\uffe5184.29","popularStar":0,"price":"129.00","props":["2018\u79cb\u5b63\u65b0\u6b3e\u97e9\u7248BF\u5bbd\u677e\u767e\u642d\u663e\u7626\u5f00\u886b\u5973+\u77ed\u6b3e\u540a\u5e26\u5c0f\u80cc\u5fc3+\u9ad8\u8170A\u5b57\u534a\u8eab\u88d9\u4e09\u4ef6\u5957\u65f6\u5c1a\u5957\u88c5"],"ptpC":"_mb_mls_10057922_wap-index_noab-noab","sale":1811,"shopId":21359576,"show":{"h":416,"img":"http://s11.mogucdn.com/mlcdn/c45406/180831_2dch37fcaak900247525i548lh393_640x960.jpg_320x999.jpg","w":320},"showLarge":{"h":840,"img":"http://s3.mogucdn.com/mlcdn/c45406/180831_2dch37fcaak900247525i548lh393_640x960.jpg_560x999.jpg","w":560},"title":"2018\u79cb\u5b63\u65b0\u6b3e\u97e9\u7248BF\u5bbd\u677e\u767e\u642d\u663e\u7626\u5f00\u886b\u5973+\u77ed\u6b3e\u540a\u5e26\u5c0f\u80cc\u5fc3+\u9ad8\u8170A\u5b57\u534a\u8eab\u88d9\u4e09\u4ef6\u5957\u65f6\u5c1a\u5957\u88c5","titleTags":null,"type":2},{"acm":"3.ms.0_4_1m8088i.0.13385-69004.s026ur4QXkqm1.t_-sd_117-lc_16","cfav":182,"clientUrl":"http://item.meilishuo.com/h5/detail/1m8088i?acm=3.ms.0_4_1m8088i.0.13385-69004.s026ur4QXkqm1.t_-sd_117-lc_16","cparam":null,"iid":"1m8088i","itemMarks":"1525","itemType":5,"leftbottom_taglist":[],"lefttop_taglist":[],"link":"http://item.meilishuo.com/h5/detail/1m8088i?acm=3.ms.0_4_1m8088i.0.13385-69004.s026ur4QXkqm1.t_-sd_117-lc_16","orgPrice":"\uffe598.58","popularStar":0,"price":"69.00","props":["2018\u79cb\u5b63\u65b0\u6b3e\u65f6\u5c1a\u5957\u88c5\u97e9\u7248\u767e\u642d\u4e2a\u6027\u62fc\u8272\u683c\u7eb9\u5957\u5934\u8fde\u5e3d\u536b\u8863\u9ad8\u8170\u663e\u7626\u4f11\u95f2\u88e4\u4e24\u4ef6\u5957"],"ptpC":"_mb_mls_10057922_wap-index_noab-noab","sale":1810,"shopId":10759068,"show":{"h":416,"img":"http://s11.mogucdn.com/mlcdn/c45406/180906_3d610k09hge16h62gg2h5h4fg2ali_640x960.jpg_320x999.jpg","w":320},"showLarge":{"h":840,"img":"http://s11.mogucdn.com/mlcdn/c45406/180906_3d610k09hge16h62gg2h5h4fg2ali_640x960.jpg_560x999.jpg","w":560},"title":"2018\u79cb\u5b63\u65b0\u6b3e\u65f6\u5c1a\u5957\u88c5\u97e9\u7248\u767e\u642d\u4e2a\u6027\u62fc\u8272\u683c\u7eb9\u5957\u5934\u8fde\u5e3d\u536b\u8863\u9ad8\u8170\u663e\u7626\u4f11\u95f2\u88e4\u4e24\u4ef6\u5957","titleTags":null,"type":2},{"acm":"3.ms.0_4_1m7j5tu.0.13385-69004.s026ur4QXkqm1.t_-sd_117-lc_16","cfav":121,"clientUrl":"http://item.meilishuo.com/h5/detail/1m7j5tu?acm=3.ms.0_4_1m7j5tu.0.13385-69004.s026ur4QXkqm1.t_-sd_117-lc_16","cparam":null,"iid":"1m7j5tu","itemMarks":"1525 82","itemType":5,"leftbottom_taglist":[],"lefttop_taglist":[],"link":"http://item.meilishuo.com/h5/detail/1m7j5tu?acm=3.ms.0_4_1m7j5tu.0.13385-69004.s026ur4QXkqm1.t_-sd_117-lc_16","orgPrice":"\uffe570.00","popularStar":0,"price":"49.00","props":["\u504f\u5927\u5927\u7801\u79cb\u88c5\u5973\u5957\u88c5\u65b0\u6b3e2018\u4e2d\u957f\u6b3e\u8fde\u5e3d\u536b\u8863+\u725b\u4ed4\u9a6c\u7532\u6d0b\u6c14\u5957\u88c5\u80d6mm\u906e\u8089\u663e\u7626\u4e24\u4ef6\u5957\u7701\u5fc3\u642d\u914d"],"ptpC":"_mb_mls_10057922_wap-index_noab-noab","sale":1801,"shopId":20385073,"show":{"h":416,"img":"http://s3.mogucdn.com/mlcdn/c45406/180821_7gccd889f8f88hde1kd4l99dj0h3e_640x960.jpg_320x999.jpg","w":320},"showLarge":{"h":840,"img":"http://s11.mogucdn.com/mlcdn/c45406/180821_7gccd889f8f88hde1kd4l99dj0h3e_640x960.jpg_560x999.jpg","w":560},"title":"\u504f\u5927\u5927\u7801\u79cb\u88c5\u5973\u5957\u88c5\u65b0\u6b3e2018\u4e2d\u957f\u6b3e\u8fde\u5e3d\u536b\u8863+\u725b\u4ed4\u9a6c\u7532\u6d0b\u6c14\u5957\u88c5\u80d6mm\u906e\u8089\u663e\u7626\u4e24\u4ef6\u5957\u7701\u5fc3\u642d\u914d","titleTags":null,"type":2},{"acm":"3.ms.0_4_1m7exmm.0.13385-69004.s026ur4QXkqm1.t_-sd_117-lc_16","cfav":246,"clientUrl":"http://item.meilishuo.com/h5/detail/1m7exmm?acm=3.ms.0_4_1m7exmm.0.13385-69004.s026ur4QXkqm1.t_-sd_117-lc_16","cparam":null,"iid":"1m7exmm","itemMarks":"-1","itemType":5,"leftbottom_taglist":[],"lefttop_taglist":[],"link":"http://item.meilishuo.com/h5/detail/1m7exmm?acm=3.ms.0_4_1m7exmm.0.13385-69004.s026ur4QXkqm1.t_-sd_117-lc_16","orgPrice":"\uffe598.58","popularStar":0,"price":"69.00","props":["2018\u79cb\u5b63\u65b0\u6b3e\u97e9\u7248\u65f6\u5c1a\u5957\u88c5\u767e\u642d\u5bbd\u677e\u8fde\u5e3d\u5370\u82b1\u536b\u8863+\u9ad8\u8170\u663e\u7626\u4e5d\u5206\u54c8\u4f26\u88e4\u725b\u4ed4\u88e4\u4e24\u4ef6\u5957\u6f6e"],"ptpC":"_mb_mls_10057922_wap-index_noab-noab","sale":1778,"shopId":21935891,"show":{"h":416,"img":"http://s3.mogucdn.com/mlcdn/c45406/180819_036kb000jg39i651jbgf4kg5df084_640x960.jpg_320x999.jpg","w":320},"showLarge":{"h":840,"img":"http://s11.mogucdn.com/mlcdn/c45406/180819_036kb000jg39i651jbgf4kg5df084_640x960.jpg_560x999.jpg","w":560},"title":"2018\u79cb\u5b63\u65b0\u6b3e\u97e9\u7248\u65f6\u5c1a\u5957\u88c5\u767e\u642d\u5bbd\u677e\u8fde\u5e3d\u5370\u82b1\u536b\u8863+\u9ad8\u8170\u663e\u7626\u4e5d\u5206\u54c8\u4f26\u88e4\u725b\u4ed4\u88e4\u4e24\u4ef6\u5957\u6f6e","titleTags":null,"type":2},{"acm":"3.ms.0_4_1m7b8os.0.13385-69004.s026ur4QXkqm1.t_-sd_117-lc_16","cfav":44,"clientUrl":"http://item.meilishuo.com/h5/detail/1m7b8os?acm=3.ms.0_4_1m7b8os.0.13385-69004.s026ur4QXkqm1.t_-sd_117-lc_16","cparam":null,"iid":"1m7b8os","itemMarks":"1525 1964 1232 152","itemType":5,"leftbottom_taglist":[],"lefttop_taglist":[],"link":"http://item.meilishuo.com/h5/detail/1m7b8os?acm=3.ms.0_4_1m7b8os.0.13385-69004.s026ur4QXkqm1.t_-sd_117-lc_16","orgPrice":"\uffe5180.00","popularStar":0,"price":"126.00","props":["\u683c\u59ec2018\u79cb\u88c5\u65b0\u6b3e\u9ad8\u8170\u8fde\u8863\u88d9\u5973\u4e03\u5206\u8896\u590d\u53e4\u8d85\u4ed9\u5c11\u5973\u51b7\u6de1\u98ce\u6536\u8170\u7eaf\u8272\u7cfb\u5e26\u4e2d\u957f\u88d96990"],"ptpC":"_mb_mls_10057922_wap-index_noab-noab","sale":1759,"shopId":1302420845,"show":{"h":416,"img":"http://s11.mogucdn.com/mlcdn/c45406/180816_5ddih74k67e17k63ji6d621cc363h_640x960.jpg_320x999.jpg","w":320},"showLarge":{"h":840,"img":"http://s3.mogucdn.com/mlcdn/c45406/180816_5ddih74k67e17k63ji6d621cc363h_640x960.jpg_560x999.jpg","w":560},"title":"\u683c\u59ec2018\u79cb\u88c5\u65b0\u6b3e\u9ad8\u8170\u8fde\u8863\u88d9\u5973\u4e03\u5206\u8896\u590d\u53e4\u8d85\u4ed9\u5c11\u5973\u51b7\u6de1\u98ce\u6536\u8170\u7eaf\u8272\u7cfb\u5e26\u4e2d\u957f\u88d96990","titleTags":null,"type":2},{"acm":"3.ms.0_4_1m7tjze.0.13385-69004.s026ur4QXkqm1.t_-sd_117-lc_16","cfav":61,"clientUrl":"http://item.meilishuo.com/h5/detail/1m7tjze?acm=3.ms.0_4_1m7tjze.0.13385-69004.s026ur4QXkqm1.t_-sd_117-lc_16","cparam":null,"iid":"1m7tjze","itemMarks":"1525","itemType":5,"leftbottom_taglist":[],"lefttop_taglist":[],"link":"http://item.meilishuo.com/h5/detail/1m7tjze?acm=3.ms.0_4_1m7tjze.0.13385-69004.s026ur4QXkqm1.t_-sd_117-lc_16","orgPrice":"\uffe5140.00","popularStar":0,"price":"98.00","props":["\u65f6\u5c1aOL\u5973\u795e\u5957\u88c52018\u79cb\u5b63\u65b0\u6b3e\u65b0\u6b3e\u7b80\u7ea6\u767e\u642d\u886c\u886b\u9ad8\u8170\u65f6\u9ae6\u6761\u7eb9\u54c8\u4f26\u88e4\u4e24\u4ef6\u5957\u5973"],"ptpC":"_mb_mls_10057922_wap-index_noab-noab","sale":1753,"shopId":20288336,"show":{"h":416,"img":"http://s3.mogucdn.com/mlcdn/c45406/180829_2kkjklb37965g608kk717ab0i7579_640x960.jpg_320x999.jpg","w":320},"showLarge":{"h":840,"img":"http://s11.mogucdn.com/mlcdn/c45406/180829_2kkjklb37965g608kk717ab0i7579_640x960.jpg_560x999.jpg","w":560},"title":"\u65f6\u5c1aOL\u5973\u795e\u5957\u88c52018\u79cb\u5b63\u65b0\u6b3e\u65b0\u6b3e\u7b80\u7ea6\u767e\u642d\u886c\u886b\u9ad8\u8170\u65f6\u9ae6\u6761\u7eb9\u54c8\u4f26\u88e4\u4e24\u4ef6\u5957\u5973","titleTags":null,"type":2},{"acm":"3.ms.0_4_1m7c6iu.0.13385-69004.s026ur4QXkqm1.t_-sd_117-lc_16","cfav":75,"clientUrl":"http://item.meilishuo.com/h5/detail/1m7c6iu?acm=3.ms.0_4_1m7c6iu.0.13385-69004.s026ur4QXkqm1.t_-sd_117-lc_16","cparam":null,"iid":"1m7c6iu","itemMarks":"353 82 181","itemType":5,"leftbottom_taglist":[],"lefttop_taglist":[],"link":"http://item.meilishuo.com/h5/detail/1m7c6iu?acm=3.ms.0_4_1m7c6iu.0.13385-69004.s026ur4QXkqm1.t_-sd_117-lc_16","orgPrice":"\uffe599.00","popularStar":0,"price":"69.30","props":["2018\u65e9\u79cb\u97e9\u7248\u767e\u8936\u706f\u7b3c\u8896\u886c\u8863\u88d9\uff0b\u9488\u7ec7\u9a6c\u7532\u80d6\u59b9\u59b9\u663e\u7626\u521d\u79cb\u4e24\u4ef6\u5957\u79cb\u5b63\u65b0\u6b3e\u5957\u88c5\u5c0f\u4e2a\u5b50\u65f6\u5c1a\u5957\u88c5\u5973"],"ptpC":"_mb_mls_10057922_wap-index_noab-noab","sale":1747,"shopId":22571385,"show":{"h":416,"img":"http://s3.mogucdn.com/mlcdn/c45406/180817_26f8h7c2d8e8cb8g69djj97b7c06f_800x1196.jpg_320x999.jpg","w":320},"showLarge":{"h":838,"img":"http://s3.mogucdn.com/mlcdn/c45406/180817_26f8h7c2d8e8cb8g69djj97b7c06f_800x1196.jpg_560x999.jpg","w":560},"title":"2018\u65e9\u79cb\u97e9\u7248\u767e\u8936\u706f\u7b3c\u8896\u886c\u8863\u88d9\uff0b\u9488\u7ec7\u9a6c\u7532\u80d6\u59b9\u59b9\u663e\u7626\u521d\u79cb\u4e24\u4ef6\u5957\u79cb\u5b63\u65b0\u6b3e\u5957\u88c5\u5c0f\u4e2a\u5b50\u65f6\u5c1a\u5957\u88c5\u5973","titleTags":null,"type":2}],"page":6,"param":{"_mgjuuid":"3a62ad4f-97c4-4f6d-abf3-760db8b3ff8b","cKey":"wap-index","cpcEventId":70005,"cpc_offset":0,"eventId":70003,"fcid":"10057922","page":"6","ptpPartC":"_mb_mls_10057922_wap-index_noab-noab","ptpWallCpc":"_wall_cpc","ptpWallDoc":"_wall_docs","section":"0","sort":"sell"},"ptpPartC":"_mb_mls_10057922_wap-index_noab-noab","sort":"sell","title":"\u7f8e\u4e3d\u8bf4wap\u9996\u9875","total":41680},"returnCode":"1001","returnMessage":null,"success":true}
