{"data":{"cpc_offset":0,"filter":{"list":[{"fcid":"10057922","sort":"pop","style":null,"title":"\u6d41\u884c","type":"sort"},{"fcid":"10057922","sort":"sell","style":null,"title":"\u70ed\u9500","type":"sort"},{"fcid":"10057922","sort":"new","style":null,"title":"\u4e0a\u65b0","type":"sort"}],"title":"\u7f8e\u4e3d\u8bf4wap\u9996\u9875"},"isEnd":false,"list":[{"acm":"3.ms.0_4_1lpokry.0.13385-69004.s026vr4QXjdOZ.t_-sd_117-lc_16","cfav":1433,"clientUrl":"http://item.meilishuo.com/h5/detail/1lpokry?acm=3.ms.0_4_1lpokry.0.13385-69004.s026vr4QXjdOZ.t_-sd_117-lc_16","cparam":null,"iid":"1lpokry","itemMarks":"1525","itemType":5,"leftbottom_taglist":[],"lefttop_taglist":[],"link":"http://item.meilishuo.com/h5/detail/1lpokry?acm=3.ms.0_4_1lpokry.0.13385-69004.s026vr4QXjdOZ.t_-sd_117-lc_16","orgPrice":"\uffe585.72","popularStar":0,"price":"60.00","props":["2018\u5916\u5957\u5973\u79cb\u5b63\u65b0\u6b3e\u5973\u88c5\u65f6\u5c1a\u5957\u88c5\u5973\u97e9\u7248\u4e2d\u957f\u6b3e\u536b\u8863\u5f00\u886b\u5916\u5957\u9ad8\u8170\u663e\u7626\u5f00\u53c9\u5c0f\u811a\u88e4\u5b50\u5957\u88c5\u4e24\u4ef6\u5957"],"ptpC":"_mb_mls_10057922_wap-index_noab-noab","sale":3010,"shopId":108449,"show":{"h":416,"img":"http://s11.mogucdn.com/mlcdn/c45406/180109_85ee34ae6197i5k44ig69c1gd22ak_640x960.jpg_320x999.jpg","w":320},"showLarge":{"h":840,"img":"http://s3.mogucdn.com/mlcdn/c45406/180109_85ee34ae6197i5k44ig69c1gd22ak_640x960.jpg_560x999.jpg","w":560},"title":"2018\u5916\u5957\u5973\u79cb\u5b63\u65b0\u6b3e\u5973\u88c5\u65f6\u5c1a\u5957\u88c5\u5973\u97e9\u7248\u4e2d\u957f\u6b3e\u536b\u8863\u5f00\u886b\u5916\u5957\u9ad8\u8170\u663e\u7626\u5f00\u53c9\u5c0f\u811a\u88e4\u5b50\u5957\u88c5\u4e24\u4ef6\u5957","titleTags":null,"type":2},{"acm":"3.ms.0_4_1lqgxwq.0.13385-69004.s026vr4QXjdOZ.t_-sd_117-lc_16","cfav":171,"clientUrl":"http://item.meilishuo.com/h5/detail/1lqgxwq?acm=3.ms.0_4_1lqgxwq.0.13385-69004.s026vr4QXjdOZ.t_-sd_117-lc_16","cparam":null,"iid":"1lqgxwq","itemMarks":"1525","itemType":5,"leftbottom_taglist":[],"lefttop_taglist":[],"link":"http://item.meilishuo.com/h5/detail/1lqgxwq?acm=3.ms.0_4_1lqgxwq.0.13385-69004.s026vr4QXjdOZ.t_-sd_117-lc_16","orgPrice":"\uffe584.29","popularStar":0,"price":"59.00","props":["2018\u79cb\u5b63\u65b0\u6b3e\u65f6\u5c1a\u5957\u88c5\u534a\u900f\u660e\u96ea\u7eba\u886bV\u9886\u7834\u6d1e\u9488\u7ec7\u9a6c\u7532\u5462\u5b50\u4f11\u95f2\u88e4\u5957\u88c5\u4e09\u4ef6\u5957"],"ptpC":"_mb_mls_10057922_wap-index_noab-noab","sale":2520,"shopId":108449,"show":{"h":416,"img":"http://s11.mogucdn.com/mlcdn/c45406/180120_1dl4a4dljdg8eclkef40kl1ke8g7k_640x960.jpg_320x999.jpg","w":320},"showLarge":{"h":840,"img":"http://s11.mogucdn.com/mlcdn/c45406/180120_1dl4a4dljdg8eclkef40kl1ke8g7k_640x960.jpg_560x999.jpg","w":560},"title":"2018\u79cb\u5b63\u65b0\u6b3e\u65f6\u5c1a\u5957\u88c5\u534a\u900f\u660e\u96ea\u7eba\u886bV\u9886\u7834\u6d1e\u9488\u7ec7\u9a6c\u7532\u5462\u5b50\u4f11\u95f2\u88e4\u5957\u88c5\u4e09\u4ef6\u5957","titleTags":null,"type":2},{"acm":"3.ms.0_4_1m827zg.0.13385-69004.s026vr4QXjdOZ.t_-sd_117-lc_16","cfav":5,"clientUrl":"http://item.meilishuo.com/h5/detail/1m827zg?acm=3.ms.0_4_1m827zg.0.13385-69004.s026vr4QXjdOZ.t_-sd_117-lc_16","cparam":null,"iid":"1m827zg","itemMarks":"-1","itemType":5,"leftbottom_taglist":[],"lefttop_taglist":[],"link":"http://item.meilishuo.com/h5/detail/1m827zg?acm=3.ms.0_4_1m827zg.0.13385-69004.s026vr4QXjdOZ.t_-sd_117-lc_16","orgPrice":"\uffe570.00","popularStar":0,"price":"49.00","props":["2018\u79cb\u5b63\u65b0\u6b3e\u97e9\u7248\u5b66\u9662\u98ce\u957f\u8896\u6761\u7eb9\u4e0a\u8863\u5973\u9ad8\u8170\u76f4\u7b52\u725b\u4ed4\u80cc\u5e26\u88e4\u8863\u88e4\u65f6\u5c1a\u5957\u88c5\u4e24\u4ef6\u5957"],"ptpC":"_mb_mls_10057922_wap-index_noab-noab","sale":2515,"shopId":1300687788,"show":{"h":416,"img":"http://s11.mogucdn.com/mlcdn/55cf19/180902_77hklal614d182bl9725ad5gbfil2_640x960.jpg_320x999.jpg","w":320},"showLarge":{"h":840,"img":"http://s3.mogucdn.com/mlcdn/55cf19/180902_77hklal614d182bl9725ad5gbfil2_640x960.jpg_560x999.jpg","w":560},"title":"2018\u79cb\u5b63\u65b0\u6b3e\u97e9\u7248\u5b66\u9662\u98ce\u957f\u8896\u6761\u7eb9\u4e0a\u8863\u5973\u9ad8\u8170\u76f4\u7b52\u725b\u4ed4\u80cc\u5e26\u88e4\u8863\u88e4\u65f6\u5c1a\u5957\u88c5\u4e24\u4ef6\u5957","titleTags":null,"type":2},{"acm":"3.ms.0_4_1lp4d0g.0.13385-69004.s026vr4QXjdOZ.t_-sd_117-lc_16","cfav":836,"clientUrl":"http://item.meilishuo.com/h5/detail/1lp4d0g?acm=3.ms.0_4_1lp4d0g.0.13385-69004.s026vr4QXjdOZ.t_-sd_117-lc_16","cparam":null,"iid":"1lp4d0g","itemMarks":"1525","itemType":5,"leftbottom_taglist":[],"lefttop_taglist":[],"link":"http://item.meilishuo.com/h5/detail/1lp4d0g?acm=3.ms.0_4_1lp4d0g.0.13385-69004.s026vr4QXjdOZ.t_-sd_117-lc_16","orgPrice":"\uffe598.58","popularStar":0,"price":"69.00","props":["2018\u79cb\u5b63\u65b0\u6b3e\u65f6\u5c1a\u5957\u88c5\u8fde\u5e3d\u536b\u8863\u5973\u4f11\u95f2\u9488\u7ec7\u8fd0\u52a8\u88e4\u5957\u88c5\u4e24\u4ef6\u5957\u5973"],"ptpC":"_mb_mls_10057922_wap-index_noab-noab","sale":2508,"shopId":10688881,"show":{"h":416,"img":"http://s11.mogucdn.com/mlcdn/c45406/180103_6h04c282hf39913aje7434e1ie9c6_640x960.jpg_320x999.jpg","w":320},"showLarge":{"h":840,"img":"http://s3.mogucdn.com/mlcdn/c45406/180103_6h04c282hf39913aje7434e1ie9c6_640x960.jpg_560x999.jpg","w":560},"title":"2018\u79cb\u5b63\u65b0\u6b3e\u65f6\u5c1a\u5957\u88c5\u8fde\u5e3d\u536b\u8863\u5973\u4f11\u95f2\u9488\u7ec7\u8fd0\u52a8\u88e4\u5957\u88c5\u4e24\u4ef6\u5957\u5973","titleTags":null,"type":2},{"acm":"3.ms.0_4_1m6l0yq.0.13385-69004.s026vr4QXjdOZ.t_-sd_117-lc_16","cfav":51,"clientUrl":"http://item.meilishuo.com/h5/detail/1m6l0yq?acm=3.ms.0_4_1m6l0yq.0.13385-69004.s026vr4QXjdOZ.t_-sd_117-lc_16","cparam":null,"iid":"1m6l0yq","itemMarks":"-1","itemType":5,"leftbottom_taglist":[],"lefttop_taglist":[],"link":"http://item.meilishuo.com/h5/detail/1m6l0yq?acm=3.ms.0_4_1m6l0yq.0.13385-69004.s026vr4QXjdOZ.t_-sd_117-lc_16","orgPrice":"\uffe585.70","popularStar":0,"price":"59.99","props":["\u5957\u88c5\u4e24\u4ef6\u59572018\u521d\u79cb\u79cb\u5b63\u65b0\u6b3e\u957f\u6b3e\u8584\u6b3e\u536b\u8863\u5916\u5957+\u9ad8\u8170\u683c\u5b50\u534a\u8eab\u88d9\u4e2d\u957f\u6b3e\u6253\u5e95\u88d9\u7f51\u7ea2\u5957\u88c5"],"ptpC":"_mb_mls_10057922_wap-index_noab-noab","sale":2448,"shopId":1302424311,"show":{"h":416,"img":"http://s11.mogucdn.com/mlcdn/c45406/180729_02fl1g7c873825e5fhc76ba3h2505_640x960.jpg_320x999.jpg","w":320},"showLarge":{"h":840,"img":"http://s11.mogucdn.com/mlcdn/c45406/180729_02fl1g7c873825e5fhc76ba3h2505_640x960.jpg_560x999.jpg","w":560},"title":"\u5957\u88c5\u4e24\u4ef6\u59572018\u521d\u79cb\u79cb\u5b63\u65b0\u6b3e\u957f\u6b3e\u8584\u6b3e\u536b\u8863\u5916\u5957+\u9ad8\u8170\u683c\u5b50\u534a\u8eab\u88d9\u4e2d\u957f\u6b3e\u6253\u5e95\u88d9\u7f51\u7ea2\u5957\u88c5","titleTags":null,"type":2},{"acm":"3.ms.0_4_1m6uag4.0.13385-69004.s026vr4QXjdOZ.t_-sd_117-lc_16","cfav":27,"clientUrl":"http://item.meilishuo.com/h5/detail/1m6uag4?acm=3.ms.0_4_1m6uag4.0.13385-69004.s026vr4QXjdOZ.t_-sd_117-lc_16","cparam":null,"iid":"1m6uag4","itemMarks":"1964","itemType":5,"leftbottom_taglist":[],"lefttop_taglist":[],"link":"http://item.meilishuo.com/h5/detail/1m6uag4?acm=3.ms.0_4_1m6uag4.0.13385-69004.s026vr4QXjdOZ.t_-sd_117-lc_16","orgPrice":"\uffe5198.00","popularStar":0,"price":"198.00","props":["2018\u79cb\u88c5\u5973\u88c5\u97e9\u7248\u65b0\u6b3e\u5957\u88c5\u4e24\u4ef6\u5957\u65f6\u5c1a\u6027\u611f\u65f6\u5c1a\u5957\u88c5\u4e0a\u8863\u5973+\u8fd0\u52a8\u88e4\u5b50\u5957\u88c5\u5973\u6f6e\u663e\u7626\u5bbd\u677e"],"ptpC":"_mb_mls_10057922_wap-index_noab-noab","sale":2439,"shopId":1302421384,"show":{"h":416,"img":"http://s11.mogucdn.com/mlcdn/c45406/180826_5cf0l1745i7hl39dgeb3di3hc3af1_640x960.jpg_320x999.jpg","w":320},"showLarge":{"h":840,"img":"http://s3.mogucdn.com/mlcdn/c45406/180826_5cf0l1745i7hl39dgeb3di3hc3af1_640x960.jpg_560x999.jpg","w":560},"title":"2018\u79cb\u88c5\u5973\u88c5\u97e9\u7248\u65b0\u6b3e\u5957\u88c5\u4e24\u4ef6\u5957\u65f6\u5c1a\u6027\u611f\u65f6\u5c1a\u5957\u88c5\u4e0a\u8863\u5973+\u8fd0\u52a8\u88e4\u5b50\u5957\u88c5\u5973\u6f6e\u663e\u7626\u5bbd\u677e","titleTags":null,"type":2},{"acm":"3.ms.0_4_1m8373c.0.13385-69004.s026vr4QXjdOZ.t_-sd_117-lc_16","cfav":113,"clientUrl":"http://item.meilishuo.com/h5/detail/1m8373c?acm=3.ms.0_4_1m8373c.0.13385-69004.s026vr4QXjdOZ.t_-sd_117-lc_16","cparam":null,"iid":"1m8373c","itemMarks":"353 181","itemType":5,"leftbottom_taglist":[],"lefttop_taglist":[],"link":"http://item.meilishuo.com/h5/detail/1m8373c?acm=3.ms.0_4_1m8373c.0.13385-69004.s026vr4QXjdOZ.t_-sd_117-lc_16","orgPrice":"\uffe5179.00","popularStar":0,"price":"69.00","props":["\u665a\u665a\u98ce\u9ed1\u8272\u8fde\u8863\u88d92018\u79cb\u88c5\u65b0\u6b3e\u5973\u88c5\u97e9\u7248\u663e\u7626\u4e2d\u957f\u6b3eV\u9886A\u5b57\u88d9\u8d6b\u672c\u5c0f\u9ed1\u88d9\u6c14\u8d28\u767e\u642d\u4e2d\u957f\u6b3e\u8fde\u8863\u88d9"],"ptpC":"_mb_mls_10057922_wap-index_noab-noab","sale":2353,"shopId":1302412460,"show":{"h":416,"img":"http://s3.mogucdn.com/mlcdn/c45406/180903_61lihh46bg9k4ej5ddia841338284_640x960.jpg_320x999.jpg","w":320},"showLarge":{"h":840,"img":"http://s3.mogucdn.com/mlcdn/c45406/180903_61lihh46bg9k4ej5ddia841338284_640x960.jpg_560x999.jpg","w":560},"title":"\u665a\u665a\u98ce\u9ed1\u8272\u8fde\u8863\u88d92018\u79cb\u88c5\u65b0\u6b3e\u5973\u88c5\u97e9\u7248\u663e\u7626\u4e2d\u957f\u6b3eV\u9886A\u5b57\u88d9\u8d6b\u672c\u5c0f\u9ed1\u88d9\u6c14\u8d28\u767e\u642d\u4e2d\u957f\u6b3e\u8fde\u8863\u88d9","titleTags":null,"type":2},{"acm":"3.ms.0_4_1k772d8.0.13385-69004.s026vr4QXjdOZ.t_-sd_117-lc_16","cfav":348,"clientUrl":"http://item.meilishuo.com/h5/detail/1k772d8?acm=3.ms.0_4_1k772d8.0.13385-69004.s026vr4QXjdOZ.t_-sd_117-lc_16","cparam":null,"iid":"1k772d8","itemMarks":"1525","itemType":5,"leftbottom_taglist":[],"lefttop_taglist":[],"link":"http://item.meilishuo.com/h5/detail/1k772d8?acm=3.ms.0_4_1k772d8.0.13385-69004.s026vr4QXjdOZ.t_-sd_117-lc_16","orgPrice":"\uffe571.43","popularStar":0,"price":"50.00","props":["2018\u79cb\u5b63\u65b0\u6b3e\u65f6\u5c1a\u5957\u88c5\u97e9\u8303\u5bbd\u677eBF\u5b57\u6bcd\u5b66\u9662\u98ce\u5de5\u88c5\u98ce\u8863\u5916\u5957\u4fee\u8eab\u663e\u7626\u5c0f\u811a\u88e4\u5957\u88c5\u4e24\u4ef6\u5957\u5973"],"ptpC":"_mb_mls_10057922_wap-index_noab-noab","sale":2280,"shopId":109683,"show":{"h":416,"img":"http://s11.mogucdn.com/p2/170210/176681490_7hac00i68kadaed0i6ba8l3le5dd3_640x960.jpg_320x999.jpg","w":320},"showLarge":{"h":840,"img":"http://s3.mogucdn.com/p2/170210/176681490_7hac00i68kadaed0i6ba8l3le5dd3_640x960.jpg_560x999.jpg","w":560},"title":"2018\u79cb\u5b63\u65b0\u6b3e\u65f6\u5c1a\u5957\u88c5\u97e9\u8303\u5bbd\u677eBF\u5b57\u6bcd\u5b66\u9662\u98ce\u5de5\u88c5\u98ce\u8863\u5916\u5957\u4fee\u8eab\u663e\u7626\u5c0f\u811a\u88e4\u5957\u88c5\u4e24\u4ef6\u5957\u5973","titleTags":null,"type":2},{"acm":"3.ms.0_4_1m6q9qa.0.13385-69004.s026vr4QXjdOZ.t_-sd_117-lc_16","cfav":260,"clientUrl":"http://item.meilishuo.com/h5/detail/1m6q9qa?acm=3.ms.0_4_1m6q9qa.0.13385-69004.s026vr4QXjdOZ.t_-sd_117-lc_16","cparam":null,"iid":"1m6q9qa","itemMarks":"-1","itemType":5,"leftbottom_taglist":[],"lefttop_taglist":[],"link":"http://item.meilishuo.com/h5/detail/1m6q9qa?acm=3.ms.0_4_1m6q9qa.0.13385-69004.s026vr4QXjdOZ.t_-sd_117-lc_16","orgPrice":"\uffe584.29","popularStar":0,"price":"59.00","props":["2018\u79cb\u5b63\u65b0\u6b3e\u4e09\u4ef6\u5957\u97e9\u7248\u62fc\u8272\u9488\u7ec7\u5f00\u886b\u4e2d\u957f\u6b3e\u6bdb\u8863\u5916\u5957+\u5c0f\u6e05\u65b0\u683c\u5b50\u886c\u886b+\u663e\u7626\u725b\u4ed4\u88e4\u65f6\u5c1a\u5957\u88c5"],"ptpC":"_mb_mls_10057922_wap-index_noab-noab","sale":2194,"shopId":1302413805,"show":{"h":416,"img":"http://s3.mogucdn.com/mlcdn/c45406/180801_8filh47j1lh24a8a6500dj46ie597_640x854.jpg_320x999.jpg","w":320},"showLarge":{"h":748,"img":"http://s11.mogucdn.com/mlcdn/c45406/180801_8filh47j1lh24a8a6500dj46ie597_640x854.jpg_560x999.jpg","w":560},"title":"2018\u79cb\u5b63\u65b0\u6b3e\u4e09\u4ef6\u5957\u97e9\u7248\u62fc\u8272\u9488\u7ec7\u5f00\u886b\u4e2d\u957f\u6b3e\u6bdb\u8863\u5916\u5957+\u5c0f\u6e05\u65b0\u683c\u5b50\u886c\u886b+\u663e\u7626\u725b\u4ed4\u88e4\u65f6\u5c1a\u5957\u88c5","titleTags":null,"type":2},{"acm":"3.ms.0_4_1m7bghs.0.13385-69004.s026vr4QXjdOZ.t_-sd_117-lc_16","cfav":10,"clientUrl":"http://item.meilishuo.com/h5/detail/1m7bghs?acm=3.ms.0_4_1m7bghs.0.13385-69004.s026vr4QXjdOZ.t_-sd_117-lc_16","cparam":null,"iid":"1m7bghs","itemMarks":"1232","itemType":5,"leftbottom_taglist":[],"lefttop_taglist":[],"link":"http://item.meilishuo.com/h5/detail/1m7bghs?acm=3.ms.0_4_1m7bghs.0.13385-69004.s026vr4QXjdOZ.t_-sd_117-lc_16","orgPrice":"\uffe5414.00","popularStar":0,"price":"414.00","props":["2018\u79cb\u88c5\u65b0\u6b3e\u65f6\u5c1a\u9ad8\u9886\u6536\u8170\u663e\u7626\u9488\u7ec7\u8fde\u8863\u88d9\u4e2d\u957f\u6b3e\u6bdb\u8863\u88d9\u957f\u6b3e"],"ptpC":"_mb_mls_10057922_wap-index_noab-noab","sale":2155,"shopId":1300941945,"show":{"h":416,"img":"http://s11.mogucdn.com/mlcdn/55cf19/180816_3905kfkkfg63ja251869ljll7j93h_640x960.jpg_320x999.jpg","w":320},"showLarge":{"h":840,"img":"http://s11.mogucdn.com/mlcdn/55cf19/180816_3905kfkkfg63ja251869ljll7j93h_640x960.jpg_560x999.jpg","w":560},"title":"2018\u79cb\u88c5\u65b0\u6b3e\u65f6\u5c1a\u9ad8\u9886\u6536\u8170\u663e\u7626\u9488\u7ec7\u8fde\u8863\u88d9\u4e2d\u957f\u6b3e\u6bdb\u8863\u88d9\u957f\u6b3e","titleTags":null,"type":2},{"acm":"3.ms.0_4_1ls2lf8.0.13385-69004.s026vr4QXjdOZ.t_-sd_117-lc_16","cfav":477,"clientUrl":"http://item.meilishuo.com/h5/detail/1ls2lf8?acm=3.ms.0_4_1ls2lf8.0.13385-69004.s026vr4QXjdOZ.t_-sd_117-lc_16","cparam":null,"iid":"1ls2lf8","itemMarks":"-1","itemType":5,"leftbottom_taglist":[],"lefttop_taglist":[],"link":"http://item.meilishuo.com/h5/detail/1ls2lf8?acm=3.ms.0_4_1ls2lf8.0.13385-69004.s026vr4QXjdOZ.t_-sd_117-lc_16","orgPrice":"\uffe570.00","popularStar":0,"price":"49.00","props":["\u65f6\u5c1a\u5957\u88c52018\u6625\u5b63\u65b0\u6b3e\u725b\u4ed4\u77ed\u6b3e\u5916\u5957\u65f6\u5c1a\u5916\u5957\u6c14\u8d28\u4e0a\u8863\u5973+\u9ad8\u8170\u663e\u7626\u76f4\u7b52\u5927\u53e3\u888b\u725b\u4ed4\u88e4\u4e24\u4ef6\u5957"],"ptpC":"_mb_mls_10057922_wap-index_noab-noab","sale":2139,"shopId":1302421515,"show":{"h":416,"img":"http://s3.mogucdn.com/mlcdn/c45406/180302_5e2jjb9cfkkfbkcb2hd8j02eef478_640x960.jpg_320x999.jpg","w":320},"showLarge":{"h":840,"img":"http://s11.mogucdn.com/mlcdn/c45406/180302_5e2jjb9cfkkfbkcb2hd8j02eef478_640x960.jpg_560x999.jpg","w":560},"title":"\u65f6\u5c1a\u5957\u88c52018\u6625\u5b63\u65b0\u6b3e\u725b\u4ed4\u77ed\u6b3e\u5916\u5957\u65f6\u5c1a\u5916\u5957\u6c14\u8d28\u4e0a\u8863\u5973+\u9ad8\u8170\u663e\u7626\u76f4\u7b52\u5927\u53e3\u888b\u725b\u4ed4\u88e4\u4e24\u4ef6\u5957","titleTags":null,"type":2},{"acm":"3.ms.0_4_1m7llha.0.13385-69004.s026vr4QXjdOZ.t_-sd_117-lc_16","cfav":135,"clientUrl":"http://item.meilishuo.com/h5/detail/1m7llha?acm=3.ms.0_4_1m7llha.0.13385-69004.s026vr4QXjdOZ.t_-sd_117-lc_16","cparam":null,"iid":"1m7llha","itemMarks":"1232 82","itemType":5,"leftbottom_taglist":[],"lefttop_taglist":[],"link":"http://item.meilishuo.com/h5/detail/1m7llha?acm=3.ms.0_4_1m7llha.0.13385-69004.s026vr4QXjdOZ.t_-sd_117-lc_16","orgPrice":"\uffe5127.15","popularStar":0,"price":"89.00","props":["\u79cb\u5b632018\u65b0\u6b3e\u97e9\u7248\u6bdb\u8fb9\u526a\u88c1\u5355\u6392\u6263\u6d17\u6c34\u725b\u4ed4\u5916\u5957\u62bd\u7ef3\u8fde\u5e3d\u663e\u7626\u536b\u8863\u88d9\u5b50\u79cb\u88c5\u65f6\u5c1a\u5957\u88c5\u4e24\u4ef6\u5957\u5973\u88c5"],"ptpC":"_mb_mls_10057922_wap-index_noab-noab","sale":1972,"shopId":111485,"show":{"h":416,"img":"http://s11.mogucdn.com/mlcdn/c45406/180823_5ifd9g28613bi7c10jjk866ki2l32_640x960.jpg_320x999.jpg","w":320},"showLarge":{"h":840,"img":"http://s3.mogucdn.com/mlcdn/c45406/180823_5ifd9g28613bi7c10jjk866ki2l32_640x960.jpg_560x999.jpg","w":560},"title":"\u79cb\u5b632018\u65b0\u6b3e\u97e9\u7248\u6bdb\u8fb9\u526a\u88c1\u5355\u6392\u6263\u6d17\u6c34\u725b\u4ed4\u5916\u5957\u62bd\u7ef3\u8fde\u5e3d\u663e\u7626\u536b\u8863\u88d9\u5b50\u79cb\u88c5\u65f6\u5c1a\u5957\u88c5\u4e24\u4ef6\u5957\u5973\u88c5","titleTags":null,"type":2}],"page":5,"param":{"_mgjuuid":"b9d4c715-4cd0-4e65-a3ea-53d900750052","cKey":"wap-index","cpcEventId":70005,"cpc_offset":0,"eventId":70003,"fcid":"10057922","page":"5","ptpPartC":"_mb_mls_10057922_wap-index_noab-noab","ptpWallCpc":"_wall_cpc","ptpWallDoc":"_wall_docs","section":"0","sort":"sell"},"ptpPartC":"_mb_mls_10057922_wap-index_noab-noab","sort":"sell","title":"\u7f8e\u4e3d\u8bf4wap\u9996\u9875","total":41680},"returnCode":"1001","returnMessage":null,"success":true}
