{
  "data": {
    "cpc_offset": 0,
    "filter": {
      "list": [
        {
          "fcid": "10057922",
          "sort": "pop",
          "style": null,
          "title": "\u6d41\u884c",
          "type": "sort"
        },
        {
          "fcid": "10057922",
          "sort": "sell",
          "style": null,
          "title": "\u70ed\u9500",
          "type": "sort"
        },
        {
          "fcid": "10057922",
          "sort": "new",
          "style": null,
          "title": "\u4e0a\u65b0",
          "type": "sort"
        }
      ],
      "title": "\u7f8e\u4e3d\u8bf4wap\u9996\u9875"
    },
    "isEnd": false,
    "list": [
      {
        "acm": "3.ms.0_4_1m7s9c4.0.13385-69004.ni0a4r4QX83wE.t_-sd_117-lc_16",
        "cfav": 179,
        "clientUrl": "http://item.meilishuo.com/h5/detail/1m7s9c4?acm=3.ms.0_4_1m7s9c4.0.13385-69004.ni0a4r4QX83wE.t_-sd_117-lc_16",
        "cparam": null,
        "iid": "1m7s9c4",
        "itemMarks": "-1",
        "itemType": 5,
        "leftbottom_taglist": [],
        "lefttop_taglist": [],
        "link": "http://item.meilishuo.com/h5/detail/1m7s9c4?acm=3.ms.0_4_1m7s9c4.0.13385-69004.ni0a4r4QX83wE.t_-sd_117-lc_16",
        "orgPrice": "\uffe5127.00",
        "popularStar": 0,
        "price": "88.90",
        "props": [
          "\u79cb\u88c5\u59732018\u65b0\u6b3e\u65e9\u79cb\u5973\u88c5\u88d9\u5b50\u97e9\u7248\u9488\u7ec7\u8fde\u8863\u88d9+\u886c\u886b\u4e0a\u8863\u65f6\u5c1a\u5957\u88c5"
        ],
        "ptpC": "_mb_mls_10057922_wap-index_noab-noab",
        "sale": 32070,
        "shopId": 1302421618,
        "show": {
          "h": 416,
          "img": "http://s11.mogucdn.com/mlcdn/c45406/180828_550k23i82cbibh32602fl43jc9aid_800x1200.jpg_320x999.jpg",
          "w": 320
        },
        "showLarge": {
          "h": 840,
          "img": "http://s3.mogucdn.com/mlcdn/c45406/180828_550k23i82cbibh32602fl43jc9aid_800x1200.jpg_560x999.jpg",
          "w": 560
        },
        "title": "\u79cb\u88c5\u59732018\u65b0\u6b3e\u65e9\u79cb\u5973\u88c5\u88d9\u5b50\u97e9\u7248\u9488\u7ec7\u8fde\u8863\u88d9+\u886c\u886b\u4e0a\u8863\u65f6\u5c1a\u5957\u88c5",
        "titleTags": null,
        "type": 2
      },
      {
        "acm": "3.ms.0_4_1m7jj7a.0.13385-69004.ni0a4r4QX83wE.t_-sd_117-lc_16",
        "cfav": 93,
        "clientUrl": "http://item.meilishuo.com/h5/detail/1m7jj7a?acm=3.ms.0_4_1m7jj7a.0.13385-69004.ni0a4r4QX83wE.t_-sd_117-lc_16",
        "cparam": null,
        "iid": "1m7jj7a",
        "itemMarks": "-1",
        "itemType": 5,
        "leftbottom_taglist": [],
        "lefttop_taglist": [],
        "link": "http://item.meilishuo.com/h5/detail/1m7jj7a?acm=3.ms.0_4_1m7jj7a.0.13385-69004.ni0a4r4QX83wE.t_-sd_117-lc_16",
        "orgPrice": "\uffe5211.43",
        "popularStar": 0,
        "price": "148.00",
        "props": [
          "\u5957\u88c5\u5973\u6625\u79cb2018\u65b0\u6b3e\u65f6\u5c1a\u590d\u53e4\u6c14\u8d28\u4e2a\u6027\u8fde\u5e3d\u536b\u8863\u4e24\u4ef6\u5957"
        ],
        "ptpC": "_mb_mls_10057922_wap-index_noab-noab",
        "sale": 28990,
        "shopId": 1302421618,
        "show": {
          "h": 416,
          "img": "http://s3.mogucdn.com/mlcdn/c45406/180825_4figj590flej05g556d6ll8ka09a7_640x902.jpg_320x999.jpg",
          "w": 320
        },
        "showLarge": {
          "h": 790,
          "img": "http://s3.mogucdn.com/mlcdn/c45406/180825_4figj590flej05g556d6ll8ka09a7_640x902.jpg_560x999.jpg",
          "w": 560
        },
        "title": "\u5957\u88c5\u5973\u6625\u79cb2018\u65b0\u6b3e\u65f6\u5c1a\u590d\u53e4\u6c14\u8d28\u4e2a\u6027\u8fde\u5e3d\u536b\u8863\u4e24\u4ef6\u5957",
        "titleTags": null,
        "type": 2
      },
      {
        "acm": "3.ms.2_1_1lyp2vg.0.70869-69004.ni0a4r4QX83wE.sd_117-c_2_32_440018617_1986848_1_0-t_-c1_10057922_nil_nil_0_1986848_30_0-lc_32",
        "cfav": "16705",
        "clientUrl": "http://item.meilishuo.com/h5/detail/1lyp2vg?acm=3.ms.2_1_1lyp2vg.0.70869-69004.ni0a4r4QX83wE.sd_117-c_2_32_440018617_1986848_1_0-t_-c1_10057922_nil_nil_0_1986848_30_0-lc_32&cparam=MTUzODA1MzM1M18xZWp5OTRhXzVhYTRiYTJhYjI3N2Y5YmQ3ZjRlM2Q2YWM0YWI2ZmUyXzMyXzBfNDQwMDE4NjE3XzBfMTk4Njg0OF8xXzBfNV8wXzA=",
        "cparam": "MTUzODA1MzM1M18xZWp5OTRhXzVhYTRiYTJhYjI3N2Y5YmQ3ZjRlM2Q2YWM0YWI2ZmUyXzMyXzBfNDQwMDE4NjE3XzBfMTk4Njg0OF8xXzBfNV8wXzA=",
        "iid": "1lyp2vg",
        "itemMarks": "1525 352 1497 1232 351",
        "itemType": 7,
        "leftbottom_taglist": [
          "http://s2.mogucdn.com/p2/170307/1_53je1gbj88bjheidae4al1le4h94i_60x28.png"
        ],
        "lefttop_taglist": [],
        "link": "http://item.meilishuo.com/h5/detail/1lyp2vg?acm=3.ms.2_1_1lyp2vg.0.70869-69004.ni0a4r4QX83wE.sd_117-c_2_32_440018617_1986848_1_0-t_-c1_10057922_nil_nil_0_1986848_30_0-lc_32&cparam=MTUzODA1MzM1M18xZWp5OTRhXzVhYTRiYTJhYjI3N2Y5YmQ3ZjRlM2Q2YWM0YWI2ZmUyXzMyXzBfNDQwMDE4NjE3XzBfMTk4Njg0OF8xXzBfNV8wXzA=",
        "orgPrice": "\uffe5108.00",
        "popularStar": null,
        "price": "39.00",
        "props": [
          "2018\u6625\u590f\u5b63\u65b0\u6b3e\u516b\u8272\u7eaf\u8272\u6d45\u8272\u7cfb\u65f6\u5c1a\u7b80\u7ea6\u97e9\u8303\u7eaf\u68c9\u5b66\u751f\u4f11\u95f2\u767e\u642d\u57fa\u7840\u6b3e\u7eaf\u8272\u5706\u9886\u77ed\u8896\u4e0a\u8863\u5973T\u6064"
        ],
        "ptpC": "_mb_mls_10057922_wap-index_noab-noab",
        "sale": "10419",
        "shopId": "1302425481",
        "show": {
          "h": 416,
          "img": "http://s11.mogucdn.com/mlcdn/17f85e/180426_7k4fd5fj9kfe5a7g089b1e10ec8b9_640x960.jpg_320x999.jpg",
          "w": 320
        },
        "showLarge": {
          "h": 840,
          "img": "http://s11.mogucdn.com/mlcdn/17f85e/180426_7k4fd5fj9kfe5a7g089b1e10ec8b9_640x960.jpg_560x999.jpg",
          "w": 560
        },
        "title": "2018\u6625\u590f\u5b63\u65b0\u6b3e\u516b\u8272\u7eaf\u8272\u6d45\u8272\u7cfb\u65f6\u5c1a\u7b80\u7ea6\u97e9\u8303\u7eaf\u68c9\u5b66\u751f\u4f11\u95f2\u767e\u642d\u57fa\u7840\u6b3e\u7eaf\u8272\u5706\u9886\u77ed\u8896\u4e0a\u8863\u5973T\u6064",
        "titleTags": null,
        "type": 2
      },
      {
        "acm": "3.ms.2_1_1lwwv82.0.70869-69004.ni0a4r4QX83wE.sd_117-c_2_32_362829383_1168661847_2_0-t_-c1_10057922_nil_nil_2_1168661847_20_0-lc_32",
        "cfav": "6337",
        "clientUrl": "http://item.meilishuo.com/h5/detail/1lwwv82?acm=3.ms.2_1_1lwwv82.0.70869-69004.ni0a4r4QX83wE.sd_117-c_2_32_362829383_1168661847_2_0-t_-c1_10057922_nil_nil_2_1168661847_20_0-lc_32&cparam=MTUzODA1MzM1M18xYzAxZHhpXzc2NDlhYjlhYzcyZTAwOTk2NTI3NGQyYmRjYjg2N2NlXzMyXzFfMzYyODI5MzgzXzBfMF8yXzBfNTY1XzBfMA==",
        "cparam": "MTUzODA1MzM1M18xYzAxZHhpXzc2NDlhYjlhYzcyZTAwOTk2NTI3NGQyYmRjYjg2N2NlXzMyXzFfMzYyODI5MzgzXzBfMF8yXzBfNTY1XzBfMA==",
        "iid": "1lwwv82",
        "itemMarks": "1525 352 1232 351",
        "itemType": 7,
        "leftbottom_taglist": [
          "http://s2.mogucdn.com/p2/170307/1_5k6k8eiffl43633479294a49f8gci_60x28.png"
        ],
        "lefttop_taglist": [],
        "link": "http://item.meilishuo.com/h5/detail/1lwwv82?acm=3.ms.2_1_1lwwv82.0.70869-69004.ni0a4r4QX83wE.sd_117-c_2_32_362829383_1168661847_2_0-t_-c1_10057922_nil_nil_2_1168661847_20_0-lc_32&cparam=MTUzODA1MzM1M18xYzAxZHhpXzc2NDlhYjlhYzcyZTAwOTk2NTI3NGQyYmRjYjg2N2NlXzMyXzFfMzYyODI5MzgzXzBfMF8yXzBfNTY1XzBfMA==",
        "orgPrice": "\uffe580.00",
        "popularStar": null,
        "price": "56.00",
        "props": [
          "2018\u65b0\u6b3e\u5973\u88c5\u6625\u88c5\u7b80\u7ea6\u886c\u886b\u5973\u957f\u8896\u96ea\u7eba\u4e0a\u8863\u4fee\u8eab\u6e05\u65b0\u6c14\u8d28\u65f6\u5c1a\u5927\u65b9\u4e2a\u6027\u767e\u642d\u7eaf\u8272\u97e9\u8303\u6253\u5e95\u886c\u8863\u6f6e"
        ],
        "ptpC": "_mb_mls_10057922_wap-index_noab-noab",
        "sale": "2198",
        "shopId": "108443",
        "show": {
          "h": 416,
          "img": "http://s3.mogucdn.com/mlcdn/c45406/180519_48g85lbc1dje047k9h0h5bc38a0di_640x960.jpg_320x999.jpg",
          "w": 320
        },
        "showLarge": {
          "h": 840,
          "img": "http://s11.mogucdn.com/mlcdn/c45406/180519_48g85lbc1dje047k9h0h5bc38a0di_640x960.jpg_560x999.jpg",
          "w": 560
        },
        "title": "2018\u65b0\u6b3e\u5973\u88c5\u6625\u88c5\u7b80\u7ea6\u886c\u886b\u5973\u957f\u8896\u96ea\u7eba\u4e0a\u8863\u4fee\u8eab\u6e05\u65b0\u6c14\u8d28\u65f6\u5c1a\u5927\u65b9\u4e2a\u6027\u767e\u642d\u7eaf\u8272\u97e9\u8303\u6253\u5e95\u886c\u8863\u6f6e",
        "titleTags": null,
        "type": 2
      },
      {
        "acm": "3.ms.0_4_1m8k4ps.0.13385-69004.ni0a4r4QX83wE.t_-sd_117-lc_16",
        "cfav": 276,
        "clientUrl": "http://item.meilishuo.com/h5/detail/1m8k4ps?acm=3.ms.0_4_1m8k4ps.0.13385-69004.ni0a4r4QX83wE.t_-sd_117-lc_16",
        "cparam": null,
        "iid": "1m8k4ps",
        "itemMarks": "-1",
        "itemType": 5,
        "leftbottom_taglist": [],
        "lefttop_taglist": [],
        "link": "http://item.meilishuo.com/h5/detail/1m8k4ps?acm=3.ms.0_4_1m8k4ps.0.13385-69004.ni0a4r4QX83wE.t_-sd_117-lc_16",
        "orgPrice": "\uffe5199.00",
        "popularStar": 0,
        "price": "98.00",
        "props": [
          "\u65f6\u5c1a\u5957\u88c5\u4e24\u4ef6\u59572018\u97e9\u7248\u7f51\u7ea2\u793e\u4f1a\u5bbd\u677e\u8fde\u5e3d\u536b\u8863+\u9ad8\u8170\u663e\u7626\u5f00\u53c9\u534a\u8eab\u88d9\u5b66\u9662\u98ce\u4f11\u95f2\u79cb\u88c5\u5973\u5957\u88c5\u65b0\u6b3e"
        ],
        "ptpC": "_mb_mls_10057922_wap-index_noab-noab",
        "sale": 23765,
        "shopId": 22533618,
        "show": {
          "h": 416,
          "img": "http://s11.mogucdn.com/mlcdn/c45406/180914_3aabiea9jgkj2a7hlgfie4011bljj_640x960.jpg_320x999.jpg",
          "w": 320
        },
        "showLarge": {
          "h": 840,
          "img": "http://s3.mogucdn.com/mlcdn/c45406/180914_3aabiea9jgkj2a7hlgfie4011bljj_640x960.jpg_560x999.jpg",
          "w": 560
        },
        "title": "\u65f6\u5c1a\u5957\u88c5\u4e24\u4ef6\u59572018\u97e9\u7248\u7f51\u7ea2\u793e\u4f1a\u5bbd\u677e\u8fde\u5e3d\u536b\u8863+\u9ad8\u8170\u663e\u7626\u5f00\u53c9\u534a\u8eab\u88d9\u5b66\u9662\u98ce\u4f11\u95f2\u79cb\u88c5\u5973\u5957\u88c5\u65b0\u6b3e",
        "titleTags": null,
        "type": 2
      },
      {
        "acm": "3.ms.0_4_1m8mrva.0.13385-69004.ni0a4r4QX83wE.t_-sd_117-lc_16",
        "cfav": 28,
        "clientUrl": "http://item.meilishuo.com/h5/detail/1m8mrva?acm=3.ms.0_4_1m8mrva.0.13385-69004.ni0a4r4QX83wE.t_-sd_117-lc_16",
        "cparam": null,
        "iid": "1m8mrva",
        "itemMarks": "-1",
        "itemType": 5,
        "leftbottom_taglist": [],
        "lefttop_taglist": [],
        "link": "http://item.meilishuo.com/h5/detail/1m8mrva?acm=3.ms.0_4_1m8mrva.0.13385-69004.ni0a4r4QX83wE.t_-sd_117-lc_16",
        "orgPrice": "\uffe585.00",
        "popularStar": 0,
        "price": "59.50",
        "props": [
          "\u79cb\u88c5\u59732018\u65b0\u6b3e\u65f6\u5c1a\u5957\u88c5\u4e24\u4ef6\u5957\u65e9\u79cb\u97e9\u7248\u79cb\u5b63\u5c0f\u6e05\u65b0\u5973\u88c5\u957f\u8896\u65f6\u5c1a\u5bbd\u677e\u8863\u670d"
        ],
        "ptpC": "_mb_mls_10057922_wap-index_noab-noab",
        "sale": 23326,
        "shopId": 1302423963,
        "show": {
          "h": 416,
          "img": "http://s3.mogucdn.com/mlcdn/c45406/180916_3ekh0ge37aachk6hkhade7bjgg2ll_693x694.jpg_320x999.jpg",
          "w": 320
        },
        "showLarge": {
          "h": 561,
          "img": "http://s3.mogucdn.com/mlcdn/c45406/180916_3ekh0ge37aachk6hkhade7bjgg2ll_693x694.jpg_560x999.jpg",
          "w": 560
        },
        "title": "\u79cb\u88c5\u59732018\u65b0\u6b3e\u65f6\u5c1a\u5957\u88c5\u4e24\u4ef6\u5957\u65e9\u79cb\u97e9\u7248\u79cb\u5b63\u5c0f\u6e05\u65b0\u5973\u88c5\u957f\u8896\u65f6\u5c1a\u5bbd\u677e\u8863\u670d",
        "titleTags": null,
        "type": 2
      },
      {
        "acm": "3.ms.2_1_1ls0ylw.0.70869-69004.ni0a4r4QX83wE.sd_117-c_2_32_342629581_2036647_3_0-t_-c1_10057922_nil_nil_0_2036647_30_0-lc_32",
        "cfav": "4040",
        "clientUrl": "http://item.meilishuo.com/h5/detail/1ls0ylw?acm=3.ms.2_1_1ls0ylw.0.70869-69004.ni0a4r4QX83wE.sd_117-c_2_32_342629581_2036647_3_0-t_-c1_10057922_nil_nil_0_2036647_30_0-lc_32&cparam=MTUzODA1MzM1M18xYmJ6aGVhXzVhNDlhZGFlNTgzNWFlYzdhNWU3MGJmODgzMGJjMDEyXzMyXzJfMzQyNjI5NTgxXzBfMjAzNjY0N18zXzBfMzkyXzBfMA==",
        "cparam": "MTUzODA1MzM1M18xYmJ6aGVhXzVhNDlhZGFlNTgzNWFlYzdhNWU3MGJmODgzMGJjMDEyXzMyXzJfMzQyNjI5NTgxXzBfMjAzNjY0N18zXzBfMzkyXzBfMA==",
        "iid": "1ls0ylw",
        "itemMarks": "1525 61",
        "itemType": 7,
        "leftbottom_taglist": [],
        "lefttop_taglist": [],
        "link": "http://item.meilishuo.com/h5/detail/1ls0ylw?acm=3.ms.2_1_1ls0ylw.0.70869-69004.ni0a4r4QX83wE.sd_117-c_2_32_342629581_2036647_3_0-t_-c1_10057922_nil_nil_0_2036647_30_0-lc_32&cparam=MTUzODA1MzM1M18xYmJ6aGVhXzVhNDlhZGFlNTgzNWFlYzdhNWU3MGJmODgzMGJjMDEyXzMyXzJfMzQyNjI5NTgxXzBfMjAzNjY0N18zXzBfMzkyXzBfMA==",
        "orgPrice": "\uffe568.58",
        "popularStar": null,
        "price": "48.00",
        "props": [
          "\u54c8\u4f26\u88e4\u5973\u79cb\u5b632018\u65b0\u6b3e\u97e9\u7248\u5b66\u751f\u663e\u7626\u96ea\u7eba\u8584\u6b3e\u4f11\u95f2\u88e4\u5973\u5bbd\u677e\u9ed1\u8272\u897f\u88c5\u897f\u88e4\u4e5d\u5206\u88e4\u590f\u5c0f\u811a\u841d\u535c\u70df\u7ba1\u88e4"
        ],
        "ptpC": "_mb_mls_10057922_wap-index_noab-noab",
        "sale": "2191",
        "shopId": "10163552",
        "show": {
          "h": 416,
          "img": "http://s11.mogucdn.com/mlcdn/17f85e/180902_2cefh0g12jk4i71bg270843d39l8j_640x960.jpg_320x999.jpg",
          "w": 320
        },
        "showLarge": {
          "h": 840,
          "img": "http://s11.mogucdn.com/mlcdn/17f85e/180902_2cefh0g12jk4i71bg270843d39l8j_640x960.jpg_560x999.jpg",
          "w": 560
        },
        "title": "\u54c8\u4f26\u88e4\u5973\u79cb\u5b632018\u65b0\u6b3e\u97e9\u7248\u5b66\u751f\u663e\u7626\u96ea\u7eba\u8584\u6b3e\u4f11\u95f2\u88e4\u5973\u5bbd\u677e\u9ed1\u8272\u897f\u88c5\u897f\u88e4\u4e5d\u5206\u88e4\u590f\u5c0f\u811a\u841d\u535c\u70df\u7ba1\u88e4",
        "titleTags": null,
        "type": 2
      },
      {
        "acm": "3.ms.2_1_1lzlrra.0.70869-69004.ni0a4r4QX83wE.sd_117-c_2_32_369306035_1187460927_4_0-t_-c1_10057922_nil_nil_2_1187460927_20_0-lc_32",
        "cfav": "10947",
        "clientUrl": "http://item.meilishuo.com/h5/detail/1lzlrra?acm=3.ms.2_1_1lzlrra.0.70869-69004.ni0a4r4QX83wE.sd_117-c_2_32_369306035_1187460927_4_0-t_-c1_10057922_nil_nil_2_1187460927_20_0-lc_32&cparam=MTUzODA1MzM1M18xYzdyMHJpXzVhYTQ5OWY0ZWJjM2I2OTYwNDdhMDA4MGI1MjlkYTUwXzMyXzNfMzY5MzA2MDM1XzBfMF80XzBfNTY1XzBfMA==",
        "cparam": "MTUzODA1MzM1M18xYzdyMHJpXzVhYTQ5OWY0ZWJjM2I2OTYwNDdhMDA4MGI1MjlkYTUwXzMyXzNfMzY5MzA2MDM1XzBfMF80XzBfNTY1XzBfMA==",
        "iid": "1lzlrra",
        "itemMarks": "1525 1232",
        "itemType": 7,
        "leftbottom_taglist": [],
        "lefttop_taglist": [],
        "link": "http://item.meilishuo.com/h5/detail/1lzlrra?acm=3.ms.2_1_1lzlrra.0.70869-69004.ni0a4r4QX83wE.sd_117-c_2_32_369306035_1187460927_4_0-t_-c1_10057922_nil_nil_2_1187460927_20_0-lc_32&cparam=MTUzODA1MzM1M18xYzdyMHJpXzVhYTQ5OWY0ZWJjM2I2OTYwNDdhMDA4MGI1MjlkYTUwXzMyXzNfMzY5MzA2MDM1XzBfMF80XzBfNTY1XzBfMA==",
        "orgPrice": "\uffe541.43",
        "popularStar": null,
        "price": "29.00",
        "props": [
          "2018\u6625\u79cb\u5b63\u97e9\u7248\u65b0\u6b3e\u6761\u7eb9\u5916\u7a7f\u5185\u642d\u4e0a\u8863\u6253\u5e95\u540a\u5e26\u767e\u642d\u65e0\u8896T\u6064\u9488\u7ec7\u80cc\u5fc3\u5973"
        ],
        "ptpC": "_mb_mls_10057922_wap-index_noab-noab",
        "sale": "2150",
        "shopId": "108443",
        "show": {
          "h": 416,
          "img": "http://s11.mogucdn.com/mlcdn/c45406/180521_5ijdcl888016gfaag2id2e0g8l19j_640x960.jpg_320x999.jpg",
          "w": 320
        },
        "showLarge": {
          "h": 840,
          "img": "http://s11.mogucdn.com/mlcdn/c45406/180521_5ijdcl888016gfaag2id2e0g8l19j_640x960.jpg_560x999.jpg",
          "w": 560
        },
        "title": "2018\u6625\u79cb\u5b63\u97e9\u7248\u65b0\u6b3e\u6761\u7eb9\u5916\u7a7f\u5185\u642d\u4e0a\u8863\u6253\u5e95\u540a\u5e26\u767e\u642d\u65e0\u8896T\u6064\u9488\u7ec7\u80cc\u5fc3\u5973",
        "titleTags": null,
        "type": 2
      },
      {
        "acm": "3.ms.2_1_1ltc18m.0.70869-69004.ni0a4r4QX83wE.sd_117-c_2_32_346348853_2037782_5_0-t_-c1_10057922_nil_nil_0_2037782_30_0-lc_32",
        "cfav": "5041",
        "clientUrl": "http://item.meilishuo.com/h5/detail/1ltc18m?acm=3.ms.2_1_1ltc18m.0.70869-69004.ni0a4r4QX83wE.sd_117-c_2_32_346348853_2037782_5_0-t_-c1_10057922_nil_nil_0_2037782_30_0-lc_32&cparam=MTUzODA1MzM1M18xYmdleDBpXzcxMGJjNGI3MTk1NmIxYTU0YzQ0OTNmMTQxNTczOGZiXzMyXzRfMzQ2MzQ4ODUzXzBfMjAzNzc4Ml81XzBfMzkyXzBfMA==",
        "cparam": "MTUzODA1MzM1M18xYmdleDBpXzcxMGJjNGI3MTk1NmIxYTU0YzQ0OTNmMTQxNTczOGZiXzMyXzRfMzQ2MzQ4ODUzXzBfMjAzNzc4Ml81XzBfMzkyXzBfMA==",
        "iid": "1ltc18m",
        "itemMarks": "1525 1907 61",
        "itemType": 7,
        "leftbottom_taglist": [],
        "lefttop_taglist": [],
        "link": "http://item.meilishuo.com/h5/detail/1ltc18m?acm=3.ms.2_1_1ltc18m.0.70869-69004.ni0a4r4QX83wE.sd_117-c_2_32_346348853_2037782_5_0-t_-c1_10057922_nil_nil_0_2037782_30_0-lc_32&cparam=MTUzODA1MzM1M18xYmdleDBpXzcxMGJjNGI3MTk1NmIxYTU0YzQ0OTNmMTQxNTczOGZiXzMyXzRfMzQ2MzQ4ODUzXzBfMjAzNzc4Ml81XzBfMzkyXzBfMA==",
        "orgPrice": "\uffe568.58",
        "popularStar": null,
        "price": "48.00",
        "props": [
          "\u96ea\u7eba\u9614\u817f\u88e4\u5973\u590f2018\u65b0\u6b3e\u88e4\u5b50\u9ed1\u8272\u97e9\u7248\u4f11\u95f2\u88e4\u5973\u4e03\u5206\u5bbd\u677e\u76f4\u7b52\u9ad8\u8170\u79cb\u51ac\u79cb\u5b63\u4e5d\u5206\u5bbd\u817f\u88e4"
        ],
        "ptpC": "_mb_mls_10057922_wap-index_noab-noab",
        "sale": "1984",
        "shopId": "10163552",
        "show": {
          "h": 416,
          "img": "http://s3.mogucdn.com/mlcdn/17f85e/180902_1gd2jld5b1g6dfl57da4jdj07alac_640x960.jpg_320x999.jpg",
          "w": 320
        },
        "showLarge": {
          "h": 840,
          "img": "http://s3.mogucdn.com/mlcdn/17f85e/180902_1gd2jld5b1g6dfl57da4jdj07alac_640x960.jpg_560x999.jpg",
          "w": 560
        },
        "title": "\u96ea\u7eba\u9614\u817f\u88e4\u5973\u590f2018\u65b0\u6b3e\u88e4\u5b50\u9ed1\u8272\u97e9\u7248\u4f11\u95f2\u88e4\u5973\u4e03\u5206\u5bbd\u677e\u76f4\u7b52\u9ad8\u8170\u79cb\u51ac\u79cb\u5b63\u4e5d\u5206\u5bbd\u817f\u88e4",
        "titleTags": null,
        "type": 2
      },
      {
        "acm": "3.ms.2_1_1lvf1qw.0.70869-69004.ni0a4r4QX83wE.sd_117-c_2_32_352660870_0_6_0-t_-c1_10057922_nil_nil_0_0_30_0-lc_32",
        "cfav": "3658",
        "clientUrl": "http://item.meilishuo.com/h5/detail/1lvf1qw?acm=3.ms.2_1_1lvf1qw.0.70869-69004.ni0a4r4QX83wE.sd_117-c_2_32_352660870_0_6_0-t_-c1_10057922_nil_nil_0_0_30_0-lc_32&cparam=MTUzODA1MzM1M18xYm54aHM0X2MyZTEzNDExYTUxMTY3ZWMyZGQ5ZWU5NzkwNzU3ZjgwXzMyXzVfMzUyNjYwODcwXzBfMF82XzBfOTA3XzBfMA==",
        "cparam": "MTUzODA1MzM1M18xYm54aHM0X2MyZTEzNDExYTUxMTY3ZWMyZGQ5ZWU5NzkwNzU3ZjgwXzMyXzVfMzUyNjYwODcwXzBfMF82XzBfOTA3XzBfMA==",
        "iid": "1lvf1qw",
        "itemMarks": "1525 1907",
        "itemType": 7,
        "leftbottom_taglist": [],
        "lefttop_taglist": [],
        "link": "http://item.meilishuo.com/h5/detail/1lvf1qw?acm=3.ms.2_1_1lvf1qw.0.70869-69004.ni0a4r4QX83wE.sd_117-c_2_32_352660870_0_6_0-t_-c1_10057922_nil_nil_0_0_30_0-lc_32&cparam=MTUzODA1MzM1M18xYm54aHM0X2MyZTEzNDExYTUxMTY3ZWMyZGQ5ZWU5NzkwNzU3ZjgwXzMyXzVfMzUyNjYwODcwXzBfMF82XzBfOTA3XzBfMA==",
        "orgPrice": "\uffe552.00",
        "popularStar": null,
        "price": "52.00",
        "props": [
          "\u957f\u8896/\u77ed\u8896T\u6064\u59732018\u65b0\u6b3e\u68c9\u8d28\u5b66\u751f\u5bbd\u677e\u97e9\u7248\u590f\u5b63\u53ef\u7231\u5361\u901a\u732b\u54aa\u5370\u82b1\u7eaf\u8272\u767e\u642d\u6253\u5e95\u886b\u4e0a\u8863\u5973\u6f6e"
        ],
        "ptpC": "_mb_mls_10057922_wap-index_noab-noab",
        "sale": "1856",
        "shopId": "1302406937",
        "show": {
          "h": 416,
          "img": "http://s11.mogucdn.com/mlcdn/c45406/180423_54e410ebffkj73cah5e513584b5fb_800x800.jpg_320x999.jpg",
          "w": 320
        },
        "showLarge": {
          "h": 560,
          "img": "http://s11.mogucdn.com/mlcdn/c45406/180423_54e410ebffkj73cah5e513584b5fb_800x800.jpg_560x999.jpg",
          "w": 560
        },
        "title": "\u957f\u8896/\u77ed\u8896T\u6064\u59732018\u65b0\u6b3e\u68c9\u8d28\u5b66\u751f\u5bbd\u677e\u97e9\u7248\u590f\u5b63\u53ef\u7231\u5361\u901a\u732b\u54aa\u5370\u82b1\u7eaf\u8272\u767e\u642d\u6253\u5e95\u886b\u4e0a\u8863\u5973\u6f6e",
        "titleTags": null,
        "type": 2
      },
      {
        "acm": "3.ms.0_4_1m8ogsc.0.13385-69004.ni0a4r4QX83wE.t_-sd_117-lc_16",
        "cfav": 162,
        "clientUrl": "http://item.meilishuo.com/h5/detail/1m8ogsc?acm=3.ms.0_4_1m8ogsc.0.13385-69004.ni0a4r4QX83wE.t_-sd_117-lc_16",
        "cparam": null,
        "iid": "1m8ogsc",
        "itemMarks": "-1",
        "itemType": 5,
        "leftbottom_taglist": [],
        "lefttop_taglist": [],
        "link": "http://item.meilishuo.com/h5/detail/1m8ogsc?acm=3.ms.0_4_1m8ogsc.0.13385-69004.ni0a4r4QX83wE.t_-sd_117-lc_16",
        "orgPrice": "\uffe5369.00",
        "popularStar": 0,
        "price": "119.00",
        "props": [
          "\u7f51\u7ea2\u540c\u6b3e\u5b9e\u62cd\u79cb\u5b63\u5973\u88c52018\u65b0\u6b3e\u5973\u521d\u604b\u590d\u53e4\u4e2d\u957f\u6b3e\u9488\u7ec7\u8fde\u8863\u88d9\u534a\u8eab\u88d9\u65f6\u5c1a\u5957\u88c5\u4e24\u4ef6\u5957"
        ],
        "ptpC": "_mb_mls_10057922_wap-index_noab-noab",
        "sale": 21355,
        "shopId": 20024660,
        "show": {
          "h": 416,
          "img": "http://s11.mogucdn.com/mlcdn/c45406/180917_24666f4kgi486191382ikh2lhc8cg_640x862.jpg_320x999.jpg",
          "w": 320
        },
        "showLarge": {
          "h": 755,
          "img": "http://s11.mogucdn.com/mlcdn/c45406/180917_24666f4kgi486191382ikh2lhc8cg_640x862.jpg_560x999.jpg",
          "w": 560
        },
        "title": "\u7f51\u7ea2\u540c\u6b3e\u5b9e\u62cd\u79cb\u5b63\u5973\u88c52018\u65b0\u6b3e\u5973\u521d\u604b\u590d\u53e4\u4e2d\u957f\u6b3e\u9488\u7ec7\u8fde\u8863\u88d9\u534a\u8eab\u88d9\u65f6\u5c1a\u5957\u88c5\u4e24\u4ef6\u5957",
        "titleTags": null,
        "type": 2
      },
      {
        "acm": "3.ms.0_4_1m76l50.0.13385-69004.ni0a4r4QX83wE.t_-sd_117-lc_16",
        "cfav": 9,
        "clientUrl": "http://item.meilishuo.com/h5/detail/1m76l50?acm=3.ms.0_4_1m76l50.0.13385-69004.ni0a4r4QX83wE.t_-sd_117-lc_16",
        "cparam": null,
        "iid": "1m76l50",
        "itemMarks": "-1",
        "itemType": 5,
        "leftbottom_taglist": [],
        "lefttop_taglist": [],
        "link": "http://item.meilishuo.com/h5/detail/1m76l50?acm=3.ms.0_4_1m76l50.0.13385-69004.ni0a4r4QX83wE.t_-sd_117-lc_16",
        "orgPrice": "\uffe5154.29",
        "popularStar": 0,
        "price": "108.00",
        "props": [
          "2018\u79cb\u51ac\u65b0\u6b3eins\u8d85\u706b\u9488\u7ec7\u65f6\u5c1a\u4e24\u4ef6\u5957\u5c0f\u9999\u98ce\u5957\u88c5\u5973"
        ],
        "ptpC": "_mb_mls_10057922_wap-index_noab-noab",
        "sale": 20288,
        "shopId": 1302421618,
        "show": {
          "h": 416,
          "img": "http://s3.mogucdn.com/mlcdn/c45406/180815_81dj3id2i70kfeh4eekd94k9ij0k4_640x913.jpg_320x999.jpg",
          "w": 320
        },
        "showLarge": {
          "h": 799,
          "img": "http://s3.mogucdn.com/mlcdn/c45406/180815_81dj3id2i70kfeh4eekd94k9ij0k4_640x913.jpg_560x999.jpg",
          "w": 560
        },
        "title": "2018\u79cb\u51ac\u65b0\u6b3eins\u8d85\u706b\u9488\u7ec7\u65f6\u5c1a\u4e24\u4ef6\u5957\u5c0f\u9999\u98ce\u5957\u88c5\u5973",
        "titleTags": null,
        "type": 2
      },
      {
        "acm": "3.ms.2_1_1m4s06m.0.70869-69004.ni0a4r4QX83wE.sd_117-c_2_32_403400708_448293013_7_0-t_-c1_10057922_nil_nil_1_448293013_30_0-lc_32",
        "cfav": "3891",
        "clientUrl": "http://item.meilishuo.com/h5/detail/1m4s06m?acm=3.ms.2_1_1m4s06m.0.70869-69004.ni0a4r4QX83wE.sd_117-c_2_32_403400708_448293013_7_0-t_-c1_10057922_nil_nil_1_448293013_30_0-lc_32&cparam=MTUzODA1MzM1M18xZGNjazAwXzRmNjYxY2VlMzJlZmEzMzdiN2M3NDZjNmIzYTA5YmViXzMyXzZfNDAzNDAwNzA4XzBfMF83XzBfNzg2XzBfMA==",
        "cparam": "MTUzODA1MzM1M18xZGNjazAwXzRmNjYxY2VlMzJlZmEzMzdiN2M3NDZjNmIzYTA5YmViXzMyXzZfNDAzNDAwNzA4XzBfMF83XzBfNzg2XzBfMA==",
        "iid": "1m4s06m",
        "itemMarks": "1525 82",
        "itemType": 7,
        "leftbottom_taglist": [],
        "lefttop_taglist": [],
        "link": "http://item.meilishuo.com/h5/detail/1m4s06m?acm=3.ms.2_1_1m4s06m.0.70869-69004.ni0a4r4QX83wE.sd_117-c_2_32_403400708_448293013_7_0-t_-c1_10057922_nil_nil_1_448293013_30_0-lc_32&cparam=MTUzODA1MzM1M18xZGNjazAwXzRmNjYxY2VlMzJlZmEzMzdiN2M3NDZjNmIzYTA5YmViXzMyXzZfNDAzNDAwNzA4XzBfMF83XzBfNzg2XzBfMA==",
        "orgPrice": "\uffe529.90",
        "popularStar": null,
        "price": "27.90",
        "props": [
          "t\u6064\u5973\u77ed\u88962018\u65b0\u6b3e\u590f\u5b66\u751f\u5bbd\u677e\u97e9\u7248ulzzang\u767e\u642d\u6761\u7eb9ins\u8d85\u706b\u7684\u4e0a\u8863"
        ],
        "ptpC": "_mb_mls_10057922_wap-index_noab-noab",
        "sale": "1654",
        "shopId": "20574163",
        "show": {
          "h": 416,
          "img": "http://s11.mogucdn.com/mlcdn/c45406/180623_1l8jlga277egb5cih5ilkdge0kb61_800x1200.jpg_320x999.jpg",
          "w": 320
        },
        "showLarge": {
          "h": 840,
          "img": "http://s11.mogucdn.com/mlcdn/c45406/180623_1l8jlga277egb5cih5ilkdge0kb61_800x1200.jpg_560x999.jpg",
          "w": 560
        },
        "title": "t\u6064\u5973\u77ed\u88962018\u65b0\u6b3e\u590f\u5b66\u751f\u5bbd\u677e\u97e9\u7248ulzzang\u767e\u642d\u6761\u7eb9ins\u8d85\u706b\u7684\u4e0a\u8863",
        "titleTags": null,
        "type": 2
      },
      {
        "acm": "3.ms.2_1_1m4xiic.0.70869-69004.ni0a4r4QX83wE.sd_117-c_2_32_429458579_2037562_8_0-t_-c1_10057922_nil_nil_0_2037562_30_0-lc_32",
        "cfav": "2489",
        "clientUrl": "http://item.meilishuo.com/h5/detail/1m4xiic?acm=3.ms.2_1_1m4xiic.0.70869-69004.ni0a4r4QX83wE.sd_117-c_2_32_429458579_2037562_8_0-t_-c1_10057922_nil_nil_0_2037562_30_0-lc_32&cparam=MTUzODA1MzM1M18xZTdka3JpX2ZhYjNhZGE1ZWQ3NTY2YzhjNjFjZWM5ODdkYmFjZjJlXzMyXzdfNDI5NDU4NTc5XzBfMjAzNzU2Ml84XzBfODI5XzBfMA==",
        "cparam": "MTUzODA1MzM1M18xZTdka3JpX2ZhYjNhZGE1ZWQ3NTY2YzhjNjFjZWM5ODdkYmFjZjJlXzMyXzdfNDI5NDU4NTc5XzBfMjAzNzU2Ml84XzBfODI5XzBfMA==",
        "iid": "1m4xiic",
        "itemMarks": "1525 352 1990 82 61 351",
        "itemType": 7,
        "leftbottom_taglist": [],
        "lefttop_taglist": [],
        "link": "http://item.meilishuo.com/h5/detail/1m4xiic?acm=3.ms.2_1_1m4xiic.0.70869-69004.ni0a4r4QX83wE.sd_117-c_2_32_429458579_2037562_8_0-t_-c1_10057922_nil_nil_0_2037562_30_0-lc_32&cparam=MTUzODA1MzM1M18xZTdka3JpX2ZhYjNhZGE1ZWQ3NTY2YzhjNjFjZWM5ODdkYmFjZjJlXzMyXzdfNDI5NDU4NTc5XzBfMjAzNzU2Ml84XzBfODI5XzBfMA==",
        "orgPrice": "\uffe569.00",
        "popularStar": null,
        "price": "38.50",
        "props": [
          "\u3010\u4ef2\u964c\u7f8e\u30112018\u6625\u79cb\u5b63\u65b0\u6b3e\u539f\u5bbf\u98ce\u957f\u8896T\u6064\u5973bf\u6f6e\u5b66\u751f\u97e9\u7248\u62fc\u63a5\u767d\u8272\u590d\u53e4\u6e2f\u5473\u5bbd\u677e\u767e\u642d\u4e0a\u8863\u6253\u5e95"
        ],
        "ptpC": "_mb_mls_10057922_wap-index_noab-noab",
        "sale": "1577",
        "shopId": "20261545",
        "show": {
          "h": 416,
          "img": "http://s11.mogucdn.com/mlcdn/17f85e/180914_47c4ebdagd709k9lkg82829h8i911_640x960.jpg_320x999.jpg",
          "w": 320
        },
        "showLarge": {
          "h": 840,
          "img": "http://s11.mogucdn.com/mlcdn/17f85e/180914_47c4ebdagd709k9lkg82829h8i911_640x960.jpg_560x999.jpg",
          "w": 560
        },
        "title": "\u3010\u4ef2\u964c\u7f8e\u30112018\u6625\u79cb\u5b63\u65b0\u6b3e\u539f\u5bbf\u98ce\u957f\u8896T\u6064\u5973bf\u6f6e\u5b66\u751f\u97e9\u7248\u62fc\u63a5\u767d\u8272\u590d\u53e4\u6e2f\u5473\u5bbd\u677e\u767e\u642d\u4e0a\u8863\u6253\u5e95",
        "titleTags": null,
        "type": 2
      },
      {
        "acm": "3.ms.0_4_1m6zb50.0.13385-69004.ni0a4r4QX83wE.t_-sd_117-lc_16",
        "cfav": 7,
        "clientUrl": "http://item.meilishuo.com/h5/detail/1m6zb50?acm=3.ms.0_4_1m6zb50.0.13385-69004.ni0a4r4QX83wE.t_-sd_117-lc_16",
        "cparam": null,
        "iid": "1m6zb50",
        "itemMarks": "-1",
        "itemType": 5,
        "leftbottom_taglist": [],
        "lefttop_taglist": [],
        "link": "http://item.meilishuo.com/h5/detail/1m6zb50?acm=3.ms.0_4_1m6zb50.0.13385-69004.ni0a4r4QX83wE.t_-sd_117-lc_16",
        "orgPrice": "\uffe5127.15",
        "popularStar": 0,
        "price": "89.00",
        "props": [
          "\u7f51\u7ea2\u540c\u6b3e2018\u79cb\u5b63\u65b0\u6b3e\u6175\u61d2\u98ce\u7a7a\u8c03\u886b\u9488\u7ec7\u5f00\u886b+\u9488\u7ec7\u534a\u8eab\u88d9\u65f6\u5c1a\u5957\u88c5"
        ],
        "ptpC": "_mb_mls_10057922_wap-index_noab-noab",
        "sale": 20230,
        "shopId": 1302421618,
        "show": {
          "h": 416,
          "img": "http://s11.mogucdn.com/mlcdn/c45406/180808_0312e2cd957g59610k88091621gf2_640x954.jpg_320x999.jpg",
          "w": 320
        },
        "showLarge": {
          "h": 835,
          "img": "http://s11.mogucdn.com/mlcdn/c45406/180808_0312e2cd957g59610k88091621gf2_640x954.jpg_560x999.jpg",
          "w": 560
        },
        "title": "\u7f51\u7ea2\u540c\u6b3e2018\u79cb\u5b63\u65b0\u6b3e\u6175\u61d2\u98ce\u7a7a\u8c03\u886b\u9488\u7ec7\u5f00\u886b+\u9488\u7ec7\u534a\u8eab\u88d9\u65f6\u5c1a\u5957\u88c5",
        "titleTags": null,
        "type": 2
      },
      {
        "acm": "3.ms.0_4_1m8jzwo.0.13385-69004.ni0a4r4QX83wE.t_-sd_117-lc_16",
        "cfav": 173,
        "clientUrl": "http://item.meilishuo.com/h5/detail/1m8jzwo?acm=3.ms.0_4_1m8jzwo.0.13385-69004.ni0a4r4QX83wE.t_-sd_117-lc_16",
        "cparam": null,
        "iid": "1m8jzwo",
        "itemMarks": "-1",
        "itemType": 5,
        "leftbottom_taglist": [],
        "lefttop_taglist": [],
        "link": "http://item.meilishuo.com/h5/detail/1m8jzwo?acm=3.ms.0_4_1m8jzwo.0.13385-69004.ni0a4r4QX83wE.t_-sd_117-lc_16",
        "orgPrice": "\uffe578.58",
        "popularStar": 0,
        "price": "55.00",
        "props": [
          "chic\u6e2f\u5473\u79cb\u88c5\u5973\u5957\u88c5\u65b0\u6b3e2018\u97e9\u7248\u683c\u5b50\u897f\u88c5\u5916\u5957+\u663e\u7626\u9ad8\u8170\u7834\u6d1e\u5c0f\u811a\u88e4\u5b66\u9662\u98ce\u65f6\u5c1a\u5957\u88c5\u4e24\u4ef6\u5957"
        ],
        "ptpC": "_mb_mls_10057922_wap-index_noab-noab",
        "sale": 19993,
        "shopId": 22533618,
        "show": {
          "h": 416,
          "img": "http://s11.mogucdn.com/mlcdn/c45406/180914_4k0k14g1608gc04k3jh1c6jac47fi_640x960.jpg_320x999.jpg",
          "w": 320
        },
        "showLarge": {
          "h": 840,
          "img": "http://s11.mogucdn.com/mlcdn/c45406/180914_4k0k14g1608gc04k3jh1c6jac47fi_640x960.jpg_560x999.jpg",
          "w": 560
        },
        "title": "chic\u6e2f\u5473\u79cb\u88c5\u5973\u5957\u88c5\u65b0\u6b3e2018\u97e9\u7248\u683c\u5b50\u897f\u88c5\u5916\u5957+\u663e\u7626\u9ad8\u8170\u7834\u6d1e\u5c0f\u811a\u88e4\u5b66\u9662\u98ce\u65f6\u5c1a\u5957\u88c5\u4e24\u4ef6\u5957",
        "titleTags": null,
        "type": 2
      },
      {
        "acm": "3.ms.2_1_1m4tdhy.0.70869-69004.ni0a4r4QX83wE.sd_117-c_2_32_415780334_448451129_9_0-t_-c1_10057922_nil_nil_1_448451129_42_0-lc_32",
        "cfav": "1561",
        "clientUrl": "http://item.meilishuo.com/h5/detail/1m4tdhy?acm=3.ms.2_1_1m4tdhy.0.70869-69004.ni0a4r4QX83wE.sd_117-c_2_32_415780334_448451129_9_0-t_-c1_10057922_nil_nil_1_448451129_42_0-lc_32&cparam=MTUzODA1MzM1M18xZHIzOGQwXzUwOGZhOTc5MWNiODhiZmZjYWY4NGNjZDVmODRlODBjXzMyXzhfNDE1NzgwMzM0XzBfMF85XzBfNzQ0XzBfMA==",
        "cparam": "MTUzODA1MzM1M18xZHIzOGQwXzUwOGZhOTc5MWNiODhiZmZjYWY4NGNjZDVmODRlODBjXzMyXzhfNDE1NzgwMzM0XzBfMF85XzBfNzQ0XzBfMA==",
        "iid": "1m4tdhy",
        "itemMarks": "1525",
        "itemType": 7,
        "leftbottom_taglist": [],
        "lefttop_taglist": [],
        "link": "http://item.meilishuo.com/h5/detail/1m4tdhy?acm=3.ms.2_1_1m4tdhy.0.70869-69004.ni0a4r4QX83wE.sd_117-c_2_32_415780334_448451129_9_0-t_-c1_10057922_nil_nil_1_448451129_42_0-lc_32&cparam=MTUzODA1MzM1M18xZHIzOGQwXzUwOGZhOTc5MWNiODhiZmZjYWY4NGNjZDVmODRlODBjXzMyXzhfNDE1NzgwMzM0XzBfMF85XzBfNzQ0XzBfMA==",
        "orgPrice": "\uffe554.00",
        "popularStar": null,
        "price": "37.00",
        "props": [
          "\u6768\u5e42\u660e\u661f\u540c\u6b3e2018\u65b0\u6b3e\u767d\u8272ins\u8d85\u706b\u77ed\u8896t\u6064\u5973\u5b57\u6bcd\u5bbd\u677e\u7eaf\u68c9\u767e\u642d\u4e0a\u8863"
        ],
        "ptpC": "_mb_mls_10057922_wap-index_noab-noab",
        "sale": "1557",
        "shopId": "1302442895",
        "show": {
          "h": 416,
          "img": "http://s3.mogucdn.com/mlcdn/c45406/180624_6jb1g4kg6i1ab4i4g0echaia49i87_640x960.png_320x999.jpg",
          "w": 320
        },
        "showLarge": {
          "h": 840,
          "img": "http://s11.mogucdn.com/mlcdn/c45406/180624_6jb1g4kg6i1ab4i4g0echaia49i87_640x960.png_560x999.jpg",
          "w": 560
        },
        "title": "\u6768\u5e42\u660e\u661f\u540c\u6b3e2018\u65b0\u6b3e\u767d\u8272ins\u8d85\u706b\u77ed\u8896t\u6064\u5973\u5b57\u6bcd\u5bbd\u677e\u7eaf\u68c9\u767e\u642d\u4e0a\u8863",
        "titleTags": null,
        "type": 2
      },
      {
        "acm": "3.ms.2_1_1m1camo.0.70869-69004.ni0a4r4QX83wE.sd_117-c_2_32_376755071_1212066415_10_0-t_-c1_10057922_nil_nil_2_1212066415_20_0-lc_32",
        "cfav": "3961",
        "clientUrl": "http://item.meilishuo.com/h5/detail/1m1camo?acm=3.ms.2_1_1m1camo.0.70869-69004.ni0a4r4QX83wE.sd_117-c_2_32_376755071_1212066415_10_0-t_-c1_10057922_nil_nil_2_1212066415_20_0-lc_32&cparam=MTUzODA1MzM1M18xY2dtYzZ1XzEzYmE1M2ZlMDk4OWNmNGNiYTIzMDFjZTI2N2FhZjhiXzMyXzlfMzc2NzU1MDcxXzBfMF8xMF8wXzU2NV8wXzA=",
        "cparam": "MTUzODA1MzM1M18xY2dtYzZ1XzEzYmE1M2ZlMDk4OWNmNGNiYTIzMDFjZTI2N2FhZjhiXzMyXzlfMzc2NzU1MDcxXzBfMF8xMF8wXzU2NV8wXzA=",
        "iid": "1m1camo",
        "itemMarks": "1525 352 351",
        "itemType": 7,
        "leftbottom_taglist": [],
        "lefttop_taglist": [],
        "link": "http://item.meilishuo.com/h5/detail/1m1camo?acm=3.ms.2_1_1m1camo.0.70869-69004.ni0a4r4QX83wE.sd_117-c_2_32_376755071_1212066415_10_0-t_-c1_10057922_nil_nil_2_1212066415_20_0-lc_32&cparam=MTUzODA1MzM1M18xY2dtYzZ1XzEzYmE1M2ZlMDk4OWNmNGNiYTIzMDFjZTI2N2FhZjhiXzMyXzlfMzc2NzU1MDcxXzBfMF8xMF8wXzU2NV8wXzA=",
        "orgPrice": "\uffe570.00",
        "popularStar": null,
        "price": "49.00",
        "props": [
          "2018\u6625\u79cb\u5b63\u65b0\u6b3e\u97e9\u7248\u539f\u5bbf\u98ce\u95fa\u871c\u88c5\u5706\u9886\u5957\u5934\u77ed\u8896t\u6064\u5973\u4e2d\u957f\u6b3e\u7eaf\u8272\u767e\u642d\u4e0a\u8863\u5bbd\u677e\u5927\u7801\u5b66\u751f\u534a\u8896\u4f53\u6064"
        ],
        "ptpC": "_mb_mls_10057922_wap-index_noab-noab",
        "sale": "1532",
        "shopId": "108443",
        "show": {
          "h": 416,
          "img": "http://s3.mogucdn.com/mlcdn/c45406/180514_104a5k2f09808h371j8b3h299e870_640x960.jpg_320x999.jpg",
          "w": 320
        },
        "showLarge": {
          "h": 840,
          "img": "http://s3.mogucdn.com/mlcdn/c45406/180514_104a5k2f09808h371j8b3h299e870_640x960.jpg_560x999.jpg",
          "w": 560
        },
        "title": "2018\u6625\u79cb\u5b63\u65b0\u6b3e\u97e9\u7248\u539f\u5bbf\u98ce\u95fa\u871c\u88c5\u5706\u9886\u5957\u5934\u77ed\u8896t\u6064\u5973\u4e2d\u957f\u6b3e\u7eaf\u8272\u767e\u642d\u4e0a\u8863\u5bbd\u677e\u5927\u7801\u5b66\u751f\u534a\u8896\u4f53\u6064",
        "titleTags": null,
        "type": 2
      },
      {
        "acm": "3.ms.2_1_1lrxzfw.0.70869-69004.ni0a4r4QX83wE.sd_117-c_2_32_355439477_1289053869_11_0-t_-c1_10057922_nil_nil_2_1289053869_30_0-lc_32",
        "cfav": "7511",
        "clientUrl": "http://item.meilishuo.com/h5/detail/1lrxzfw?acm=3.ms.2_1_1lrxzfw.0.70869-69004.ni0a4r4QX83wE.sd_117-c_2_32_355439477_1289053869_11_0-t_-c1_10057922_nil_nil_2_1289053869_30_0-lc_32&cparam=MTUzODA1MzM1M18xYnI4bHI2X2E4N2E5NWQyOGM4MzRkNzFjYzk1ZWYyMTYyNmM2ZDU2XzMyXzEwXzM1NTQzOTQ3N18wXzBfMTFfMF8xMDNfMF8w",
        "cparam": "MTUzODA1MzM1M18xYnI4bHI2X2E4N2E5NWQyOGM4MzRkNzFjYzk1ZWYyMTYyNmM2ZDU2XzMyXzEwXzM1NTQzOTQ3N18wXzBfMTFfMF8xMDNfMF8w",
        "iid": "1lrxzfw",
        "itemMarks": "1525 82",
        "itemType": 7,
        "leftbottom_taglist": [],
        "lefttop_taglist": [],
        "link": "http://item.meilishuo.com/h5/detail/1lrxzfw?acm=3.ms.2_1_1lrxzfw.0.70869-69004.ni0a4r4QX83wE.sd_117-c_2_32_355439477_1289053869_11_0-t_-c1_10057922_nil_nil_2_1289053869_30_0-lc_32&cparam=MTUzODA1MzM1M18xYnI4bHI2X2E4N2E5NWQyOGM4MzRkNzFjYzk1ZWYyMTYyNmM2ZDU2XzMyXzEwXzM1NTQzOTQ3N18wXzBfMTFfMF8xMDNfMF8w",
        "orgPrice": "\uffe556.00",
        "popularStar": null,
        "price": "39.00",
        "props": [
          "\u3010\u4e24\u4ef659\u5143\u3011\u3010 \u964d\u4ef7\u5566\uff01\u3011\u77ed\u8896t\u6064\u59732018\u590f\u88c5\u65b0\u6b3e\u97e9\u7248\u6f6e\u5bbd\u677e\u767e\u642d\u5b66\u751f\u4f11\u95f2\u4e0a\u8863"
        ],
        "ptpC": "_mb_mls_10057922_wap-index_noab-noab",
        "sale": "1323",
        "shopId": "1302412599",
        "show": {
          "h": 416,
          "img": "http://s11.mogucdn.com/mlcdn/c45406/180827_0k3h9a83b45507i5aihi0a02ii752_640x960.jpg_320x999.jpg",
          "w": 320
        },
        "showLarge": {
          "h": 840,
          "img": "http://s3.mogucdn.com/mlcdn/c45406/180827_0k3h9a83b45507i5aihi0a02ii752_640x960.jpg_560x999.jpg",
          "w": 560
        },
        "title": "\u3010\u4e24\u4ef659\u5143\u3011\u3010 \u964d\u4ef7\u5566\uff01\u3011\u77ed\u8896t\u6064\u59732018\u590f\u88c5\u65b0\u6b3e\u97e9\u7248\u6f6e\u5bbd\u677e\u767e\u642d\u5b66\u751f\u4f11\u95f2\u4e0a\u8863",
        "titleTags": null,
        "type": 2
      },
      {
        "acm": "3.ms.2_1_1m11u6e.0.70869-69004.ni0a4r4QX83wE.sd_117-c_2_32_375932268_1208174026_12_0-t_-c1_10057922_nil_nil_2_1208174026_20_0-lc_32",
        "cfav": "1785",
        "clientUrl": "http://item.meilishuo.com/h5/detail/1m11u6e?acm=3.ms.2_1_1m11u6e.0.70869-69004.ni0a4r4QX83wE.sd_117-c_2_32_375932268_1208174026_12_0-t_-c1_10057922_nil_nil_2_1208174026_20_0-lc_32&cparam=MTUzODA1MzM1M18xY2ZuMmZrXzhjMzY5ZGZlOTVkMzZhMWM2MjU0OWQ2Yjg4YWIzY2M1XzMyXzExXzM3NTkzMjI2OF8wXzBfMTJfMF81NjVfMF8w",
        "cparam": "MTUzODA1MzM1M18xY2ZuMmZrXzhjMzY5ZGZlOTVkMzZhMWM2MjU0OWQ2Yjg4YWIzY2M1XzMyXzExXzM3NTkzMjI2OF8wXzBfMTJfMF81NjVfMF8w",
        "iid": "1m11u6e",
        "itemMarks": "1525 352 351",
        "itemType": 7,
        "leftbottom_taglist": [],
        "lefttop_taglist": [],
        "link": "http://item.meilishuo.com/h5/detail/1m11u6e?acm=3.ms.2_1_1m11u6e.0.70869-69004.ni0a4r4QX83wE.sd_117-c_2_32_375932268_1208174026_12_0-t_-c1_10057922_nil_nil_2_1208174026_20_0-lc_32&cparam=MTUzODA1MzM1M18xY2ZuMmZrXzhjMzY5ZGZlOTVkMzZhMWM2MjU0OWQ2Yjg4YWIzY2M1XzMyXzExXzM3NTkzMjI2OF8wXzBfMTJfMF81NjVfMF8w",
        "orgPrice": "\uffe550.00",
        "popularStar": null,
        "price": "35.00",
        "props": [
          "2018\u6625\u79cb\u5b63\u65b0\u6b3e\u5973\u88c5\u97e9\u7248\u5bbd\u677e\u77ed\u8896t\u6064\u5973chic\u534a\u8896\u6253\u5e95\u6761\u7eb9\u4f53\u6064\u4e0a\u8863"
        ],
        "ptpC": "_mb_mls_10057922_wap-index_noab-noab",
        "sale": "1323",
        "shopId": "108443",
        "show": {
          "h": 416,
          "img": "http://s11.mogucdn.com/mlcdn/c45406/180512_3e1962h3haa801048j1gi21024031_640x960.jpg_320x999.jpg",
          "w": 320
        },
        "showLarge": {
          "h": 840,
          "img": "http://s11.mogucdn.com/mlcdn/c45406/180512_3e1962h3haa801048j1gi21024031_640x960.jpg_560x999.jpg",
          "w": 560
        },
        "title": "2018\u6625\u79cb\u5b63\u65b0\u6b3e\u5973\u88c5\u97e9\u7248\u5bbd\u677e\u77ed\u8896t\u6064\u5973chic\u534a\u8896\u6253\u5e95\u6761\u7eb9\u4f53\u6064\u4e0a\u8863",
        "titleTags": null,
        "type": 2
      },
      {
        "acm": "3.ms.0_4_1m8loki.0.13385-69004.ni0a4r4QX83wE.t_-sd_117-lc_16",
        "cfav": 156,
        "clientUrl": "http://item.meilishuo.com/h5/detail/1m8loki?acm=3.ms.0_4_1m8loki.0.13385-69004.ni0a4r4QX83wE.t_-sd_117-lc_16",
        "cparam": null,
        "iid": "1m8loki",
        "itemMarks": "-1",
        "itemType": 5,
        "leftbottom_taglist": [],
        "lefttop_taglist": [],
        "link": "http://item.meilishuo.com/h5/detail/1m8loki?acm=3.ms.0_4_1m8loki.0.13385-69004.ni0a4r4QX83wE.t_-sd_117-lc_16",
        "orgPrice": "\uffe5168.00",
        "popularStar": 0,
        "price": "54.00",
        "props": [
          "\u4e2d\u957f\u6b3e\u957f\u8896\u8fde\u8863\u88d9\u79cb\u88c5\u65b0\u6b3e2018\u97e9\u7248\u4f11\u95f2\u80d6mm\u5927\u7801\u5973\u88c5\u88d9\u5b50\u5973\u5b66\u751f\u5bbd\u677e\u677e\u57ae\u57ae\u4e2d\u957f\u6b3e\u536b\u8863\u88d9\u5916\u5957"
        ],
        "ptpC": "_mb_mls_10057922_wap-index_noab-noab",
        "sale": 19045,
        "shopId": 22533618,
        "show": {
          "h": 416,
          "img": "http://s11.mogucdn.com/mlcdn/c45406/180916_4di1ek7k3kha3klk02185678b025d_640x960.jpg_320x999.jpg",
          "w": 320
        },
        "showLarge": {
          "h": 840,
          "img": "http://s3.mogucdn.com/mlcdn/c45406/180916_4di1ek7k3kha3klk02185678b025d_640x960.jpg_560x999.jpg",
          "w": 560
        },
        "title": "\u4e2d\u957f\u6b3e\u957f\u8896\u8fde\u8863\u88d9\u79cb\u88c5\u65b0\u6b3e2018\u97e9\u7248\u4f11\u95f2\u80d6mm\u5927\u7801\u5973\u88c5\u88d9\u5b50\u5973\u5b66\u751f\u5bbd\u677e\u677e\u57ae\u57ae\u4e2d\u957f\u6b3e\u536b\u8863\u88d9\u5916\u5957",
        "titleTags": null,
        "type": 2
      },
      {
        "acm": "3.ms.0_4_1m76pms.0.13385-69004.ni0a4r4QX83wE.t_-sd_117-lc_16",
        "cfav": 22,
        "clientUrl": "http://item.meilishuo.com/h5/detail/1m76pms?acm=3.ms.0_4_1m76pms.0.13385-69004.ni0a4r4QX83wE.t_-sd_117-lc_16",
        "cparam": null,
        "iid": "1m76pms",
        "itemMarks": "-1",
        "itemType": 5,
        "leftbottom_taglist": [],
        "lefttop_taglist": [],
        "link": "http://item.meilishuo.com/h5/detail/1m76pms?acm=3.ms.0_4_1m76pms.0.13385-69004.ni0a4r4QX83wE.t_-sd_117-lc_16",
        "orgPrice": "\uffe5154.29",
        "popularStar": 0,
        "price": "108.00",
        "props": [
          "2018\u79cb\u65b0\u6b3e\u97e9\u7248\u65f6\u5c1a\u7b80\u7ea6\u7cfb\u5e26\u663e\u7626\u6761\u7eb9\u7cfb\u5e26\u897f\u670d\u5957\u88c5\u5973"
        ],
        "ptpC": "_mb_mls_10057922_wap-index_noab-noab",
        "sale": 17587,
        "shopId": 1302421618,
        "show": {
          "h": 416,
          "img": "http://s3.mogucdn.com/mlcdn/c45406/180815_7ff4fbk769cc2d1c2l494ie7j5jke_640x908.jpg_320x999.jpg",
          "w": 320
        },
        "showLarge": {
          "h": 795,
          "img": "http://s11.mogucdn.com/mlcdn/c45406/180815_7ff4fbk769cc2d1c2l494ie7j5jke_640x908.jpg_560x999.jpg",
          "w": 560
        },
        "title": "2018\u79cb\u65b0\u6b3e\u97e9\u7248\u65f6\u5c1a\u7b80\u7ea6\u7cfb\u5e26\u663e\u7626\u6761\u7eb9\u7cfb\u5e26\u897f\u670d\u5957\u88c5\u5973",
        "titleTags": null,
        "type": 2
      },
      {
        "acm": "3.ms.2_1_1m4lame.0.70869-69004.ni0a4r4QX83wE.sd_117-c_2_32_405422112_447460394_13_0-t_-c1_10057922_nil_nil_1_447460394_20_0-lc_32",
        "cfav": "2017",
        "clientUrl": "http://item.meilishuo.com/h5/detail/1m4lame?acm=3.ms.2_1_1m4lame.0.70869-69004.ni0a4r4QX83wE.sd_117-c_2_32_405422112_447460394_13_0-t_-c1_10057922_nil_nil_1_447460394_20_0-lc_32&cparam=MTUzODA1MzM1M18xZGVyN2c4X2E4MjQ4NmJiYTdmYzhhMmNiOGYxNTNjYWFjZmZiNWQ3XzMyXzEyXzQwNTQyMjExMl8wXzBfMTNfMF83OThfMF8w",
        "cparam": "MTUzODA1MzM1M18xZGVyN2c4X2E4MjQ4NmJiYTdmYzhhMmNiOGYxNTNjYWFjZmZiNWQ3XzMyXzEyXzQwNTQyMjExMl8wXzBfMTNfMF83OThfMF8w",
        "iid": "1m4lame",
        "itemMarks": "1525",
        "itemType": 7,
        "leftbottom_taglist": [],
        "lefttop_taglist": [],
        "link": "http://item.meilishuo.com/h5/detail/1m4lame?acm=3.ms.2_1_1m4lame.0.70869-69004.ni0a4r4QX83wE.sd_117-c_2_32_405422112_447460394_13_0-t_-c1_10057922_nil_nil_1_447460394_20_0-lc_32&cparam=MTUzODA1MzM1M18xZGVyN2c4X2E4MjQ4NmJiYTdmYzhhMmNiOGYxNTNjYWFjZmZiNWQ3XzMyXzEyXzQwNTQyMjExMl8wXzBfMTNfMF83OThfMF8w",
        "orgPrice": "\uffe557.00",
        "popularStar": null,
        "price": "39.90",
        "props": [
          "\u9001\u8fd0\u8d39\u9669\u77ed\u8896t\u6064\u59732018\u590f\u5b63\u65b0\u6b3e\u5973\u88c5\u97e9\u7248\u65f6\u5c1a\u6c14\u8d28\u767e\u642dulzzang\u5b66\u751f\u767e\u642d\u5c0f\u5fc3\u673a\u7eaf\u8272\u4e0a\u8863"
        ],
        "ptpC": "_mb_mls_10057922_wap-index_noab-noab",
        "sale": "1300",
        "shopId": "110697",
        "show": {
          "h": 416,
          "img": "http://s3.mogucdn.com/mlcdn/c45406/180621_00e5i2711h0de8lhe4568kkie9d90_640x960.jpg_320x999.jpg",
          "w": 320
        },
        "showLarge": {
          "h": 840,
          "img": "http://s11.mogucdn.com/mlcdn/c45406/180621_00e5i2711h0de8lhe4568kkie9d90_640x960.jpg_560x999.jpg",
          "w": 560
        },
        "title": "\u9001\u8fd0\u8d39\u9669\u77ed\u8896t\u6064\u59732018\u590f\u5b63\u65b0\u6b3e\u5973\u88c5\u97e9\u7248\u65f6\u5c1a\u6c14\u8d28\u767e\u642dulzzang\u5b66\u751f\u767e\u642d\u5c0f\u5fc3\u673a\u7eaf\u8272\u4e0a\u8863",
        "titleTags": null,
        "type": 2
      },
      {
        "acm": "3.ms.2_1_1m07mk2.0.70869-69004.ni0a4r4QX83wE.sd_117-c_2_32_370792734_0_14_0-t_-c1_10057922_nil_nil_0_0_30_0-lc_32",
        "cfav": "2517",
        "clientUrl": "http://item.meilishuo.com/h5/detail/1m07mk2?acm=3.ms.2_1_1m07mk2.0.70869-69004.ni0a4r4QX83wE.sd_117-c_2_32_370792734_0_14_0-t_-c1_10057922_nil_nil_0_0_30_0-lc_32&cparam=MTUzODA1MzM1M18xYzlpcjF3X2M5M2RmYmQxNTU1YzIyMWMyZjA2YTAwY2YzYmIxMGY0XzMyXzEzXzM3MDc5MjczNF8wXzBfMTRfMF85NzFfMF8w",
        "cparam": "MTUzODA1MzM1M18xYzlpcjF3X2M5M2RmYmQxNTU1YzIyMWMyZjA2YTAwY2YzYmIxMGY0XzMyXzEzXzM3MDc5MjczNF8wXzBfMTRfMF85NzFfMF8w",
        "iid": "1m07mk2",
        "itemMarks": "1907 82",
        "itemType": 7,
        "leftbottom_taglist": [],
        "lefttop_taglist": [],
        "link": "http://item.meilishuo.com/h5/detail/1m07mk2?acm=3.ms.2_1_1m07mk2.0.70869-69004.ni0a4r4QX83wE.sd_117-c_2_32_370792734_0_14_0-t_-c1_10057922_nil_nil_0_0_30_0-lc_32&cparam=MTUzODA1MzM1M18xYzlpcjF3X2M5M2RmYmQxNTU1YzIyMWMyZjA2YTAwY2YzYmIxMGY0XzMyXzEzXzM3MDc5MjczNF8wXzBfMTRfMF85NzFfMF8w",
        "orgPrice": "\uffe599.00",
        "popularStar": null,
        "price": "69.00",
        "props": [
          "\u3010\u65f6\u5c1a\u5957\u88c5\u30112018\u79cb\u6b3e\u65b0\u6b3e\u725b\u4ed4\u80cc\u5e26\u88d9\u5973\u590f\u540a\u5e26\u8fde\u8863\u88d9\u642d\u914dT\u6064\u65b0\u6b3e\u5c0f\u6e05\u65b0\u4e24\u4ef6\u5957\u5973"
        ],
        "ptpC": "_mb_mls_10057922_wap-index_noab-noab",
        "sale": "1136",
        "shopId": "1302420627",
        "show": {
          "h": 416,
          "img": "http://s3.mogucdn.com/mlcdn/c45406/180821_044abj5e7h2icfgijb053661lle8f_800x800.jpg_320x999.jpg",
          "w": 320
        },
        "showLarge": {
          "h": 560,
          "img": "http://s3.mogucdn.com/mlcdn/c45406/180821_044abj5e7h2icfgijb053661lle8f_800x800.jpg_560x999.jpg",
          "w": 560
        },
        "title": "\u3010\u65f6\u5c1a\u5957\u88c5\u30112018\u79cb\u6b3e\u65b0\u6b3e\u725b\u4ed4\u80cc\u5e26\u88d9\u5973\u590f\u540a\u5e26\u8fde\u8863\u88d9\u642d\u914dT\u6064\u65b0\u6b3e\u5c0f\u6e05\u65b0\u4e24\u4ef6\u5957\u5973",
        "titleTags": null,
        "type": 2
      },
      {
        "acm": "3.ms.0_4_1m8ekkc.0.13385-69004.ni0a4r4QX83wE.t_-sd_117-lc_16",
        "cfav": 2,
        "clientUrl": "http://item.meilishuo.com/h5/detail/1m8ekkc?acm=3.ms.0_4_1m8ekkc.0.13385-69004.ni0a4r4QX83wE.t_-sd_117-lc_16",
        "cparam": null,
        "iid": "1m8ekkc",
        "itemMarks": "152",
        "itemType": 5,
        "leftbottom_taglist": [],
        "lefttop_taglist": [],
        "link": "http://item.meilishuo.com/h5/detail/1m8ekkc?acm=3.ms.0_4_1m8ekkc.0.13385-69004.ni0a4r4QX83wE.t_-sd_117-lc_16",
        "orgPrice": "\uffe568.58",
        "popularStar": 0,
        "price": "48.00",
        "props": [
          "\u79cb\u5b63\u65b0\u6b3e\u5957\u88c5\u4e24\u4ef6\u5957\u79cb\u88c52018\u65b0\u6b3e\u97e9\u7248chic\u6ce1\u6ce1\u8896\u886c\u886b\u4e0a\u8863+\u9ad8\u8170\u663e\u7626\u725b\u4ed4\u88e4\u5b66\u9662\u98ce\u65f6\u5c1a\u5957\u88c5"
        ],
        "ptpC": "_mb_mls_10057922_wap-index_noab-noab",
        "sale": 17225,
        "shopId": 1302422548,
        "show": {
          "h": 416,
          "img": "http://s3.mogucdn.com/mlcdn/c45406/180910_72kcibhh4i275l73ik681kbed19aj_640x960.jpg_320x999.jpg",
          "w": 320
        },
        "showLarge": {
          "h": 840,
          "img": "http://s3.mogucdn.com/mlcdn/c45406/180910_72kcibhh4i275l73ik681kbed19aj_640x960.jpg_560x999.jpg",
          "w": 560
        },
        "title": "\u79cb\u5b63\u65b0\u6b3e\u5957\u88c5\u4e24\u4ef6\u5957\u79cb\u88c52018\u65b0\u6b3e\u97e9\u7248chic\u6ce1\u6ce1\u8896\u886c\u886b\u4e0a\u8863+\u9ad8\u8170\u663e\u7626\u725b\u4ed4\u88e4\u5b66\u9662\u98ce\u65f6\u5c1a\u5957\u88c5",
        "titleTags": null,
        "type": 2
      },
      {
        "acm": "3.ms.0_4_1m8o442.0.13385-69004.ni0a4r4QX83wE.t_-sd_117-lc_16",
        "cfav": 28,
        "clientUrl": "http://item.meilishuo.com/h5/detail/1m8o442?acm=3.ms.0_4_1m8o442.0.13385-69004.ni0a4r4QX83wE.t_-sd_117-lc_16",
        "cparam": null,
        "iid": "1m8o442",
        "itemMarks": "-1",
        "itemType": 5,
        "leftbottom_taglist": [],
        "lefttop_taglist": [],
        "link": "http://item.meilishuo.com/h5/detail/1m8o442?acm=3.ms.0_4_1m8o442.0.13385-69004.ni0a4r4QX83wE.t_-sd_117-lc_16",
        "orgPrice": "\uffe5225.72",
        "popularStar": 0,
        "price": "158.00",
        "props": [
          "2018\u65b0\u6b3e\u65f6\u5c1a\u767e\u642d\u9ed1\u8272\u5bbd\u677e\u673a\u8f66\u76ae\u5939\u514b+\u7f51\u7eb1\u534a\u8eab\u88d9\u5957\u88c5\u4e24\u4ef6\u5957"
        ],
        "ptpC": "_mb_mls_10057922_wap-index_noab-noab",
        "sale": 16985,
        "shopId": 1302421618,
        "show": {
          "h": 416,
          "img": "http://s11.mogucdn.com/mlcdn/55cf19/180917_7e2fdc2d8131698jkg69c9586lkel_640x960.jpg_320x999.jpg",
          "w": 320
        },
        "showLarge": {
          "h": 840,
          "img": "http://s3.mogucdn.com/mlcdn/55cf19/180917_7e2fdc2d8131698jkg69c9586lkel_640x960.jpg_560x999.jpg",
          "w": 560
        },
        "title": "2018\u65b0\u6b3e\u65f6\u5c1a\u767e\u642d\u9ed1\u8272\u5bbd\u677e\u673a\u8f66\u76ae\u5939\u514b+\u7f51\u7eb1\u534a\u8eab\u88d9\u5957\u88c5\u4e24\u4ef6\u5957",
        "titleTags": null,
        "type": 2
      },
      {
        "acm": "3.ms.2_1_1lwwv1g.0.70869-69004.ni0a4r4QX83wE.sd_117-c_2_32_405870610_1146666493_15_0-t_-c1_10057922_nil_nil_2_1146666493_20_0-lc_32",
        "cfav": "3203",
        "clientUrl": "http://item.meilishuo.com/h5/detail/1lwwv1g?acm=3.ms.2_1_1lwwv1g.0.70869-69004.ni0a4r4QX83wE.sd_117-c_2_32_405870610_1146666493_15_0-t_-c1_10057922_nil_nil_2_1146666493_20_0-lc_32&cparam=MTUzODA1MzM1M18xZGZhZmtzXzAzNGI5NGNlODAwMjJkZTM3YTU1ZDM3YmQ5NzQ0NzM2XzMyXzE0XzQwNTg3MDYxMF8wXzBfMTVfMF81NjVfMF8w",
        "cparam": "MTUzODA1MzM1M18xZGZhZmtzXzAzNGI5NGNlODAwMjJkZTM3YTU1ZDM3YmQ5NzQ0NzM2XzMyXzE0XzQwNTg3MDYxMF8wXzBfMTVfMF81NjVfMF8w",
        "iid": "1lwwv1g",
        "itemMarks": "1525 352 351",
        "itemType": 7,
        "leftbottom_taglist": [],
        "lefttop_taglist": [],
        "link": "http://item.meilishuo.com/h5/detail/1lwwv1g?acm=3.ms.2_1_1lwwv1g.0.70869-69004.ni0a4r4QX83wE.sd_117-c_2_32_405870610_1146666493_15_0-t_-c1_10057922_nil_nil_2_1146666493_20_0-lc_32&cparam=MTUzODA1MzM1M18xZGZhZmtzXzAzNGI5NGNlODAwMjJkZTM3YTU1ZDM3YmQ5NzQ0NzM2XzMyXzE0XzQwNTg3MDYxMF8wXzBfMTVfMF81NjVfMF8w",
        "orgPrice": "\uffe580.00",
        "popularStar": null,
        "price": "56.00",
        "props": [
          "2018\u65b0\u6b3e\u5973\u88c5\u79cb\u88c5\u7b80\u7ea6\u886c\u886b\u5973\u957f\u8896\u96ea\u7eba\u4e0a\u8863\u767e\u642d\u7eaf\u8272\u97e9\u8303\u6253\u5e95\u886c\u8863\u5973"
        ],
        "ptpC": "_mb_mls_10057922_wap-index_noab-noab",
        "sale": "958",
        "shopId": "108443",
        "show": {
          "h": 416,
          "img": "http://s3.mogucdn.com/mlcdn/c45406/180411_7ei8d3aabhkkg5b6312gh1ckak8f1_640x960.jpg_320x999.jpg",
          "w": 320
        },
        "showLarge": {
          "h": 840,
          "img": "http://s3.mogucdn.com/mlcdn/c45406/180411_7ei8d3aabhkkg5b6312gh1ckak8f1_640x960.jpg_560x999.jpg",
          "w": 560
        },
        "title": "2018\u65b0\u6b3e\u5973\u88c5\u79cb\u88c5\u7b80\u7ea6\u886c\u886b\u5973\u957f\u8896\u96ea\u7eba\u4e0a\u8863\u767e\u642d\u7eaf\u8272\u97e9\u8303\u6253\u5e95\u886c\u8863\u5973",
        "titleTags": null,
        "type": 2
      },
      {
        "acm": "3.ms.2_1_1m2dguq.0.70869-69004.ni0a4r4QX83wE.sd_117-c_2_32_389451082_2000768_16_0-t_-c1_10057922_nil_nil_0_2000768_20_0-lc_32",
        "cfav": "1941",
        "clientUrl": "http://item.meilishuo.com/h5/detail/1m2dguq?acm=3.ms.2_1_1m2dguq.0.70869-69004.ni0a4r4QX83wE.sd_117-c_2_32_389451082_2000768_16_0-t_-c1_10057922_nil_nil_0_2000768_20_0-lc_32&cparam=MTUzODA1MzM1M18xY3Zxa3NzX2Q4MzQyM2JkYmYyYTI4Nzg3NzZiNTk3NmFlNmQyNDBkXzMyXzE1XzM4OTQ1MTA4Ml8wXzIwMDA3NjhfMTZfMF82OV8wXzA=",
        "cparam": "MTUzODA1MzM1M18xY3Zxa3NzX2Q4MzQyM2JkYmYyYTI4Nzg3NzZiNTk3NmFlNmQyNDBkXzMyXzE1XzM4OTQ1MTA4Ml8wXzIwMDA3NjhfMTZfMF82OV8wXzA=",
        "iid": "1m2dguq",
        "itemMarks": "352 351",
        "itemType": 7,
        "leftbottom_taglist": [],
        "lefttop_taglist": [],
        "link": "http://item.meilishuo.com/h5/detail/1m2dguq?acm=3.ms.2_1_1m2dguq.0.70869-69004.ni0a4r4QX83wE.sd_117-c_2_32_389451082_2000768_16_0-t_-c1_10057922_nil_nil_0_2000768_20_0-lc_32&cparam=MTUzODA1MzM1M18xY3Zxa3NzX2Q4MzQyM2JkYmYyYTI4Nzg3NzZiNTk3NmFlNmQyNDBkXzMyXzE1XzM4OTQ1MTA4Ml8wXzIwMDA3NjhfMTZfMF82OV8wXzA=",
        "orgPrice": "\uffe570.00",
        "popularStar": null,
        "price": "49.00",
        "props": [
          "\u96ea\u7eba\u9614\u817f\u88e4\u5973\u6625\u590f\u9ad8\u8170\u9ed1\u8272\u97e9\u72482018\u65b0\u6b3e\u4e5d\u5206\u5bbd\u677e\u663e\u7626\u5ea6\u5047\u6c99\u6ee9\u88e4\u88d9"
        ],
        "ptpC": "_mb_mls_10057922_wap-index_noab-noab",
        "sale": "814",
        "shopId": "281648",
        "show": {
          "h": 416,
          "img": "http://s11.mogucdn.com/mlcdn/17f85e/180529_3bfb1bf04i91k9iaaj78ck4k4k814_640x960.jpg_320x999.jpg",
          "w": 320
        },
        "showLarge": {
          "h": 840,
          "img": "http://s3.mogucdn.com/mlcdn/17f85e/180529_3bfb1bf04i91k9iaaj78ck4k4k814_640x960.jpg_560x999.jpg",
          "w": 560
        },
        "title": "\u96ea\u7eba\u9614\u817f\u88e4\u5973\u6625\u590f\u9ad8\u8170\u9ed1\u8272\u97e9\u72482018\u65b0\u6b3e\u4e5d\u5206\u5bbd\u677e\u663e\u7626\u5ea6\u5047\u6c99\u6ee9\u88e4\u88d9",
        "titleTags": null,
        "type": 2
      },
      {
        "acm": "3.ms.2_1_1m4j83i.0.70869-69004.ni0a4r4QX83wE.sd_117-c_2_32_405868839_1253530977_17_0-t_-c1_10057922_nil_nil_2_1253530977_20_0-lc_32",
        "cfav": "1255",
        "clientUrl": "http://item.meilishuo.com/h5/detail/1m4j83i?acm=3.ms.2_1_1m4j83i.0.70869-69004.ni0a4r4QX83wE.sd_117-c_2_32_405868839_1253530977_17_0-t_-c1_10057922_nil_nil_2_1253530977_20_0-lc_32&cparam=MTUzODA1MzM1M18xZGZhY3VlXzZmMjllMTEzZWU0N2IyMWEzMzVhYzg1NTA4MTljNDdhXzMyXzE2XzQwNTg2ODgzOV8wXzBfMTdfMF81NjVfMF8w",
        "cparam": "MTUzODA1MzM1M18xZGZhY3VlXzZmMjllMTEzZWU0N2IyMWEzMzVhYzg1NTA4MTljNDdhXzMyXzE2XzQwNTg2ODgzOV8wXzBfMTdfMF81NjVfMF8w",
        "iid": "1m4j83i",
        "itemMarks": "1525",
        "itemType": 7,
        "leftbottom_taglist": [],
        "lefttop_taglist": [],
        "link": "http://item.meilishuo.com/h5/detail/1m4j83i?acm=3.ms.2_1_1m4j83i.0.70869-69004.ni0a4r4QX83wE.sd_117-c_2_32_405868839_1253530977_17_0-t_-c1_10057922_nil_nil_2_1253530977_20_0-lc_32&cparam=MTUzODA1MzM1M18xZGZhY3VlXzZmMjllMTEzZWU0N2IyMWEzMzVhYzg1NTA4MTljNDdhXzMyXzE2XzQwNTg2ODgzOV8wXzBfMTdfMF81NjVfMF8w",
        "orgPrice": "\uffe557.00",
        "popularStar": null,
        "price": "39.90",
        "props": [
          "2018\u590f\u88c5\u65b0\u6b3e\u97e9\u8303v\u9886\u4ea4\u53c9\u7c89\u8272\u77ed\u8896T\u6064\u5973\u88c5\u7eaf\u8272\u534a\u622a\u8896\u5c0f\u5fc3\u673a\u4e0a\u8863"
        ],
        "ptpC": "_mb_mls_10057922_wap-index_noab-noab",
        "sale": "710",
        "shopId": "108443",
        "show": {
          "h": 416,
          "img": "http://s3.mogucdn.com/mlcdn/c45406/180620_19fk93bjc8adfg9h7ak978409kei9_640x960.jpg_320x999.jpg",
          "w": 320
        },
        "showLarge": {
          "h": 840,
          "img": "http://s3.mogucdn.com/mlcdn/c45406/180620_19fk93bjc8adfg9h7ak978409kei9_640x960.jpg_560x999.jpg",
          "w": 560
        },
        "title": "2018\u590f\u88c5\u65b0\u6b3e\u97e9\u8303v\u9886\u4ea4\u53c9\u7c89\u8272\u77ed\u8896T\u6064\u5973\u88c5\u7eaf\u8272\u534a\u622a\u8896\u5c0f\u5fc3\u673a\u4e0a\u8863",
        "titleTags": null,
        "type": 2
      },
      {
        "acm": "3.ms.2_1_1lqxuvu.0.70869-69004.ni0a4r4QX83wE.sd_117-c_2_32_437825990_393064631_18_0-t_-c1_10057922_nil_nil_1_393064631_36_0-lc_32",
        "cfav": "4585",
        "clientUrl": "http://item.meilishuo.com/h5/detail/1lqxuvu?acm=3.ms.2_1_1lqxuvu.0.70869-69004.ni0a4r4QX83wE.sd_117-c_2_32_437825990_393064631_18_0-t_-c1_10057922_nil_nil_1_393064631_36_0-lc_32&cparam=MTUzODA1MzM1M18xZWhjOWZvXzE0NDk2YjM3ZmVkZTc4NzZlNzUxMGRjOTQyYzQ1ODllXzMyXzE3XzQzNzgyNTk5MF8wXzBfMThfMF8xNjRfMF8w",
        "cparam": "MTUzODA1MzM1M18xZWhjOWZvXzE0NDk2YjM3ZmVkZTc4NzZlNzUxMGRjOTQyYzQ1ODllXzMyXzE3XzQzNzgyNTk5MF8wXzBfMThfMF8xNjRfMF8w",
        "iid": "1lqxuvu",
        "itemMarks": "1525 352 351",
        "itemType": 7,
        "leftbottom_taglist": [],
        "lefttop_taglist": [],
        "link": "http://item.meilishuo.com/h5/detail/1lqxuvu?acm=3.ms.2_1_1lqxuvu.0.70869-69004.ni0a4r4QX83wE.sd_117-c_2_32_437825990_393064631_18_0-t_-c1_10057922_nil_nil_1_393064631_36_0-lc_32&cparam=MTUzODA1MzM1M18xZWhjOWZvXzE0NDk2YjM3ZmVkZTc4NzZlNzUxMGRjOTQyYzQ1ODllXzMyXzE3XzQzNzgyNTk5MF8wXzBfMThfMF8xNjRfMF8w",
        "orgPrice": "\uffe542.84",
        "popularStar": null,
        "price": "29.98",
        "props": [
          "\u9ad8\u9886\u9ed1\u767d\u6761\u7eb9\u957f\u8896t\u6064\u59732018\u6625\u79cb\u65b0\u6b3e\u97e9\u7248\u5bbd\u677e\u767e\u642d\u5b66\u751f\u5185\u642d\u6253\u5e95\u886b"
        ],
        "ptpC": "_mb_mls_10057922_wap-index_noab-noab",
        "sale": "657",
        "shopId": "20234338",
        "show": {
          "h": 416,
          "img": "http://s3.mogucdn.com/mlcdn/c45406/180126_39bjhej66kb2l48554kk0ld4d2fdc_640x960.jpg_320x999.jpg",
          "w": 320
        },
        "showLarge": {
          "h": 840,
          "img": "http://s3.mogucdn.com/mlcdn/c45406/180126_39bjhej66kb2l48554kk0ld4d2fdc_640x960.jpg_560x999.jpg",
          "w": 560
        },
        "title": "\u9ad8\u9886\u9ed1\u767d\u6761\u7eb9\u957f\u8896t\u6064\u59732018\u6625\u79cb\u65b0\u6b3e\u97e9\u7248\u5bbd\u677e\u767e\u642d\u5b66\u751f\u5185\u642d\u6253\u5e95\u886b",
        "titleTags": null,
        "type": 2
      }
    ],
    "page": 1,
    "param": {
      "_mgjuuid": "0562860a-d8e2-4105-8c24-73894fd233d4",
      "cKey": "wap-index",
      "cpcEventId": 70005,
      "cpc_offset": 0,
      "eventId": 70003,
      "fcid": "10057922",
      "page": "1",
      "ptpPartC": "_mb_mls_10057922_wap-index_noab-noab",
      "ptpWallCpc": "_wall_cpc",
      "ptpWallDoc": "_wall_docs",
      "section": "0",
      "sort": "sell"
    },
    "ptpPartC": "_mb_mls_10057922_wap-index_noab-noab",
    "sort": "sell",
    "title": "\u7f8e\u4e3d\u8bf4wap\u9996\u9875",
    "total": 41770
  },
  "returnCode": "1001",
  "returnMessage": null,
  "success": true
}
